category,rank,player_id,player_name,team_name,position,age,minutes,goals,assists,goals_per90,assists_per90,attacking_score,creative_score,defensive_score,discipline_score,overall_score,dribbling_score,passing_score,duel_defending_score,progressive_midfielder_score,passer_defender_score,goalkeeper_score,age_bonus,reliability_bonus,age_potential_score,team_average_score,score_above_team_average,standout_bonus,weak_team_bonus,underrated_score
top_scorers,1,129013,Marko Livaja,Hajduk Split,Attacker,32,3097.0,19.0,10.0,0.5521472392638037,0.290603810138844,92.72727272727272,50.90909090909091,25.45454545454545,58.415841584158414,56.56885688568857,67.98679867986799,33.56435643564357,25.742574257425744,71.36363636363636,35.0,,0.0,8.0,64.56885688568858,49.584473497440825,6.984383388247743,3.4921916941238718,0.36202317393019,60.42307175374263
top_scorers,2,540173,Sandro Kulenovic,Dinamo Zagreb,Attacker,26,1910.0,15.0,0.0,0.7068062827225131,0.0,96.96969696969695,36.06060606060606,38.78787878787879,91.08910891089108,60.65436543654366,47.19471947194719,29.851485148514847,35.99009900990099,25.0,41.32575757575758,,0.0,5.346534653465346,66.000900090009,63.406236779025285,-2.7518713424816283,0.0,0.0,60.65436543654366
top_scorers,3,54693,Robert Mudrazija,Lokomotiva Zagreb,Midfielder,29,2600.0,14.0,2.0,0.4846153846153846,0.0692307692307692,93.44262295081968,31.69398907103825,24.04371584699453,85.14851485148515,53.26894984580424,53.46534653465346,47.12871287128713,28.267326732673265,47.131147540983605,28.825136612021858,,0.0,6.891089108910891,60.160038954715134,47.31337146692811,5.955578378876133,2.9777891894380666,1.4975741891865475,57.74431322442887
top_scorers,4,37543226,Toni Fruk,Rijeka,Midfielder,25,2645.0,10.0,10.0,0.3402646502835538,0.3402646502835538,89.61748633879783,43.71584699453552,13.661202185792348,48.01980198019802,48.90034085375751,82.34323432343236,56.93069306930694,17.400990099009903,78.27868852459017,28.346994535519123,,0.0,6.970297029702971,55.87063788346048,51.55523601085063,-2.654895157093115,0.0,0.0,48.90034085375751
top_scorers,5,496680,Arnel Jakupovic,Osijek,Attacker,28,2315.0,9.0,3.0,0.3498920086393088,0.1166306695464362,74.54545454545455,38.48484848484849,12.12121212121212,50.99009900990099,42.64446444644464,38.77887788778877,30.940594059405942,23.886138613861384,32.72727272727273,22.08333333333333,,0.0,6.178217821782178,48.822682268226814,52.198656341043936,-9.5541918945993,0.0,0.0,42.64446444644464
top_scorers,6,26336984,Niko Jankovic,Rijeka,Midfielder,24,2995.0,8.0,2.0,0.2404006677796327,0.0601001669449081,80.327868852459,23.49726775956284,29.508196721311474,56.43564356435643,45.64356435643565,56.76567656765676,46.03960396039604,33.56435643564357,43.85245901639344,27.868852459016395,,0.0,7.841584158415842,53.48514851485149,51.55523601085063,-5.911671654414981,0.0,0.0,45.64356435643565
top_scorers,7,7745870,Dimitar Mitrovski,Varaždin,Attacker,27,2111.0,8.0,1.0,0.3410705826622454,0.0426338228327806,73.93939393939395,66.66666666666667,77.57575757575756,35.148514851485146,68.96939693969397,80.6930693069307,67.22772277227723,30.420792079207928,74.54545454545453,85.15151515151516,,0.0,5.702970297029703,74.67236723672367,48.29913047958605,20.67026646010792,10.33513323005396,1.0046946828575791,80.3092248526055
top_scorers,8,37582788,Vinko Rozic,Istra 1961,Attacker,22,1063.0,7.0,1.0,0.5926622765757291,0.0846660395108184,96.96969696969698,57.57575757575759,41.21212121212121,59.900990099009896,64.71737173717372,66.17161716171618,47.42574257425743,15.123762376237622,52.727272727272734,52.65151515151516,,2.0,2.217821782178218,68.93519351935194,49.340686507175306,15.376685229998415,7.688342614999208,0.4839166690629497,72.88963102123589
top_scorers,9,73913,Ilija Nestorovski,Slaven Koprivnica,Attacker,36,1866.0,7.0,2.0,0.337620578778135,0.0964630225080385,79.39393939393939,43.63636363636363,35.75757575757576,28.960396039603964,50.53240324032403,73.43234323432343,29.603960396039604,34.36881188118812,43.18181818181819,41.96969696969697,,0.0,5.089108910891089,55.62151215121512,51.30896541384557,-0.7765621735215404,0.0,0.0,50.53240324032403
top_scorers,10,73704,Alen Grgic,Slaven Koprivnica,Attacker,31,2478.0,7.0,8.0,0.2542372881355932,0.2905569007263922,62.424242424242415,78.18181818181819,51.21212121212121,43.56435643564357,61.9018901890189,39.93399339933993,53.66336633663366,36.28712871287129,70.0,63.10606060606061,,0.0,6.6138613861386135,68.51575157515751,51.30896541384557,10.59292477517333,5.296462387586665,0.0,67.19835257660557
top_scorers,11,31926,Ivan Santini,Šibenik,Attacker,37,2574.0,7.0,1.0,0.2447552447552447,0.0349650349650349,60.6060606060606,34.54545454545454,50.909090909090914,12.376237623762378,45.05580558055805,65.51155115511551,20.445544554455445,45.02475247524752,30.454545454545453,43.86363636363637,,0.0,6.811881188118812,51.86768676867686,45.37125340014588,-0.3154478195878312,0.0,2.4686332225776617,47.52443880313571
top_scorers,12,72857,Duje Cop,Rijeka,Attacker,36,1608.0,6.0,2.0,0.3358208955223881,0.1119402985074626,80.60606060606061,28.48484848484848,16.363636363636363,90.0990099009901,46.646264626462646,34.9009900990099,20.891089108910894,15.94059405940594,27.272727272727277,17.727272727272727,,0.0,4.475247524752476,51.12151215121512,51.55523601085063,-4.908971384387982,0.0,0.0,46.646264626462646
top_scorers,13,5270359,Silvio Gorican,Lokomotiva Zagreb,Attacker,26,2700.0,6.0,4.0,0.2,0.1333333333333333,55.15151515151515,58.18181818181819,30.909090909090907,60.3960396039604,49.31233123312332,58.91089108910891,51.78217821782179,11.782178217821784,66.81818181818181,48.86363636363636,,0.0,7.089108910891088,56.4014401440144,47.31337146692811,1.998959766195206,0.999479883097603,1.4975741891865475,51.809385305407474
top_scorers,14,338593,Stjepan Loncar,Istra 1961,Midfielder,29,1043.0,6.0,1.0,0.5177372962607862,0.0862895493767977,96.72131147540983,54.64480874316939,24.590163934426236,59.4059405940594,58.72747930530758,66.00660066006601,74.75247524752476,25.297029702970296,74.18032786885246,44.67213114754099,,0.0,2.0792079207920797,60.80668722609966,49.340686507175306,9.386792798132277,4.693396399066138,0.4839166690629497,63.90479237343667
top_scorers,15,109643,Hernâni,Osijek,Attacker,34,1191.0,6.0,3.0,0.4534005037783375,0.2267002518891687,87.87878787878788,41.81818181818182,33.93939393939394,96.2871287128713,58.71962196219621,64.27392739273928,42.87128712871287,13.576732673267324,72.27272727272728,35.6060606060606,,0.0,2.772277227722772,61.49189918991899,52.198656341043936,6.520965621152278,3.260482810576139,0.0,61.98010477277235
top_assists,1,37550680,Martin Baturina,Dinamo Zagreb,Midfielder,23,2380.0,4.0,10.0,0.1512605042016806,0.3781512605042016,69.12568306010928,86.33879781420764,20.21857923497268,82.67326732673267,60.97224476546014,86.63366336633663,82.17821782178218,20.024752475247528,82.37704918032787,48.63387978142077,,0.0,6.356435643564357,67.3286804090245,63.406236779025285,-2.4339920135651454,0.0,0.0,60.97224476546014
top_assists,2,37543226,Toni Fruk,Rijeka,Midfielder,25,2645.0,10.0,10.0,0.3402646502835538,0.3402646502835538,89.61748633879783,43.71584699453552,13.661202185792348,48.01980198019802,48.90034085375751,82.34323432343236,56.93069306930694,17.400990099009903,78.27868852459017,28.346994535519123,,0.0,6.970297029702971,55.87063788346048,51.55523601085063,-2.654895157093115,0.0,0.0,48.90034085375751
top_assists,3,129013,Marko Livaja,Hajduk Split,Attacker,32,3097.0,19.0,10.0,0.5521472392638037,0.290603810138844,92.72727272727272,50.90909090909091,25.45454545454545,58.415841584158414,56.56885688568857,67.98679867986799,33.56435643564357,25.742574257425744,71.36363636363636,35.0,,0.0,8.0,64.56885688568858,49.584473497440825,6.984383388247743,3.4921916941238718,0.36202317393019,60.42307175374263
top_assists,4,73704,Alen Grgic,Slaven Koprivnica,Attacker,31,2478.0,7.0,8.0,0.2542372881355932,0.2905569007263922,62.424242424242415,78.18181818181819,51.21212121212121,43.56435643564357,61.9018901890189,39.93399339933993,53.66336633663366,36.28712871287129,70.0,63.10606060606061,,0.0,6.6138613861386135,68.51575157515751,51.30896541384557,10.59292477517333,5.296462387586665,0.0,67.19835257660557
top_assists,5,73448,Marko Pjaca,Dinamo Zagreb,Attacker,31,2384.0,6.0,6.0,0.2265100671140939,0.2265100671140939,53.63636363636363,93.33333333333331,60.0,96.2871287128713,71.71962196219621,60.39603960396039,65.64356435643563,26.745049504950497,77.72727272727272,73.86363636363636,,0.0,6.415841584158417,78.13546354635463,63.406236779025285,8.31338518317093,4.156692591585465,0.0,75.87631455378168
top_assists,6,37324970,Marko Soldo,Osijek,Midfielder,22,2357.0,6.0,5.0,0.2291047942299533,0.1909206618582944,84.69945355191255,40.43715846994535,60.10928961748633,72.27722772277227,62.8014932640805,77.39273927392739,44.45544554455446,63.96039603960396,68.44262295081967,47.06284153005464,,2.0,6.257425742574258,71.05891900665476,52.198656341043936,10.602836923036564,5.301418461518281,0.0,68.10291172559877
top_assists,7,37613457,Beyatt Lekoueiry,Istra 1961,Midfielder,21,1036.0,3.0,5.0,0.2606177606177606,0.4343629343629344,76.775956284153,42.07650273224044,15.846994535519128,18.31683168316832,42.24151923389059,69.3069306930693,43.26732673267327,19.97524752475248,71.31147540983606,23.702185792349727,,4.0,2.01980198019802,48.26132121408861,49.340686507175306,-7.0991672732847135,0.0,0.4839166690629497,42.72543590295354
top_assists,8,37563601,Luka Stojkovic,Dinamo Zagreb,Midfielder,22,1542.0,6.0,5.0,0.3501945525291828,0.2918287937743191,90.1639344262295,75.95628415300546,57.92349726775956,57.92079207920792,73.00519396201913,76.07260726072609,83.66336633663367,50.51980198019802,86.88524590163934,67.89617486338798,,2.0,4.158415841584159,79.1636098036033,63.406236779025285,9.59895718299385,4.799478591496925,0.0,77.80467255351606
top_assists,9,37596430,Simun Hrgovic,Hajduk Split,Defender,22,2033.0,0.0,5.0,0.0,0.2213477619281849,41.2037037037037,55.09259259259259,34.25925925925926,91.5841584158416,48.32508250825082,40.92409240924092,51.881188118811885,49.48019801980198,68.75,38.83101851851852,,2.0,5.584158415841583,55.90924092409241,49.584473497440825,-1.2593909891900026,0.0,0.36202317393019,48.68710568218101
top_assists,10,37540937,Mateo Lisica,Istra 1961,Attacker,22,2702.0,4.0,5.0,0.1332346410066617,0.1665433012583271,31.818181818181817,60.6060606060606,65.45454545454545,96.2871287128713,56.99234923492349,62.04620462046205,44.95049504950496,28.329207920792083,57.72727272727273,60.68181818181818,,2.0,7.128712871287129,66.12106210621062,49.340686507175306,7.651662727748182,3.825831363874091,0.4839166690629497,61.30209726786053
top_assists,11,527767,Naïs Djouahra,Rijeka,Attacker,26,1823.0,4.0,4.0,0.1974766867800329,0.1974766867800329,43.333333333333336,70.9090909090909,54.54545454545454,90.5940594059406,59.69576957695769,53.46534653465346,53.56435643564356,22.004950495049503,80.45454545454544,60.22727272727272,,0.0,4.99009900990099,64.68586858685867,51.55523601085063,8.14053356610706,4.07026678305353,0.0,63.76603636001121
top_assists,12,37582792,Luka Mamic,Varaždin,Midfielder,23,2003.0,3.0,4.0,0.1347978032950574,0.1797304043934099,69.39890710382515,50.27322404371585,20.765027322404368,80.1980198019802,50.15094952118163,63.28382838283829,50.0990099009901,39.60396039603961,67.62295081967213,31.69398907103825,,0.0,5.5049504950495045,55.655900016231136,48.29913047958605,1.8518190415955829,0.9259095207977914,1.0046946828575791,52.08155372483699
top_assists,13,29992,Ivan Rakitić,Hajduk Split,Midfielder,38,3065.0,2.0,4.0,0.0587275693311582,0.1174551386623164,42.07650273224044,77.59562841530054,60.928961748633874,64.60396039603961,60.64072390845642,33.993399339933994,90.0990099009901,48.27970297029702,67.62295081967213,74.1120218579235,,0.0,7.96039603960396,68.60111994806039,49.584473497440825,11.056250411015595,5.528125205507799,0.36202317393019,66.53087228789443
top_assists,14,37287242,Ivan Laća,Šibenik,Attacker,23,1545.0,3.0,4.0,0.174757281553398,0.233009708737864,35.15151515151515,64.84848484848484,80.60606060606061,96.2871287128713,63.81053105310532,41.006600660066006,47.12871287128713,51.00247524752476,60.90909090909091,70.53030303030303,,0.0,4.198019801980198,68.00855085508552,45.37125340014588,18.439277652959436,9.219638826479716,2.4686332225776617,75.4988031021627
top_assists,15,73932,Fran Karacic,Lokomotiva Zagreb,Defender,30,3030.0,4.0,4.0,0.1188118811881188,0.1188118811881188,83.7962962962963,42.129629629629626,35.18518518518518,46.53465346534653,52.98679867986799,45.04950495049505,58.11881188118812,62.97029702970298,86.80555555555556,41.72453703703704,,0.0,7.881188118811881,60.867986798679866,47.31337146692811,5.6734272129398775,2.8367136064699388,1.4975741891865475,57.32108647552448
best_u23,1,37563601,Luka Stojkovic,Dinamo Zagreb,Midfielder,22,1542.0,6.0,5.0,0.3501945525291828,0.2918287937743191,90.1639344262295,75.95628415300546,57.92349726775956,57.92079207920792,73.00519396201913,76.07260726072609,83.66336633663367,50.51980198019802,86.88524590163934,67.89617486338798,,2.0,4.158415841584159,79.1636098036033,63.406236779025285,9.59895718299385,4.799478591496925,0.0,77.80467255351606
best_u23,2,37569839,Lukas Kacavenda,Dinamo Zagreb,Midfielder,23,733.0,2.0,3.0,0.2455661664392905,0.3683492496589359,86.88524590163934,65.02732240437159,64.48087431693989,69.8019801980198,71.89823080668721,85.47854785478548,60.4950495049505,47.00495049504951,70.08196721311475,56.4207650273224,,0.0,0.9504950495049505,72.84872585619216,63.406236779025285,8.491994027661924,4.245997013830962,0.0,76.14422782051817
best_u23,3,37544959,Moris Valincic,Istra 1961,Defender,23,2619.0,1.0,2.0,0.0343642611683848,0.0687285223367697,63.888888888888886,71.75925925925925,75.92592592592594,47.52475247524752,68.22469746974699,80.03300330033004,64.45544554455446,68.76237623762377,64.93055555555556,69.03935185185185,,0.0,6.930693069306931,75.15539053905391,49.340686507175306,18.88401096257168,9.44200548128584,0.4839166690629497,78.15061962009577
best_u23,4,37325018,Emin Hasic,Osijek,Defender,23,1320.0,2.0,1.0,0.1363636363636363,0.0681818181818181,92.12962962962963,53.24074074074073,70.83333333333333,19.306930693069305,66.79180418041803,35.64356435643565,49.9009900990099,78.14356435643563,52.43055555555556,59.201388888888886,,0.0,3.287128712871287,70.07893289328932,52.198656341043936,14.59314783937409,7.296573919687045,0.0,74.08837810010507
best_u23,5,37560492,Ivan Cvijanovic,Osijek,Defender,22,888.0,1.0,1.0,0.1013513513513513,0.1013513513513513,92.3611111111111,44.44444444444445,64.81481481481482,49.00990099009901,65.38710121012102,48.43234323432343,45.54455445544555,73.39108910891089,57.638888888888886,44.56018518518519,,2.0,1.4257425742574257,68.81284378437844,52.198656341043936,13.18844486907708,6.5942224345385405,0.0,71.98132364465955
best_u23,6,37582788,Vinko Rozic,Istra 1961,Attacker,22,1063.0,7.0,1.0,0.5926622765757291,0.0846660395108184,96.96969696969698,57.57575757575759,41.21212121212121,59.900990099009896,64.71737173717372,66.17161716171618,47.42574257425743,15.123762376237622,52.727272727272734,52.65151515151516,,2.0,2.217821782178218,68.93519351935194,49.340686507175306,15.376685229998415,7.688342614999208,0.4839166690629497,72.88963102123589
best_u23,7,37694071,Niko Sigur,Hajduk Split,Midfielder,22,1612.0,3.0,1.0,0.1674937965260546,0.0558312655086848,73.224043715847,57.377049180327866,75.95628415300547,20.29702970297029,63.99691608505113,78.87788778877888,48.01980198019802,54.38118811881189,34.01639344262296,58.87978142076504,,2.0,4.514851485148514,70.51176757019965,49.584473497440825,14.412442587610307,7.206221293805154,0.36202317393019,71.56516055278647
best_u23,8,37287242,Ivan Laća,Šibenik,Attacker,23,1545.0,3.0,4.0,0.174757281553398,0.233009708737864,35.15151515151515,64.84848484848484,80.60606060606061,96.2871287128713,63.81053105310532,41.006600660066006,47.12871287128713,51.00247524752476,60.90909090909091,70.53030303030303,,0.0,4.198019801980198,68.00855085508552,45.37125340014588,18.439277652959436,9.219638826479716,2.4686332225776617,75.4988031021627
best_u23,9,37324970,Marko Soldo,Osijek,Midfielder,22,2357.0,6.0,5.0,0.2291047942299533,0.1909206618582944,84.69945355191255,40.43715846994535,60.10928961748633,72.27722772277227,62.8014932640805,77.39273927392739,44.45544554455446,63.96039603960396,68.44262295081967,47.06284153005464,,2.0,6.257425742574258,71.05891900665476,52.198656341043936,10.602836923036564,5.301418461518281,0.0,68.10291172559877
best_u23,10,37704799,Adriano Jagusic,Slaven Koprivnica,Midfielder,20,1526.0,3.0,3.0,0.1769331585845347,0.1769331585845347,68.30601092896175,56.28415300546448,62.29508196721312,56.93069306930693,61.75864307742249,75.08250825082509,64.95049504950495,45.915841584158414,77.45901639344262,60.24590163934426,,6.0,4.03960396039604,71.79824703781853,51.30896541384557,10.44967766357692,5.22483883178846,0.0,66.98348190921095
best_u23,11,37550680,Martin Baturina,Dinamo Zagreb,Midfielder,23,2380.0,4.0,10.0,0.1512605042016806,0.3781512605042016,69.12568306010928,86.33879781420764,20.21857923497268,82.67326732673267,60.97224476546014,86.63366336633663,82.17821782178218,20.024752475247528,82.37704918032787,48.63387978142077,,0.0,6.356435643564357,67.3286804090245,63.406236779025285,-2.4339920135651454,0.0,0.0,60.97224476546014
best_u23,12,37607123,Juan Córdoba,Dinamo Zagreb,Attacker,22,551.0,1.0,2.0,0.1633393829401088,0.3266787658802177,47.87878787878788,98.7878787878788,50.30303030303031,4.455445544554465,59.53645364536454,59.48844884488449,54.950495049504944,14.628712871287131,55.45454545454545,60.83333333333333,,2.0,0.4554455445544555,61.991899189919,63.406236779025285,-3.8697831336607456,0.0,0.0,59.53645364536454
best_u23,13,37583451,Gabriel Rukavina,Rijeka,Attacker,22,1100.0,3.0,1.0,0.2454545454545454,0.0818181818181818,64.24242424242424,48.78787878787878,63.03030303030303,61.13861386138614,58.93204320432043,73.26732673267327,32.32673267326733,34.04702970297029,48.63636363636363,52.99242424242424,,2.0,2.415841584158416,63.34788478847885,51.55523601085063,7.376807193469801,3.6884035967349007,0.0,62.62044680105533
best_u23,14,28912771,Adrion Pajaziti,Gorica,Midfielder,23,1569.0,3.0,0.0,0.1720841300191204,0.0,79.23497267759564,62.56830601092896,30.054644808743166,71.78217821782178,58.7355948709625,86.13861386138613,71.08910891089108,27.995049504950494,48.97540983606557,48.428961748633874,,0.0,4.316831683168317,63.05242655413082,44.70718855697045,14.02840631399205,7.014203156996025,2.800665644165377,68.5504636721239
best_u23,15,37528365,Nail Omerovic,Osijek,Attacker,23,2264.0,4.0,4.0,0.1590106007067137,0.1590106007067137,42.121212121212125,69.09090909090908,71.51515151515152,31.1881188118812,57.936993699369935,77.22772277227722,51.08910891089109,40.12376237623762,78.18181818181817,70.53030303030303,,0.0,6.01980198019802,63.95679567956795,52.198656341043936,5.738337358326,2.869168679163,0.0,60.80616237853293
best_young_talents,1,37563601,Luka Stojkovic,Dinamo Zagreb,Midfielder,22,1542.0,6.0,5.0,0.3501945525291828,0.2918287937743191,90.1639344262295,75.95628415300546,57.92349726775956,57.92079207920792,73.00519396201913,76.07260726072609,83.66336633663367,50.51980198019802,86.88524590163934,67.89617486338798,,2.0,4.158415841584159,79.1636098036033,63.406236779025285,9.59895718299385,4.799478591496925,0.0,77.80467255351606
best_young_talents,2,37544959,Moris Valincic,Istra 1961,Defender,23,2619.0,1.0,2.0,0.0343642611683848,0.0687285223367697,63.888888888888886,71.75925925925925,75.92592592592594,47.52475247524752,68.22469746974699,80.03300330033004,64.45544554455446,68.76237623762377,64.93055555555556,69.03935185185185,,0.0,6.930693069306931,75.15539053905391,49.340686507175306,18.88401096257168,9.44200548128584,0.4839166690629497,78.15061962009577
best_young_talents,3,37569839,Lukas Kacavenda,Dinamo Zagreb,Midfielder,23,733.0,2.0,3.0,0.2455661664392905,0.3683492496589359,86.88524590163934,65.02732240437159,64.48087431693989,69.8019801980198,71.89823080668721,85.47854785478548,60.4950495049505,47.00495049504951,70.08196721311475,56.4207650273224,,0.0,0.9504950495049505,72.84872585619216,63.406236779025285,8.491994027661924,4.245997013830962,0.0,76.14422782051817
best_young_talents,4,37704799,Adriano Jagusic,Slaven Koprivnica,Midfielder,20,1526.0,3.0,3.0,0.1769331585845347,0.1769331585845347,68.30601092896175,56.28415300546448,62.29508196721312,56.93069306930693,61.75864307742249,75.08250825082509,64.95049504950495,45.915841584158414,77.45901639344262,60.24590163934426,,6.0,4.03960396039604,71.79824703781853,51.30896541384557,10.44967766357692,5.22483883178846,0.0,66.98348190921095
best_young_talents,5,37324970,Marko Soldo,Osijek,Midfielder,22,2357.0,6.0,5.0,0.2291047942299533,0.1909206618582944,84.69945355191255,40.43715846994535,60.10928961748633,72.27722772277227,62.8014932640805,77.39273927392739,44.45544554455446,63.96039603960396,68.44262295081967,47.06284153005464,,2.0,6.257425742574258,71.05891900665476,52.198656341043936,10.602836923036564,5.301418461518281,0.0,68.10291172559877
best_young_talents,6,37694071,Niko Sigur,Hajduk Split,Midfielder,22,1612.0,3.0,1.0,0.1674937965260546,0.0558312655086848,73.224043715847,57.377049180327866,75.95628415300547,20.29702970297029,63.99691608505113,78.87788778877888,48.01980198019802,54.38118811881189,34.01639344262296,58.87978142076504,,2.0,4.514851485148514,70.51176757019965,49.584473497440825,14.412442587610307,7.206221293805154,0.36202317393019,71.56516055278647
best_young_talents,7,37325018,Emin Hasic,Osijek,Defender,23,1320.0,2.0,1.0,0.1363636363636363,0.0681818181818181,92.12962962962963,53.24074074074073,70.83333333333333,19.306930693069305,66.79180418041803,35.64356435643565,49.9009900990099,78.14356435643563,52.43055555555556,59.201388888888886,,0.0,3.287128712871287,70.07893289328932,52.198656341043936,14.59314783937409,7.296573919687045,0.0,74.08837810010507
best_young_talents,8,37582788,Vinko Rozic,Istra 1961,Attacker,22,1063.0,7.0,1.0,0.5926622765757291,0.0846660395108184,96.96969696969698,57.57575757575759,41.21212121212121,59.900990099009896,64.71737173717372,66.17161716171618,47.42574257425743,15.123762376237622,52.727272727272734,52.65151515151516,,2.0,2.217821782178218,68.93519351935194,49.340686507175306,15.376685229998415,7.688342614999208,0.4839166690629497,72.88963102123589
best_young_talents,9,37560492,Ivan Cvijanovic,Osijek,Defender,22,888.0,1.0,1.0,0.1013513513513513,0.1013513513513513,92.3611111111111,44.44444444444445,64.81481481481482,49.00990099009901,65.38710121012102,48.43234323432343,45.54455445544555,73.39108910891089,57.638888888888886,44.56018518518519,,2.0,1.4257425742574257,68.81284378437844,52.198656341043936,13.18844486907708,6.5942224345385405,0.0,71.98132364465955
best_young_talents,10,37287242,Ivan Laća,Šibenik,Attacker,23,1545.0,3.0,4.0,0.174757281553398,0.233009708737864,35.15151515151515,64.84848484848484,80.60606060606061,96.2871287128713,63.81053105310532,41.006600660066006,47.12871287128713,51.00247524752476,60.90909090909091,70.53030303030303,,0.0,4.198019801980198,68.00855085508552,45.37125340014588,18.439277652959436,9.219638826479716,2.4686332225776617,75.4988031021627
best_young_talents,11,37550680,Martin Baturina,Dinamo Zagreb,Midfielder,23,2380.0,4.0,10.0,0.1512605042016806,0.3781512605042016,69.12568306010928,86.33879781420764,20.21857923497268,82.67326732673267,60.97224476546014,86.63366336633663,82.17821782178218,20.024752475247528,82.37704918032787,48.63387978142077,,0.0,6.356435643564357,67.3286804090245,63.406236779025285,-2.4339920135651454,0.0,0.0,60.97224476546014
best_young_talents,12,37744101,Agyemang Morrison,Šibenik,Defender,21,2790.0,2.0,1.0,0.064516129032258,0.032258064516129,66.43518518518519,52.31481481481482,43.98148148148149,61.88118811881188,55.00756325632563,26.15511551155116,52.57425742574257,70.56930693069307,35.06944444444444,47.51157407407408,,4.0,7.405940594059405,66.41350385038504,45.37125340014588,9.63630985617975,4.818154928089875,2.4686332225776617,62.29435140699317
best_young_talents,13,37540937,Mateo Lisica,Istra 1961,Attacker,22,2702.0,4.0,5.0,0.1332346410066617,0.1665433012583271,31.818181818181817,60.6060606060606,65.45454545454545,96.2871287128713,56.99234923492349,62.04620462046205,44.95049504950496,28.329207920792083,57.72727272727273,60.68181818181818,,2.0,7.128712871287129,66.12106210621062,49.340686507175306,7.651662727748182,3.825831363874091,0.4839166690629497,61.30209726786053
best_young_talents,14,37528365,Nail Omerovic,Osijek,Attacker,23,2264.0,4.0,4.0,0.1590106007067137,0.1590106007067137,42.121212121212125,69.09090909090908,71.51515151515152,31.1881188118812,57.936993699369935,77.22772277227722,51.08910891089109,40.12376237623762,78.18181818181817,70.53030303030303,,0.0,6.01980198019802,63.95679567956795,52.198656341043936,5.738337358326,2.869168679163,0.0,60.80616237853293
best_young_talents,15,37596442,Dominik Prpić,Hajduk Split,Defender,22,2461.0,0.0,2.0,0.0,0.0731409995936611,29.62962962962963,83.33333333333333,56.94444444444445,43.069306930693074,55.279152915291526,31.43564356435644,59.702970297029694,73.93564356435644,44.79166666666667,59.027777777777786,,2.0,6.554455445544554,63.83360836083608,49.584473497440825,5.6946794178507005,2.8473397089253503,0.36202317393019,58.48851579814707
best_u23_players_by_potential,1,37563601,Luka Stojkovic,Dinamo Zagreb,Midfielder,22,1542.0,6.0,5.0,0.3501945525291828,0.2918287937743191,90.1639344262295,75.95628415300546,57.92349726775956,57.92079207920792,73.00519396201913,76.07260726072609,83.66336633663367,50.51980198019802,86.88524590163934,67.89617486338798,,2.0,4.158415841584159,79.1636098036033,63.406236779025285,9.59895718299385,4.799478591496925,0.0,77.80467255351606
best_u23_players_by_potential,2,37544959,Moris Valincic,Istra 1961,Defender,23,2619.0,1.0,2.0,0.0343642611683848,0.0687285223367697,63.888888888888886,71.75925925925925,75.92592592592594,47.52475247524752,68.22469746974699,80.03300330033004,64.45544554455446,68.76237623762377,64.93055555555556,69.03935185185185,,0.0,6.930693069306931,75.15539053905391,49.340686507175306,18.88401096257168,9.44200548128584,0.4839166690629497,78.15061962009577
best_u23_players_by_potential,3,37569839,Lukas Kacavenda,Dinamo Zagreb,Midfielder,23,733.0,2.0,3.0,0.2455661664392905,0.3683492496589359,86.88524590163934,65.02732240437159,64.48087431693989,69.8019801980198,71.89823080668721,85.47854785478548,60.4950495049505,47.00495049504951,70.08196721311475,56.4207650273224,,0.0,0.9504950495049505,72.84872585619216,63.406236779025285,8.491994027661924,4.245997013830962,0.0,76.14422782051817
best_u23_players_by_potential,4,37704799,Adriano Jagusic,Slaven Koprivnica,Midfielder,20,1526.0,3.0,3.0,0.1769331585845347,0.1769331585845347,68.30601092896175,56.28415300546448,62.29508196721312,56.93069306930693,61.75864307742249,75.08250825082509,64.95049504950495,45.915841584158414,77.45901639344262,60.24590163934426,,6.0,4.03960396039604,71.79824703781853,51.30896541384557,10.44967766357692,5.22483883178846,0.0,66.98348190921095
best_u23_players_by_potential,5,37324970,Marko Soldo,Osijek,Midfielder,22,2357.0,6.0,5.0,0.2291047942299533,0.1909206618582944,84.69945355191255,40.43715846994535,60.10928961748633,72.27722772277227,62.8014932640805,77.39273927392739,44.45544554455446,63.96039603960396,68.44262295081967,47.06284153005464,,2.0,6.257425742574258,71.05891900665476,52.198656341043936,10.602836923036564,5.301418461518281,0.0,68.10291172559877
best_u23_players_by_potential,6,37694071,Niko Sigur,Hajduk Split,Midfielder,22,1612.0,3.0,1.0,0.1674937965260546,0.0558312655086848,73.224043715847,57.377049180327866,75.95628415300547,20.29702970297029,63.99691608505113,78.87788778877888,48.01980198019802,54.38118811881189,34.01639344262296,58.87978142076504,,2.0,4.514851485148514,70.51176757019965,49.584473497440825,14.412442587610307,7.206221293805154,0.36202317393019,71.56516055278647
best_u23_players_by_potential,7,37325018,Emin Hasic,Osijek,Defender,23,1320.0,2.0,1.0,0.1363636363636363,0.0681818181818181,92.12962962962963,53.24074074074073,70.83333333333333,19.306930693069305,66.79180418041803,35.64356435643565,49.9009900990099,78.14356435643563,52.43055555555556,59.201388888888886,,0.0,3.287128712871287,70.07893289328932,52.198656341043936,14.59314783937409,7.296573919687045,0.0,74.08837810010507
best_u23_players_by_potential,8,37582788,Vinko Rozic,Istra 1961,Attacker,22,1063.0,7.0,1.0,0.5926622765757291,0.0846660395108184,96.96969696969698,57.57575757575759,41.21212121212121,59.900990099009896,64.71737173717372,66.17161716171618,47.42574257425743,15.123762376237622,52.727272727272734,52.65151515151516,,2.0,2.217821782178218,68.93519351935194,49.340686507175306,15.376685229998415,7.688342614999208,0.4839166690629497,72.88963102123589
best_u23_players_by_potential,9,37560492,Ivan Cvijanovic,Osijek,Defender,22,888.0,1.0,1.0,0.1013513513513513,0.1013513513513513,92.3611111111111,44.44444444444445,64.81481481481482,49.00990099009901,65.38710121012102,48.43234323432343,45.54455445544555,73.39108910891089,57.638888888888886,44.56018518518519,,2.0,1.4257425742574257,68.81284378437844,52.198656341043936,13.18844486907708,6.5942224345385405,0.0,71.98132364465955
best_u23_players_by_potential,10,37287242,Ivan Laća,Šibenik,Attacker,23,1545.0,3.0,4.0,0.174757281553398,0.233009708737864,35.15151515151515,64.84848484848484,80.60606060606061,96.2871287128713,63.81053105310532,41.006600660066006,47.12871287128713,51.00247524752476,60.90909090909091,70.53030303030303,,0.0,4.198019801980198,68.00855085508552,45.37125340014588,18.439277652959436,9.219638826479716,2.4686332225776617,75.4988031021627
best_u23_players_by_potential,11,37550680,Martin Baturina,Dinamo Zagreb,Midfielder,23,2380.0,4.0,10.0,0.1512605042016806,0.3781512605042016,69.12568306010928,86.33879781420764,20.21857923497268,82.67326732673267,60.97224476546014,86.63366336633663,82.17821782178218,20.024752475247528,82.37704918032787,48.63387978142077,,0.0,6.356435643564357,67.3286804090245,63.406236779025285,-2.4339920135651454,0.0,0.0,60.97224476546014
best_u23_players_by_potential,12,37744101,Agyemang Morrison,Šibenik,Defender,21,2790.0,2.0,1.0,0.064516129032258,0.032258064516129,66.43518518518519,52.31481481481482,43.98148148148149,61.88118811881188,55.00756325632563,26.15511551155116,52.57425742574257,70.56930693069307,35.06944444444444,47.51157407407408,,4.0,7.405940594059405,66.41350385038504,45.37125340014588,9.63630985617975,4.818154928089875,2.4686332225776617,62.29435140699317
best_u23_players_by_potential,13,37540937,Mateo Lisica,Istra 1961,Attacker,22,2702.0,4.0,5.0,0.1332346410066617,0.1665433012583271,31.818181818181817,60.6060606060606,65.45454545454545,96.2871287128713,56.99234923492349,62.04620462046205,44.95049504950496,28.329207920792083,57.72727272727273,60.68181818181818,,2.0,7.128712871287129,66.12106210621062,49.340686507175306,7.651662727748182,3.825831363874091,0.4839166690629497,61.30209726786053
best_u23_players_by_potential,14,37528365,Nail Omerovic,Osijek,Attacker,23,2264.0,4.0,4.0,0.1590106007067137,0.1590106007067137,42.121212121212125,69.09090909090908,71.51515151515152,31.1881188118812,57.936993699369935,77.22772277227722,51.08910891089109,40.12376237623762,78.18181818181817,70.53030303030303,,0.0,6.01980198019802,63.95679567956795,52.198656341043936,5.738337358326,2.869168679163,0.0,60.80616237853293
best_u23_players_by_potential,15,37596442,Dominik Prpić,Hajduk Split,Defender,22,2461.0,0.0,2.0,0.0,0.0731409995936611,29.62962962962963,83.33333333333333,56.94444444444445,43.069306930693074,55.279152915291526,31.43564356435644,59.702970297029694,73.93564356435644,44.79166666666667,59.027777777777786,,2.0,6.554455445544554,63.83360836083608,49.584473497440825,5.6946794178507005,2.8473397089253503,0.36202317393019,58.48851579814707
best_u21_players,1,37704799,Adriano Jagusic,Slaven Koprivnica,Midfielder,20,1526.0,3.0,3.0,0.1769331585845347,0.1769331585845347,68.30601092896175,56.28415300546448,62.29508196721312,56.93069306930693,61.75864307742249,75.08250825082509,64.95049504950495,45.915841584158414,77.45901639344262,60.24590163934426,,6.0,4.03960396039604,71.79824703781853,51.30896541384557,10.44967766357692,5.22483883178846,0.0,66.98348190921095
best_u21_players,2,37744101,Agyemang Morrison,Šibenik,Defender,21,2790.0,2.0,1.0,0.064516129032258,0.032258064516129,66.43518518518519,52.31481481481482,43.98148148148149,61.88118811881188,55.00756325632563,26.15511551155116,52.57425742574257,70.56930693069307,35.06944444444444,47.51157407407408,,4.0,7.405940594059405,66.41350385038504,45.37125340014588,9.63630985617975,4.818154928089875,2.4686332225776617,62.29435140699317
best_u21_players,3,37719908,Bruno Durdov,Hajduk Split,Attacker,18,979.0,3.0,1.0,0.2757916241062308,0.0919305413687436,71.2121212121212,37.57575757575757,44.84848484848485,55.445544554455445,51.63546354635463,44.88448844884488,45.94059405940594,21.23762376237624,65.0,49.6969696969697,,10.0,1.7821782178217822,63.41764176417641,49.584473497440825,2.0509900489138038,1.0254950244569017,0.36202317393019,53.02298174474172
best_u21_players,4,37709571,Lovre Kulusic,Šibenik,Midfielder,19,890.0,4.0,1.0,0.4044943820224719,0.1011235955056179,93.98907103825135,22.950819672131143,32.240437158469945,78.21782178217822,52.57588053887356,23.43234323432343,21.881188118811885,47.32673267326732,27.459016393442624,21.653005464480877,,8.0,1.504950495049505,62.08083103392306,45.37125340014588,7.204627138727673,3.6023135693638366,2.4686332225776617,58.64682733081506
best_u21_players,5,37604564,Matej Sakota,Slaven Koprivnica,Attacker,21,592.0,2.0,0.0,0.304054054054054,0.0,83.33333333333333,46.06060606060606,49.696969696969695,6.435643564356425,54.37083708370836,53.46534653465346,46.68316831683169,31.361386138613856,47.27272727272727,53.59848484848485,,4.0,0.5148514851485149,58.88568856885687,51.30896541384557,3.061871669862789,1.5309358349313946,0.0,55.90177291863975
best_u21_players,6,37600592,Luka Vrbancic,Lokomotiva Zagreb,Midfielder,21,1668.0,3.0,0.0,0.1618705035971223,0.0,75.68306010928961,28.688524590163933,47.540983606557376,44.8019801980198,50.053968511605255,78.63036303630362,60.94059405940593,38.42821782178217,54.71311475409836,47.43852459016394,,4.0,4.633663366336633,58.68763187794189,47.31337146692811,2.740597044677145,1.3702985223385724,1.4975741891865475,52.92184122313037
best_u21_players,7,37660075,Ante Kavelj,Šibenik,Midfielder,20,1501.0,1.0,0.0,0.0599600266489007,0.0,46.17486338797814,11.74863387978142,67.21311475409837,88.61386138613861,46.40236974517124,36.46864686468647,32.67326732673268,68.24257425742574,22.745901639344265,42.82786885245902,,6.0,3.7623762376237617,56.164745982795,45.37125340014588,1.031116345025353,0.5155581725126765,2.4686332225776617,49.38656114026158
best_u21_players,8,37596443,Rokas Pukstas,Hajduk Split,Midfielder,21,1461.0,1.0,1.0,0.0616016427104722,0.0616016427104722,44.26229508196721,30.601092896174865,63.9344262295082,24.75247524752476,44.11459178704756,78.63036303630363,39.207920792079214,60.2970297029703,45.49180327868852,46.10655737704918,,4.0,3.643564356435644,51.758156143483205,49.584473497440825,-5.469881710393267,0.0,0.36202317393019,44.47661496097775
best_u21_players,9,37619959,Luka Kapulica,Gorica,Midfielder,21,891.0,1.0,0.0,0.101010101010101,0.0,48.90710382513661,43.98907103825136,39.34426229508196,49.50495049504951,44.622626197045925,71.86468646864687,52.07920792079208,40.64356435643565,44.467213114754095,43.44262295081967,,4.0,1.5445544554455446,50.16718065249147,44.70718855697045,-0.0845623599245257,0.0,2.800665644165377,47.4232918412113
best_u21_players,10,37658787,Feta Fetai,Lokomotiva Zagreb,Midfielder,21,2270.0,0.0,0.0,0.0,0.0,16.939890710382514,22.6775956284153,90.1639344262295,2.9702970297029765,39.23145593247849,33.993399339933994,32.37623762376238,63.76237623762376,20.69672131147541,56.35245901639344,,4.0,6.05940594059406,49.29086187307255,47.31337146692811,-8.081915534449621,0.0,1.4975741891865475,40.72903012166503
best_u21_players,11,37613457,Beyatt Lekoueiry,Istra 1961,Midfielder,21,1036.0,3.0,5.0,0.2606177606177606,0.4343629343629344,76.775956284153,42.07650273224044,15.846994535519128,18.31683168316832,42.24151923389059,69.3069306930693,43.26732673267327,19.97524752475248,71.31147540983606,23.702185792349727,,4.0,2.01980198019802,48.26132121408861,49.340686507175306,-7.0991672732847135,0.0,0.4839166690629497,42.72543590295354
best_u21_players,12,37600601,Marin Prekodravac,Šibenik,Midfielder,21,1012.0,1.0,1.0,0.0889328063241106,0.0889328063241106,53.82513661202186,26.22950819672131,19.672131147540984,15.84158415841584,31.50219120272683,22.93729372937294,22.871287128712872,32.52475247524753,30.32786885245901,17.008196721311474,,4.0,1.9405940594059403,37.44278526213277,45.37125340014588,-13.869062197419051,0.0,2.4686332225776617,33.97082442530449
best_u21_players,13,37688968,Anton Matkovic,Osijek,Attacker,20,1002.0,0.0,1.0,0.0,0.0898203592814371,10.303030303030305,16.363636363636363,51.51515151515151,14.851485148514854,24.939693969396934,68.64686468646865,24.75247524752475,35.64356435643565,47.72727272727273,34.848484848484844,,6.0,1.8613861386138613,32.8010801080108,52.198656341043936,-27.258962371647,0.0,0.0,24.939693969396934
best_u21_players,14,37656051,Vito Caic,Gorica,Midfielder,21,870.0,0.0,0.0,0.0,0.0,12.021857923497263,15.57377049180328,50.81967213114754,9.900990099009904,24.51468917383541,49.17491749174917,25.14851485148515,55.495049504950494,30.12295081967213,34.42622950819673,,4.0,1.3465346534653466,29.86122382730076,44.70718855697045,-20.19249938313504,0.0,2.800665644165377,27.31535481800079
best_u21_players,15,37596437,Roko Brajkovic,Hajduk Split,Attacker,21,448.0,0.0,2.0,0.0,0.4017857142857143,,,,,,,,,,,,4.0,,,49.584473497440825,,,0.36202317393019,
best_defenders,1,37533537,Novak Tepsic,Varaždin,Defender,24,1115.0,0.0,0.0,0.0,0.0,21.527777777777786,33.7962962962963,87.73148148148148,38.613861386138616,46.77805280528053,60.80858085808581,42.87128712871287,79.65346534653466,44.09722222222222,62.44212962962963,,0.0,2.5346534653465347,49.31270627062707,48.29913047958605,-1.5210776743055163,0.0,1.0046946828575791,47.782747488138114
best_defenders,2,24817153,Iurie Iovu,Istra 1961,Defender,24,1043.0,0.0,1.0,0.0,0.0862895493767977,21.527777777777786,52.31481481481481,86.11111111111113,34.653465346534645,51.45145764576458,42.32673267326732,43.366336633663366,85.94059405940594,54.86111111111112,63.19444444444445,,0.0,2.0792079207920797,53.53066556655666,49.340686507175306,2.110771138589272,1.0553855692946357,0.4839166690629497,52.99075988412216
best_defenders,3,37545139,Stephane Keller,Istra 1961,Defender,24,694.0,0.0,0.0,0.0,0.0,47.68518518518518,55.55555555555555,81.94444444444444,0.4950495049505008,55.605060506050606,58.333333333333336,63.16831683168316,78.0940594059406,51.73611111111111,72.56944444444444,,0.0,0.7920792079207921,56.3971397139714,49.340686507175306,6.2643739988753,3.13218699943765,0.4839166690629497,59.221164174551205
best_defenders,4,3533873,Ivan Nekic,Varaždin,Defender,25,1596.0,0.0,0.0,0.0,0.0,26.38888888888889,56.94444444444445,78.7037037037037,73.26732673267327,55.93784378437844,48.67986798679868,60.29702970297031,83.11881188118812,50.34722222222222,72.16435185185185,,0.0,4.376237623762377,60.314081408140815,48.29913047958605,7.63871330479239,3.819356652396195,1.0046946828575791,60.76189511963221
best_defenders,5,56643,Dario Melnjak,Hajduk Split,Defender,33,1596.0,0.0,1.0,0.0,0.056390977443609,35.18518518518518,42.5925925925926,77.77777777777779,96.2871287128713,56.2953795379538,35.8910891089109,61.18811881188119,72.98267326732672,59.375,61.458333333333336,,0.0,4.376237623762377,60.67161716171618,49.584473497440825,6.710906040512974,3.355453020256487,0.36202317393019,60.01285573214047
best_defenders,6,32405608,Ivan Smolcic,Rijeka,Defender,25,1564.0,1.0,2.0,0.057544757033248,0.1150895140664961,63.88888888888889,48.14814814814815,77.77777777777777,41.08910891089109,61.05335533553355,37.54125412541254,64.35643564356437,78.53960396039604,79.51388888888889,67.70833333333334,,0.0,4.2772277227722775,65.33058305830583,51.55523601085063,9.498119324682923,4.749059662341463,0.0,65.80241499787502
best_defenders,7,37544959,Moris Valincic,Istra 1961,Defender,23,2619.0,1.0,2.0,0.0343642611683848,0.0687285223367697,63.888888888888886,71.75925925925925,75.92592592592594,47.52475247524752,68.22469746974699,80.03300330033004,64.45544554455446,68.76237623762377,64.93055555555556,69.03935185185185,,0.0,6.930693069306931,75.15539053905391,49.340686507175306,18.88401096257168,9.44200548128584,0.4839166690629497,78.15061962009577
best_defenders,8,23707307,Luka Jelenic,Osijek,Defender,26,2532.0,2.0,1.0,0.0710900473933649,0.0355450236966824,76.1574074074074,72.22222222222221,75.46296296296295,46.03960396039604,71.75673817381738,51.48514851485148,49.9009900990099,82.35148514851485,34.375,62.55787037037036,,0.0,6.772277227722771,78.52901540154015,52.198656341043936,19.558081832773446,9.779040916386723,0.0,81.5357790902041
best_defenders,9,73887,Leonardo Sigali,Lokomotiva Zagreb,Defender,39,1022.0,0.0,0.0,0.0,0.0,21.527777777777786,59.25925925925926,75.0,16.83168316831683,48.4192794279428,47.1947194719472,57.22772277227723,75.14851485148516,37.15277777777778,70.83333333333334,,0.0,1.98019801980198,50.39947744774478,47.31337146692811,1.1059079610146867,0.5529539805073433,1.4975741891865475,50.46980759763669
best_defenders,10,75066,Filip Uremovic,Hajduk Split,Defender,29,2780.0,2.0,1.0,0.0647482014388489,0.0323741007194244,71.75925925925925,68.51851851851852,72.68518518518518,21.78217821782178,66.06710671067107,37.788778877887786,59.4059405940594,79.55445544554455,41.66666666666666,65.50925925925925,,0.0,7.326732673267327,73.3938393839384,49.584473497440825,16.482633213230244,8.241316606615122,0.36202317393019,74.67044649121638
best_defenders,11,85690,Luka Bogdan,Istra 1961,Defender,30,494.0,0.0,0.0,0.0,0.0,42.129629629629626,26.38888888888889,71.06481481481482,3.465346534653463,42.22153465346535,55.85808580858086,34.702970297029694,77.6980198019802,31.423611111111107,47.945601851851855,,0.0,0.198019801980198,42.41955445544554,49.340686507175306,-7.119151853709958,0.0,0.4839166690629497,42.7054513225283
best_defenders,12,37325018,Emin Hasic,Osijek,Defender,23,1320.0,2.0,1.0,0.1363636363636363,0.0681818181818181,92.12962962962963,53.24074074074073,70.83333333333333,19.306930693069305,66.79180418041803,35.64356435643565,49.9009900990099,78.14356435643563,52.43055555555556,59.201388888888886,,0.0,3.287128712871287,70.07893289328932,52.198656341043936,14.59314783937409,7.296573919687045,0.0,74.08837810010507
best_defenders,13,129585,Alessandro Tuia,Osijek,Defender,36,1537.0,0.0,1.0,0.0,0.0585556278464541,21.527777777777786,62.96296296296296,69.9074074074074,17.32673267326733,48.05211771177117,22.27722772277228,53.16831683168317,75.07425742574259,48.09027777777778,64.6412037037037,,0.0,4.118811881188119,52.1709295929593,52.198656341043936,-4.1465386292727615,0.0,0.0,48.05211771177117
best_defenders,14,46031,Marcel Heister,Istra 1961,Defender,33,2004.0,1.0,2.0,0.0449101796407185,0.0898203592814371,52.77777777777777,46.75925925925926,69.44444444444444,11.386138613861393,51.83305830583058,63.69636963696369,53.66336633663366,69.92574257425743,65.97222222222223,53.47222222222222,,0.0,5.544554455445544,57.377612761276126,49.340686507175306,2.4923717986552774,1.246185899327639,0.4839166690629497,53.56316087422117
best_defenders,15,73585,Denis Kolinger,Lokomotiva Zagreb,Defender,32,2262.0,1.0,0.0,0.039787798408488,0.0,54.629629629629626,51.851851851851855,68.98148148148148,15.346534653465357,54.17354235423542,42.32673267326732,49.4059405940594,78.83663366336634,35.41666666666667,60.01157407407408,,0.0,5.98019801980198,60.153740374037405,47.31337146692811,6.860170887307312,3.430085443653656,1.4975741891865475,59.101201987075626
best_midfield_creators,1,73858,Marko Rog,Dinamo Zagreb,Midfielder,30,616.0,1.0,2.0,0.1461038961038961,0.2922077922077922,50.27322404371584,91.8032786885246,49.18032786885246,7.425742574257427,58.11962343775361,68.48184818481847,84.85148514851485,42.8960396039604,76.22950819672131,64.95901639344262,,0.0,0.6336633663366337,58.75328680409024,63.406236779025285,-5.286613341271675,0.0,0.0,58.11962343775361
best_midfield_creators,2,37550680,Martin Baturina,Dinamo Zagreb,Midfielder,23,2380.0,4.0,10.0,0.1512605042016806,0.3781512605042016,69.12568306010928,86.33879781420764,20.21857923497268,82.67326732673267,60.97224476546014,86.63366336633663,82.17821782178218,20.024752475247528,82.37704918032787,48.63387978142077,,0.0,6.356435643564357,67.3286804090245,63.406236779025285,-2.4339920135651454,0.0,0.0,60.97224476546014
best_midfield_creators,3,198710,Petar Pusic,Osijek,Midfielder,27,1454.0,3.0,3.0,0.1856946354883081,0.1856946354883081,76.22950819672131,85.79234972677595,4.371584699453552,54.95049504950495,55.413082291835735,63.53135313531354,86.63366336633665,7.549504950495049,77.8688524590164,44.193989071038246,,0.0,3.5643564356435644,58.9774387274793,52.198656341043936,3.2144259507917994,1.6072129753958997,0.0,57.02029526723163
best_midfield_creators,4,4536487,Tiago Dantas,Osijek,Midfielder,25,1996.0,1.0,2.0,0.0450901803607214,0.0901803607214428,46.44808743169399,83.06010928961749,11.475409836065577,33.16831683168317,45.61191365038143,36.96369636963696,89.6039603960396,11.311881188118813,65.98360655737704,50.614754098360656,,0.0,5.465346534653466,51.077260185034895,52.198656341043936,-6.586742690662504,0.0,0.0,45.61191365038143
best_midfield_creators,5,530693,Hrvoje Babec,Osijek,Midfielder,26,1522.0,1.0,2.0,0.0591327201051248,0.1182654402102496,49.18032786885246,80.8743169398907,67.75956284153006,71.2871287128713,66.4729751663691,44.63696369636964,62.97029702970296,72.52475247524752,50.0,67.07650273224044,,0.0,3.96039603960396,70.43337120597306,52.198656341043936,14.27431882532516,7.13715941266258,0.0,73.61013457903168
best_midfield_creators,6,52889,Josip Radosevic,Istra 1961,Midfielder,32,1230.0,0.0,3.0,0.0,0.2195121951219512,15.300546448087433,80.327868852459,72.6775956284153,65.5940594059406,57.05120921928258,51.65016501650165,71.78217821782178,56.00247524752476,61.885245901639344,69.74043715846994,,0.0,2.93069306930693,59.98190228858952,49.340686507175306,7.710522712107277,3.855261356053639,0.4839166690629497,61.39038724439917
best_midfield_creators,7,21072870,Jurica Prsir,Gorica,Midfielder,26,1511.0,3.0,2.0,0.1786896095301125,0.1191264063534083,79.78142076502733,79.78142076502733,69.94535519125682,39.6039603960396,72.81285505599742,62.70627062706271,84.35643564356437,60.99009900990098,71.31147540983606,74.72677595628414,,0.0,3.8415841584158414,76.65443921441326,44.70718855697045,28.105666499026967,14.052833249513483,2.800665644165377,89.66635394967628
best_midfield_creators,8,73519,Josip Misic,Dinamo Zagreb,Midfielder,32,2168.0,0.0,2.0,0.0,0.0830258302583025,19.125683060109285,78.68852459016394,65.02732240437159,47.02970297029702,53.55542931342314,46.53465346534654,78.8118811881188,59.52970297029704,54.918032786885256,73.08743169398906,,0.0,5.9009900990099,59.45641941243304,63.406236779025285,-9.850807465602143,0.0,0.0,53.55542931342314
best_midfield_creators,9,62670,Ljuban Crepulja,Slaven Koprivnica,Midfielder,32,2154.0,1.0,2.0,0.0417827298050139,0.0835654596100278,39.071038251366126,78.14207650273224,46.99453551912568,92.07920792079209,58.47021587404642,26.237623762376234,85.44554455445545,47.52475247524752,56.967213114754095,66.12021857923497,,0.0,5.821782178217822,64.29199805226425,51.30896541384557,7.161250460200854,3.580625230100427,0.0,62.050841104146855
best_midfield_creators,10,29992,Ivan Rakitić,Hajduk Split,Midfielder,38,3065.0,2.0,4.0,0.0587275693311582,0.1174551386623164,42.07650273224044,77.59562841530054,60.928961748633874,64.60396039603961,60.64072390845642,33.993399339933994,90.0990099009901,48.27970297029702,67.62295081967213,74.1120218579235,,0.0,7.96039603960396,68.60111994806039,49.584473497440825,11.056250411015595,5.528125205507799,0.36202317393019,66.53087228789443
best_midfield_creators,11,37563601,Luka Stojkovic,Dinamo Zagreb,Midfielder,22,1542.0,6.0,5.0,0.3501945525291828,0.2918287937743191,90.1639344262295,75.95628415300546,57.92349726775956,57.92079207920792,73.00519396201913,76.07260726072609,83.66336633663367,50.51980198019802,86.88524590163934,67.89617486338798,,2.0,4.158415841584159,79.1636098036033,63.406236779025285,9.59895718299385,4.799478591496925,0.0,77.80467255351606
best_midfield_creators,12,72813,Domagoj Antolic,Lokomotiva Zagreb,Midfielder,36,480.0,0.0,0.0,0.0,0.0,12.021857923497263,72.95081967213115,58.469945355191264,54.45544554455445,48.47833143970134,5.528052805280527,75.84158415841586,44.257425742574256,27.663934426229503,65.09562841530055,,0.0,0.1584158415841584,48.6367472812855,47.31337146692811,1.1649599727732325,0.5824799863866161,1.4975741891865475,50.5583856152745
best_midfield_creators,13,37616075,Antonio Mauric,Istra 1961,Midfielder,22,1870.0,0.0,4.0,0.0,0.1925133689839572,28.96174863387978,72.6775956284153,67.21311475409836,52.47524752475248,55.90326245739328,58.49834983498351,64.55445544554456,52.07920792079208,60.24590163934426,63.93442622950819,,2.0,5.148514851485149,63.05177730887842,49.340686507175306,6.562575950217969,3.2812879751089845,0.4839166690629497,59.66846710156521
best_midfield_creators,14,37356259,Michael Agbekpornu,Slaven Koprivnica,Midfielder,27,1112.0,0.0,1.0,0.0,0.0809352517985611,17.48633879781421,70.49180327868852,72.6775956284153,10.89108910891089,49.285830222366506,62.95379537953795,61.18811881188119,70.990099009901,60.04098360655738,71.17486338797815,,0.0,2.495049504950495,51.780879727317,51.30896541384557,-2.023135191479064,0.0,0.0,49.285830222366506
best_midfield_creators,15,72614,Arijan Ademi,Dinamo Zagreb,Midfielder,35,837.0,3.0,1.0,0.3225806451612903,0.1075268817204301,88.25136612021856,68.85245901639344,77.04918032786885,22.27722772277228,72.47362441162149,72.1947194719472,57.92079207920792,61.75742574257425,51.22950819672131,65.3688524590164,,0.0,1.2277227722772277,73.70134718389872,63.406236779025285,9.0673876325962,4.533693816298101,0.0,77.00731822791958
best_attackers,1,37571435,Ante Suto,Slaven Koprivnica,Attacker,26,518.0,4.0,1.0,0.694980694980695,0.1737451737451737,97.57575757575758,53.93939393939394,69.09090909090908,0.9900990099009874,66.28082808280827,84.65346534653465,37.72277227722772,51.48514851485149,58.63636363636364,54.99999999999999,,0.0,0.3366336633663366,66.61746174617461,51.30896541384557,14.9718626689627,7.48593133448135,0.0,73.76675941728962
best_attackers,2,37582788,Vinko Rozic,Istra 1961,Attacker,22,1063.0,7.0,1.0,0.5926622765757291,0.0846660395108184,96.96969696969698,57.57575757575759,41.21212121212121,59.900990099009896,64.71737173717372,66.17161716171618,47.42574257425743,15.123762376237622,52.727272727272734,52.65151515151516,,2.0,2.217821782178218,68.93519351935194,49.340686507175306,15.376685229998415,7.688342614999208,0.4839166690629497,72.88963102123589
best_attackers,3,540173,Sandro Kulenovic,Dinamo Zagreb,Attacker,26,1910.0,15.0,0.0,0.7068062827225131,0.0,96.96969696969695,36.06060606060606,38.78787878787879,91.08910891089108,60.65436543654366,47.19471947194719,29.851485148514847,35.99009900990099,25.0,41.32575757575758,,0.0,5.346534653465346,66.000900090009,63.406236779025285,-2.7518713424816283,0.0,0.0,60.65436543654366
best_attackers,4,129013,Marko Livaja,Hajduk Split,Attacker,32,3097.0,19.0,10.0,0.5521472392638037,0.290603810138844,92.72727272727272,50.90909090909091,25.45454545454545,58.415841584158414,56.56885688568857,67.98679867986799,33.56435643564357,25.742574257425744,71.36363636363636,35.0,,0.0,8.0,64.56885688568858,49.584473497440825,6.984383388247743,3.4921916941238718,0.36202317393019,60.42307175374263
best_attackers,5,109643,Hernâni,Osijek,Attacker,34,1191.0,6.0,3.0,0.4534005037783375,0.2267002518891687,87.87878787878788,41.81818181818182,33.93939393939394,96.2871287128713,58.71962196219621,64.27392739273928,42.87128712871287,13.576732673267324,72.27272727272728,35.6060606060606,,0.0,2.772277227722772,61.49189918991899,52.198656341043936,6.520965621152278,3.260482810576139,0.0,61.98010477277235
best_attackers,6,37604564,Matej Sakota,Slaven Koprivnica,Attacker,21,592.0,2.0,0.0,0.304054054054054,0.0,83.33333333333333,46.06060606060606,49.696969696969695,6.435643564356425,54.37083708370836,53.46534653465346,46.68316831683169,31.361386138613856,47.27272727272727,53.59848484848485,,4.0,0.5148514851485149,58.88568856885687,51.30896541384557,3.061871669862789,1.5309358349313946,0.0,55.90177291863975
best_attackers,7,22136685,Nathanaël Mbuku,Dinamo Zagreb,Attacker,24,496.0,2.0,1.0,0.3629032258064516,0.1814516129032258,82.42424242424242,87.27272727272727,78.7878787878788,96.2871287128713,84.17416741674168,61.7986798679868,64.95049504950495,39.17079207920793,63.18181818181819,80.75757575757575,,0.0,0.2376237623762376,84.41179117911791,63.406236779025285,20.7679306377164,10.383965318858198,0.0,94.55813273559988
best_attackers,8,37708547,Mirko Susak,Lokomotiva Zagreb,Attacker,22,452.0,2.0,0.0,0.3982300884955752,0.0,80.60606060606061,33.333333333333336,40.30303030303031,50.0,51.27272727272728,21.45214521452145,20.99009900990099,28.14356435643564,22.727272727272727,42.196969696969695,,2.0,0.0792079207920792,53.35193519351936,47.31337146692811,3.95935580579917,1.979677902899585,1.4975741891865475,54.74997936481341
best_attackers,9,72857,Duje Cop,Rijeka,Attacker,36,1608.0,6.0,2.0,0.3358208955223881,0.1119402985074626,80.60606060606061,28.48484848484848,16.363636363636363,90.0990099009901,46.646264626462646,34.9009900990099,20.891089108910894,15.94059405940594,27.272727272727277,17.727272727272727,,0.0,4.475247524752476,51.12151215121512,51.55523601085063,-4.908971384387982,0.0,0.0,46.646264626462646
best_attackers,10,73913,Ilija Nestorovski,Slaven Koprivnica,Attacker,36,1866.0,7.0,2.0,0.337620578778135,0.0964630225080385,79.39393939393939,43.63636363636363,35.75757575757576,28.960396039603964,50.53240324032403,73.43234323432343,29.603960396039604,34.36881188118812,43.18181818181819,41.96969696969697,,0.0,5.089108910891089,55.62151215121512,51.30896541384557,-0.7765621735215404,0.0,0.0,50.53240324032403
best_attackers,11,131838,Bruno Petkovic,Dinamo Zagreb,Attacker,31,865.0,4.0,3.0,0.4161849710982659,0.3121387283236994,76.36363636363636,77.27272727272727,36.96969696969697,77.72277227722772,64.95409540954094,82.50825082508251,52.42574257425743,45.123762376237615,82.27272727272727,57.91666666666666,,0.0,1.3069306930693072,66.26102610261024,63.406236779025285,1.5478586305156554,0.7739293152578277,0.0,65.72802472479877
best_attackers,12,16817975,Martin Slogar,Gorica,Attacker,25,1054.0,4.0,2.0,0.3415559772296015,0.1707779886148007,74.84848484848484,33.93939393939394,46.66666666666666,18.811881188118804,48.51755175517551,58.25082508250824,25.346534653465348,21.485148514851485,52.727272727272734,33.33333333333333,,0.0,2.1386138613861387,50.65616561656165,44.70718855697045,3.81036319820506,1.90518159910253,2.800665644165377,53.223398998443415
best_attackers,13,496680,Arnel Jakupovic,Osijek,Attacker,28,2315.0,9.0,3.0,0.3498920086393088,0.1166306695464362,74.54545454545455,38.48484848484849,12.12121212121212,50.99009900990099,42.64446444644464,38.77887788778877,30.940594059405942,23.886138613861384,32.72727272727273,22.08333333333333,,0.0,6.178217821782178,48.822682268226814,52.198656341043936,-9.5541918945993,0.0,0.0,42.64446444644464
best_attackers,14,7745870,Dimitar Mitrovski,Varaždin,Attacker,27,2111.0,8.0,1.0,0.3410705826622454,0.0426338228327806,73.93939393939395,66.66666666666667,77.57575757575756,35.148514851485146,68.96939693969397,80.6930693069307,67.22772277227723,30.420792079207928,74.54545454545453,85.15151515151516,,0.0,5.702970297029703,74.67236723672367,48.29913047958605,20.67026646010792,10.33513323005396,1.0046946828575791,80.3092248526055
best_attackers,15,73639,Marko Kolar,Gorica,Attacker,31,1489.0,5.0,1.0,0.3022162525184688,0.0604432505036937,73.33333333333333,38.18181818181818,32.72727272727273,39.10891089108911,47.18361836183618,40.59405940594059,24.554455445544555,23.09405940594059,19.090909090909086,34.772727272727266,,0.0,3.6831683168316833,50.86678667866786,44.70718855697045,2.476429804865731,1.2382149024328657,2.800665644165377,51.22249890843442
best_overall,1,22136685,Nathanaël Mbuku,Dinamo Zagreb,Attacker,24,496.0,2.0,1.0,0.3629032258064516,0.1814516129032258,82.42424242424242,87.27272727272727,78.7878787878788,96.2871287128713,84.17416741674168,61.7986798679868,64.95049504950495,39.17079207920793,63.18181818181819,80.75757575757575,,0.0,0.2376237623762376,84.41179117911791,63.406236779025285,20.7679306377164,10.383965318858198,0.0,94.55813273559988
best_overall,2,37546618,Raúl Torrente,Dinamo Zagreb,Defender,24,1650.0,2.0,1.0,0.109090909090909,0.0545454545454545,86.80555555555556,83.33333333333333,61.57407407407408,61.13861386138614,75.6277502750275,13.531353135313532,63.26732673267327,73.30445544554455,45.3125,67.24537037037038,,0.0,4.594059405940594,80.2218096809681,63.406236779025285,12.22151349600221,6.110756748001105,0.0,81.7385070230286
best_overall,3,37563601,Luka Stojkovic,Dinamo Zagreb,Midfielder,22,1542.0,6.0,5.0,0.3501945525291828,0.2918287937743191,90.1639344262295,75.95628415300546,57.92349726775956,57.92079207920792,73.00519396201913,76.07260726072609,83.66336633663367,50.51980198019802,86.88524590163934,67.89617486338798,,2.0,4.158415841584159,79.1636098036033,63.406236779025285,9.59895718299385,4.799478591496925,0.0,77.80467255351606
best_overall,4,21072870,Jurica Prsir,Gorica,Midfielder,26,1511.0,3.0,2.0,0.1786896095301125,0.1191264063534083,79.78142076502733,79.78142076502733,69.94535519125682,39.6039603960396,72.81285505599742,62.70627062706271,84.35643564356437,60.99009900990098,71.31147540983606,74.72677595628414,,0.0,3.8415841584158414,76.65443921441326,44.70718855697045,28.105666499026967,14.052833249513483,2.800665644165377,89.66635394967628
best_overall,5,72614,Arijan Ademi,Dinamo Zagreb,Midfielder,35,837.0,3.0,1.0,0.3225806451612903,0.1075268817204301,88.25136612021856,68.85245901639344,77.04918032786885,22.27722772277228,72.47362441162149,72.1947194719472,57.92079207920792,61.75742574257425,51.22950819672131,65.3688524590164,,0.0,1.2277227722772277,73.70134718389872,63.406236779025285,9.0673876325962,4.533693816298101,0.0,77.00731822791958
best_overall,6,37569839,Lukas Kacavenda,Dinamo Zagreb,Midfielder,23,733.0,2.0,3.0,0.2455661664392905,0.3683492496589359,86.88524590163934,65.02732240437159,64.48087431693989,69.8019801980198,71.89823080668721,85.47854785478548,60.4950495049505,47.00495049504951,70.08196721311475,56.4207650273224,,0.0,0.9504950495049505,72.84872585619216,63.406236779025285,8.491994027661924,4.245997013830962,0.0,76.14422782051817
best_overall,7,23707307,Luka Jelenic,Osijek,Defender,26,2532.0,2.0,1.0,0.0710900473933649,0.0355450236966824,76.1574074074074,72.22222222222221,75.46296296296295,46.03960396039604,71.75673817381738,51.48514851485148,49.9009900990099,82.35148514851485,34.375,62.55787037037036,,0.0,6.772277227722771,78.52901540154015,52.198656341043936,19.558081832773446,9.779040916386723,0.0,81.5357790902041
best_overall,8,73448,Marko Pjaca,Dinamo Zagreb,Attacker,31,2384.0,6.0,6.0,0.2265100671140939,0.2265100671140939,53.63636363636363,93.33333333333331,60.0,96.2871287128713,71.71962196219621,60.39603960396039,65.64356435643563,26.745049504950497,77.72727272727272,73.86363636363636,,0.0,6.415841584158417,78.13546354635463,63.406236779025285,8.31338518317093,4.156692591585465,0.0,75.87631455378168
best_overall,9,1486200,Arbër Hoxha,Dinamo Zagreb,Attacker,27,1254.0,3.0,3.0,0.215311004784689,0.215311004784689,63.333333333333336,89.09090909090908,51.51515151515152,84.65346534653466,69.64716471647164,76.4026402640264,59.10891089108911,22.2029702970297,68.18181818181817,62.57575757575758,,0.0,3.0693069306930694,72.71647164716471,63.406236779025285,6.240927937446351,3.1204639687231754,0.0,72.76762868519481
best_overall,10,7745870,Dimitar Mitrovski,Varaždin,Attacker,27,2111.0,8.0,1.0,0.3410705826622454,0.0426338228327806,73.93939393939395,66.66666666666667,77.57575757575756,35.148514851485146,68.96939693969397,80.6930693069307,67.22772277227723,30.420792079207928,74.54545454545453,85.15151515151516,,0.0,5.702970297029703,74.67236723672367,48.29913047958605,20.67026646010792,10.33513323005396,1.0046946828575791,80.3092248526055
best_overall,11,37544959,Moris Valincic,Istra 1961,Defender,23,2619.0,1.0,2.0,0.0343642611683848,0.0687285223367697,63.888888888888886,71.75925925925925,75.92592592592594,47.52475247524752,68.22469746974699,80.03300330033004,64.45544554455446,68.76237623762377,64.93055555555556,69.03935185185185,,0.0,6.930693069306931,75.15539053905391,49.340686507175306,18.88401096257168,9.44200548128584,0.4839166690629497,78.15061962009577
best_overall,12,75098,Dario Spikic,Dinamo Zagreb,Attacker,27,624.0,1.0,0.0,0.1442307692307692,0.0,40.30303030303031,66.66666666666667,86.66666666666667,96.2871287128713,67.71962196219623,75.74257425742574,42.47524752475248,61.150990099009896,32.72727272727273,70.15151515151516,,0.0,0.7128712871287128,68.43249324932493,63.406236779025285,4.313385183170944,2.156692591585472,0.0,69.8763145537817
best_overall,13,37512280,Niko Galesic,Rijeka,Defender,25,1338.0,2.0,1.0,0.1345291479820627,0.0672645739910313,93.05555555555554,71.75925925925925,47.68518518518518,33.66336633663366,67.11633663366337,55.94059405940593,60.0,61.33663366336634,64.58333333333333,59.25925925925925,,0.0,3.326732673267327,70.4430693069307,51.55523601085063,15.561100622812738,7.780550311406369,0.0,74.89688694506974
best_overall,14,37325018,Emin Hasic,Osijek,Defender,23,1320.0,2.0,1.0,0.1363636363636363,0.0681818181818181,92.12962962962963,53.24074074074073,70.83333333333333,19.306930693069305,66.79180418041803,35.64356435643565,49.9009900990099,78.14356435643563,52.43055555555556,59.201388888888886,,0.0,3.287128712871287,70.07893289328932,52.198656341043936,14.59314783937409,7.296573919687045,0.0,74.08837810010507
best_overall,15,530693,Hrvoje Babec,Osijek,Midfielder,26,1522.0,1.0,2.0,0.0591327201051248,0.1182654402102496,49.18032786885246,80.8743169398907,67.75956284153006,71.2871287128713,66.4729751663691,44.63696369636964,62.97029702970296,72.52475247524752,50.0,67.07650273224044,,0.0,3.96039603960396,70.43337120597306,52.198656341043936,14.27431882532516,7.13715941266258,0.0,73.61013457903168
underrated_players,1,22136685,Nathanaël Mbuku,Dinamo Zagreb,Attacker,24,496.0,2.0,1.0,0.3629032258064516,0.1814516129032258,82.42424242424242,87.27272727272727,78.7878787878788,96.2871287128713,84.17416741674168,61.7986798679868,64.95049504950495,39.17079207920793,63.18181818181819,80.75757575757575,,0.0,0.2376237623762376,84.41179117911791,63.406236779025285,20.7679306377164,10.383965318858198,0.0,94.55813273559988
underrated_players,2,21072870,Jurica Prsir,Gorica,Midfielder,26,1511.0,3.0,2.0,0.1786896095301125,0.1191264063534083,79.78142076502733,79.78142076502733,69.94535519125682,39.6039603960396,72.81285505599742,62.70627062706271,84.35643564356437,60.99009900990098,71.31147540983606,74.72677595628414,,0.0,3.8415841584158414,76.65443921441326,44.70718855697045,28.105666499026967,14.052833249513483,2.800665644165377,89.66635394967628
underrated_players,3,37546618,Raúl Torrente,Dinamo Zagreb,Defender,24,1650.0,2.0,1.0,0.109090909090909,0.0545454545454545,86.80555555555556,83.33333333333333,61.57407407407408,61.13861386138614,75.6277502750275,13.531353135313532,63.26732673267327,73.30445544554455,45.3125,67.24537037037038,,0.0,4.594059405940594,80.2218096809681,63.406236779025285,12.22151349600221,6.110756748001105,0.0,81.7385070230286
underrated_players,4,23707307,Luka Jelenic,Osijek,Defender,26,2532.0,2.0,1.0,0.0710900473933649,0.0355450236966824,76.1574074074074,72.22222222222221,75.46296296296295,46.03960396039604,71.75673817381738,51.48514851485148,49.9009900990099,82.35148514851485,34.375,62.55787037037036,,0.0,6.772277227722771,78.52901540154015,52.198656341043936,19.558081832773446,9.779040916386723,0.0,81.5357790902041
underrated_players,5,7745870,Dimitar Mitrovski,Varaždin,Attacker,27,2111.0,8.0,1.0,0.3410705826622454,0.0426338228327806,73.93939393939395,66.66666666666667,77.57575757575756,35.148514851485146,68.96939693969397,80.6930693069307,67.22772277227723,30.420792079207928,74.54545454545453,85.15151515151516,,0.0,5.702970297029703,74.67236723672367,48.29913047958605,20.67026646010792,10.33513323005396,1.0046946828575791,80.3092248526055
underrated_players,6,37544959,Moris Valincic,Istra 1961,Defender,23,2619.0,1.0,2.0,0.0343642611683848,0.0687285223367697,63.888888888888886,71.75925925925925,75.92592592592594,47.52475247524752,68.22469746974699,80.03300330033004,64.45544554455446,68.76237623762377,64.93055555555556,69.03935185185185,,0.0,6.930693069306931,75.15539053905391,49.340686507175306,18.88401096257168,9.44200548128584,0.4839166690629497,78.15061962009577
underrated_players,7,37563601,Luka Stojkovic,Dinamo Zagreb,Midfielder,22,1542.0,6.0,5.0,0.3501945525291828,0.2918287937743191,90.1639344262295,75.95628415300546,57.92349726775956,57.92079207920792,73.00519396201913,76.07260726072609,83.66336633663367,50.51980198019802,86.88524590163934,67.89617486338798,,2.0,4.158415841584159,79.1636098036033,63.406236779025285,9.59895718299385,4.799478591496925,0.0,77.80467255351606
underrated_players,8,72614,Arijan Ademi,Dinamo Zagreb,Midfielder,35,837.0,3.0,1.0,0.3225806451612903,0.1075268817204301,88.25136612021856,68.85245901639344,77.04918032786885,22.27722772277228,72.47362441162149,72.1947194719472,57.92079207920792,61.75742574257425,51.22950819672131,65.3688524590164,,0.0,1.2277227722772277,73.70134718389872,63.406236779025285,9.0673876325962,4.533693816298101,0.0,77.00731822791958
underrated_players,9,37569839,Lukas Kacavenda,Dinamo Zagreb,Midfielder,23,733.0,2.0,3.0,0.2455661664392905,0.3683492496589359,86.88524590163934,65.02732240437159,64.48087431693989,69.8019801980198,71.89823080668721,85.47854785478548,60.4950495049505,47.00495049504951,70.08196721311475,56.4207650273224,,0.0,0.9504950495049505,72.84872585619216,63.406236779025285,8.491994027661924,4.245997013830962,0.0,76.14422782051817
underrated_players,10,73448,Marko Pjaca,Dinamo Zagreb,Attacker,31,2384.0,6.0,6.0,0.2265100671140939,0.2265100671140939,53.63636363636363,93.33333333333331,60.0,96.2871287128713,71.71962196219621,60.39603960396039,65.64356435643563,26.745049504950497,77.72727272727272,73.86363636363636,,0.0,6.415841584158417,78.13546354635463,63.406236779025285,8.31338518317093,4.156692591585465,0.0,75.87631455378168
underrated_players,11,37287242,Ivan Laća,Šibenik,Attacker,23,1545.0,3.0,4.0,0.174757281553398,0.233009708737864,35.15151515151515,64.84848484848484,80.60606060606061,96.2871287128713,63.81053105310532,41.006600660066006,47.12871287128713,51.00247524752476,60.90909090909091,70.53030303030303,,0.0,4.198019801980198,68.00855085508552,45.37125340014588,18.439277652959436,9.219638826479716,2.4686332225776617,75.4988031021627
underrated_players,12,37512280,Niko Galesic,Rijeka,Defender,25,1338.0,2.0,1.0,0.1345291479820627,0.0672645739910313,93.05555555555554,71.75925925925925,47.68518518518518,33.66336633663366,67.11633663366337,55.94059405940593,60.0,61.33663366336634,64.58333333333333,59.25925925925925,,0.0,3.326732673267327,70.4430693069307,51.55523601085063,15.561100622812738,7.780550311406369,0.0,74.89688694506974
underrated_players,13,75066,Filip Uremovic,Hajduk Split,Defender,29,2780.0,2.0,1.0,0.0647482014388489,0.0323741007194244,71.75925925925925,68.51851851851852,72.68518518518518,21.78217821782178,66.06710671067107,37.788778877887786,59.4059405940594,79.55445544554455,41.66666666666666,65.50925925925925,,0.0,7.326732673267327,73.3938393839384,49.584473497440825,16.482633213230244,8.241316606615122,0.36202317393019,74.67044649121638
underrated_players,14,37325018,Emin Hasic,Osijek,Defender,23,1320.0,2.0,1.0,0.1363636363636363,0.0681818181818181,92.12962962962963,53.24074074074073,70.83333333333333,19.306930693069305,66.79180418041803,35.64356435643565,49.9009900990099,78.14356435643563,52.43055555555556,59.201388888888886,,0.0,3.287128712871287,70.07893289328932,52.198656341043936,14.59314783937409,7.296573919687045,0.0,74.08837810010507
underrated_players,15,37571435,Ante Suto,Slaven Koprivnica,Attacker,26,518.0,4.0,1.0,0.694980694980695,0.1737451737451737,97.57575757575758,53.93939393939394,69.09090909090908,0.9900990099009874,66.28082808280827,84.65346534653465,37.72277227722772,51.48514851485149,58.63636363636364,54.99999999999999,,0.0,0.3366336633663366,66.61746174617461,51.30896541384557,14.9718626689627,7.48593133448135,0.0,73.76675941728962
hidden_gems,1,21072870,Jurica Prsir,Gorica,Midfielder,26,1511.0,3.0,2.0,0.1786896095301125,0.1191264063534083,79.78142076502733,79.78142076502733,69.94535519125682,39.6039603960396,72.81285505599742,62.70627062706271,84.35643564356437,60.99009900990098,71.31147540983606,74.72677595628414,,0.0,3.8415841584158414,76.65443921441326,44.70718855697045,28.105666499026967,14.052833249513483,2.800665644165377,89.66635394967628
hidden_gems,2,7745870,Dimitar Mitrovski,Varaždin,Attacker,27,2111.0,8.0,1.0,0.3410705826622454,0.0426338228327806,73.93939393939395,66.66666666666667,77.57575757575756,35.148514851485146,68.96939693969397,80.6930693069307,67.22772277227723,30.420792079207928,74.54545454545453,85.15151515151516,,0.0,5.702970297029703,74.67236723672367,48.29913047958605,20.67026646010792,10.33513323005396,1.0046946828575791,80.3092248526055
hidden_gems,3,37544959,Moris Valincic,Istra 1961,Defender,23,2619.0,1.0,2.0,0.0343642611683848,0.0687285223367697,63.888888888888886,71.75925925925925,75.92592592592594,47.52475247524752,68.22469746974699,80.03300330033004,64.45544554455446,68.76237623762377,64.93055555555556,69.03935185185185,,0.0,6.930693069306931,75.15539053905391,49.340686507175306,18.88401096257168,9.44200548128584,0.4839166690629497,78.15061962009577
hidden_gems,4,37287242,Ivan Laća,Šibenik,Attacker,23,1545.0,3.0,4.0,0.174757281553398,0.233009708737864,35.15151515151515,64.84848484848484,80.60606060606061,96.2871287128713,63.81053105310532,41.006600660066006,47.12871287128713,51.00247524752476,60.90909090909091,70.53030303030303,,0.0,4.198019801980198,68.00855085508552,45.37125340014588,18.439277652959436,9.219638826479716,2.4686332225776617,75.4988031021627
hidden_gems,5,75066,Filip Uremovic,Hajduk Split,Defender,29,2780.0,2.0,1.0,0.0647482014388489,0.0323741007194244,71.75925925925925,68.51851851851852,72.68518518518518,21.78217821782178,66.06710671067107,37.788778877887786,59.4059405940594,79.55445544554455,41.66666666666666,65.50925925925925,,0.0,7.326732673267327,73.3938393839384,49.584473497440825,16.482633213230244,8.241316606615122,0.36202317393019,74.67044649121638
hidden_gems,6,37582788,Vinko Rozic,Istra 1961,Attacker,22,1063.0,7.0,1.0,0.5926622765757291,0.0846660395108184,96.96969696969698,57.57575757575759,41.21212121212121,59.900990099009896,64.71737173717372,66.17161716171618,47.42574257425743,15.123762376237622,52.727272727272734,52.65151515151516,,2.0,2.217821782178218,68.93519351935194,49.340686507175306,15.376685229998415,7.688342614999208,0.4839166690629497,72.88963102123589
hidden_gems,7,73145,Šime Gržan,Šibenik,Attacker,32,2116.0,3.0,2.0,0.1275992438563327,0.0850661625708884,37.57575757575757,60.6060606060606,83.63636363636364,69.3069306930693,61.47614761476148,46.617161716171616,61.58415841584159,46.38613861386138,66.36363636363636,81.5909090909091,,0.0,5.742574257425742,67.21872187218722,45.37125340014588,16.104894214615598,8.052447107307799,2.4686332225776617,71.99722794464694
hidden_gems,8,37694071,Niko Sigur,Hajduk Split,Midfielder,22,1612.0,3.0,1.0,0.1674937965260546,0.0558312655086848,73.224043715847,57.377049180327866,75.95628415300547,20.29702970297029,63.99691608505113,78.87788778877888,48.01980198019802,54.38118811881189,34.01639344262296,58.87978142076504,,2.0,4.514851485148514,70.51176757019965,49.584473497440825,14.412442587610307,7.206221293805154,0.36202317393019,71.56516055278647
hidden_gems,9,74182,T. Halilović,Gorica,Midfielder,31,1519.0,2.0,0.0,0.1184990125082291,0.0,56.28415300546448,56.55737704918033,65.57377049180327,70.79207920792079,60.6037980847265,54.37293729372937,77.22772277227723,59.33168316831684,53.89344262295082,68.23770491803279,,0.0,3.920792079207921,64.52459016393442,44.70718855697045,15.896609527756048,7.948304763878024,2.800665644165377,71.3527684927699
hidden_gems,10,73871,Filip Krovinovic,Hajduk Split,Midfielder,30,2240.0,3.0,0.0,0.1205357142857142,0.0,53.551912568306015,62.02185792349727,65.02732240437159,92.57425742574256,63.43775361142672,33.16831683168317,59.801980198019805,59.03465346534653,26.434426229508198,61.61202185792349,,0.0,5.9405940594059405,69.37834767083265,49.584473497440825,13.853280113985887,6.9266400569929445,0.36202317393019,70.72641684234986
hidden_gems,11,3568423,Michele Sego,Varaždin,Attacker,25,1517.0,4.0,3.0,0.2373104812129202,0.1779828609096901,55.15151515151516,76.36363636363636,44.24242424242424,89.10891089108911,61.63816381638164,72.93729372937294,65.04950495049505,25.495049504950494,84.54545454545455,65.07575757575758,,0.0,3.881188118811881,65.51935193519351,48.29913047958605,13.339033336795588,6.669516668397794,1.0046946828575791,69.312375167637
hidden_gems,12,28912771,Adrion Pajaziti,Gorica,Midfielder,23,1569.0,3.0,0.0,0.1720841300191204,0.0,79.23497267759564,62.56830601092896,30.054644808743166,71.78217821782178,58.7355948709625,86.13861386138613,71.08910891089108,27.995049504950494,48.97540983606557,48.428961748633874,,0.0,4.316831683168317,63.05242655413082,44.70718855697045,14.02840631399205,7.014203156996025,2.800665644165377,68.5504636721239
hidden_gems,13,52801,Dario Maresic,Istra 1961,Defender,26,2911.0,3.0,0.0,0.0927516317416695,0.0,81.01851851851852,52.31481481481482,59.72222222222223,37.62376237623762,61.679042904290434,63.03630363036303,67.22772277227723,69.35643564356434,62.15277777777778,67.70833333333334,,0.0,7.762376237623762,69.4414191419142,49.340686507175306,12.338356397115128,6.169178198557564,0.4839166690629497,68.33213777191095
hidden_gems,14,29992,Ivan Rakitić,Hajduk Split,Midfielder,38,3065.0,2.0,4.0,0.0587275693311582,0.1174551386623164,42.07650273224044,77.59562841530054,60.928961748633874,64.60396039603961,60.64072390845642,33.993399339933994,90.0990099009901,48.27970297029702,67.62295081967213,74.1120218579235,,0.0,7.96039603960396,68.60111994806039,49.584473497440825,11.056250411015595,5.528125205507799,0.36202317393019,66.53087228789443
hidden_gems,15,12393223,Mateo Les,Gorica,Defender,26,2360.0,0.0,2.0,0.0,0.0762711864406779,30.555555555555557,83.79629629629629,50.46296296296296,72.77227722772277,56.72167216721671,51.32013201320132,62.17821782178218,67.74752475247523,49.99999999999999,58.2175925925926,,0.0,6.297029702970297,63.01870187018701,44.70718855697045,12.01448361024626,6.0072418051231296,2.800665644165377,65.52957961650522
small_club_standouts,1,21072870,Jurica Prsir,Gorica,Midfielder,26,1511.0,3.0,2.0,0.1786896095301125,0.1191264063534083,79.78142076502733,79.78142076502733,69.94535519125682,39.6039603960396,72.81285505599742,62.70627062706271,84.35643564356437,60.99009900990098,71.31147540983606,74.72677595628414,,0.0,3.8415841584158414,76.65443921441326,44.70718855697045,28.105666499026967,14.052833249513483,2.800665644165377,89.66635394967628
small_club_standouts,2,7745870,Dimitar Mitrovski,Varaždin,Attacker,27,2111.0,8.0,1.0,0.3410705826622454,0.0426338228327806,73.93939393939395,66.66666666666667,77.57575757575756,35.148514851485146,68.96939693969397,80.6930693069307,67.22772277227723,30.420792079207928,74.54545454545453,85.15151515151516,,0.0,5.702970297029703,74.67236723672367,48.29913047958605,20.67026646010792,10.33513323005396,1.0046946828575791,80.3092248526055
small_club_standouts,3,37544959,Moris Valincic,Istra 1961,Defender,23,2619.0,1.0,2.0,0.0343642611683848,0.0687285223367697,63.888888888888886,71.75925925925925,75.92592592592594,47.52475247524752,68.22469746974699,80.03300330033004,64.45544554455446,68.76237623762377,64.93055555555556,69.03935185185185,,0.0,6.930693069306931,75.15539053905391,49.340686507175306,18.88401096257168,9.44200548128584,0.4839166690629497,78.15061962009577
small_club_standouts,4,75066,Filip Uremovic,Hajduk Split,Defender,29,2780.0,2.0,1.0,0.0647482014388489,0.0323741007194244,71.75925925925925,68.51851851851852,72.68518518518518,21.78217821782178,66.06710671067107,37.788778877887786,59.4059405940594,79.55445544554455,41.66666666666666,65.50925925925925,,0.0,7.326732673267327,73.3938393839384,49.584473497440825,16.482633213230244,8.241316606615122,0.36202317393019,74.67044649121638
small_club_standouts,5,37582788,Vinko Rozic,Istra 1961,Attacker,22,1063.0,7.0,1.0,0.5926622765757291,0.0846660395108184,96.96969696969698,57.57575757575759,41.21212121212121,59.900990099009896,64.71737173717372,66.17161716171618,47.42574257425743,15.123762376237622,52.727272727272734,52.65151515151516,,2.0,2.217821782178218,68.93519351935194,49.340686507175306,15.376685229998415,7.688342614999208,0.4839166690629497,72.88963102123589
small_club_standouts,6,37694071,Niko Sigur,Hajduk Split,Midfielder,22,1612.0,3.0,1.0,0.1674937965260546,0.0558312655086848,73.224043715847,57.377049180327866,75.95628415300547,20.29702970297029,63.99691608505113,78.87788778877888,48.01980198019802,54.38118811881189,34.01639344262296,58.87978142076504,,2.0,4.514851485148514,70.51176757019965,49.584473497440825,14.412442587610307,7.206221293805154,0.36202317393019,71.56516055278647
small_club_standouts,7,37287242,Ivan Laća,Šibenik,Attacker,23,1545.0,3.0,4.0,0.174757281553398,0.233009708737864,35.15151515151515,64.84848484848484,80.60606060606061,96.2871287128713,63.81053105310532,41.006600660066006,47.12871287128713,51.00247524752476,60.90909090909091,70.53030303030303,,0.0,4.198019801980198,68.00855085508552,45.37125340014588,18.439277652959436,9.219638826479716,2.4686332225776617,75.4988031021627
small_club_standouts,8,73871,Filip Krovinovic,Hajduk Split,Midfielder,30,2240.0,3.0,0.0,0.1205357142857142,0.0,53.551912568306015,62.02185792349727,65.02732240437159,92.57425742574256,63.43775361142672,33.16831683168317,59.801980198019805,59.03465346534653,26.434426229508198,61.61202185792349,,0.0,5.9405940594059405,69.37834767083265,49.584473497440825,13.853280113985887,6.9266400569929445,0.36202317393019,70.72641684234986
small_club_standouts,9,52801,Dario Maresic,Istra 1961,Defender,26,2911.0,3.0,0.0,0.0927516317416695,0.0,81.01851851851852,52.31481481481482,59.72222222222223,37.62376237623762,61.679042904290434,63.03630363036303,67.22772277227723,69.35643564356434,62.15277777777778,67.70833333333334,,0.0,7.762376237623762,69.4414191419142,49.340686507175306,12.338356397115128,6.169178198557564,0.4839166690629497,68.33213777191095
small_club_standouts,10,3568423,Michele Sego,Varaždin,Attacker,25,1517.0,4.0,3.0,0.2373104812129202,0.1779828609096901,55.15151515151516,76.36363636363636,44.24242424242424,89.10891089108911,61.63816381638164,72.93729372937294,65.04950495049505,25.495049504950494,84.54545454545455,65.07575757575758,,0.0,3.881188118811881,65.51935193519351,48.29913047958605,13.339033336795588,6.669516668397794,1.0046946828575791,69.312375167637
small_club_standouts,11,73145,Šime Gržan,Šibenik,Attacker,32,2116.0,3.0,2.0,0.1275992438563327,0.0850661625708884,37.57575757575757,60.6060606060606,83.63636363636364,69.3069306930693,61.47614761476148,46.617161716171616,61.58415841584159,46.38613861386138,66.36363636363636,81.5909090909091,,0.0,5.742574257425742,67.21872187218722,45.37125340014588,16.104894214615598,8.052447107307799,2.4686332225776617,71.99722794464694
small_club_standouts,12,29992,Ivan Rakitić,Hajduk Split,Midfielder,38,3065.0,2.0,4.0,0.0587275693311582,0.1174551386623164,42.07650273224044,77.59562841530054,60.928961748633874,64.60396039603961,60.64072390845642,33.993399339933994,90.0990099009901,48.27970297029702,67.62295081967213,74.1120218579235,,0.0,7.96039603960396,68.60111994806039,49.584473497440825,11.056250411015595,5.528125205507799,0.36202317393019,66.53087228789443
small_club_standouts,13,74182,T. Halilović,Gorica,Midfielder,31,1519.0,2.0,0.0,0.1184990125082291,0.0,56.28415300546448,56.55737704918033,65.57377049180327,70.79207920792079,60.6037980847265,54.37293729372937,77.22772277227723,59.33168316831684,53.89344262295082,68.23770491803279,,0.0,3.920792079207921,64.52459016393442,44.70718855697045,15.896609527756048,7.948304763878024,2.800665644165377,71.3527684927699
small_club_standouts,14,28912771,Adrion Pajaziti,Gorica,Midfielder,23,1569.0,3.0,0.0,0.1720841300191204,0.0,79.23497267759564,62.56830601092896,30.054644808743166,71.78217821782178,58.7355948709625,86.13861386138613,71.08910891089108,27.995049504950494,48.97540983606557,48.428961748633874,,0.0,4.316831683168317,63.05242655413082,44.70718855697045,14.02840631399205,7.014203156996025,2.800665644165377,68.5504636721239
small_club_standouts,15,338593,Stjepan Loncar,Istra 1961,Midfielder,29,1043.0,6.0,1.0,0.5177372962607862,0.0862895493767977,96.72131147540983,54.64480874316939,24.590163934426236,59.4059405940594,58.72747930530758,66.00660066006601,74.75247524752476,25.297029702970296,74.18032786885246,44.67213114754099,,0.0,2.0792079207920797,60.80668722609966,49.340686507175306,9.386792798132277,4.693396399066138,0.4839166690629497,63.90479237343667
best_attacker,1,22136685,Nathanaël Mbuku,Dinamo Zagreb,Attacker,24,496.0,2.0,1.0,0.3629032258064516,0.1814516129032258,82.42424242424242,87.27272727272727,78.7878787878788,96.2871287128713,84.17416741674168,61.7986798679868,64.95049504950495,39.17079207920793,63.18181818181819,80.75757575757575,,0.0,0.2376237623762376,84.41179117911791,63.406236779025285,20.7679306377164,10.383965318858198,0.0,94.55813273559988
best_attacker,2,73448,Marko Pjaca,Dinamo Zagreb,Attacker,31,2384.0,6.0,6.0,0.2265100671140939,0.2265100671140939,53.63636363636363,93.33333333333331,60.0,96.2871287128713,71.71962196219621,60.39603960396039,65.64356435643563,26.745049504950497,77.72727272727272,73.86363636363636,,0.0,6.415841584158417,78.13546354635463,63.406236779025285,8.31338518317093,4.156692591585465,0.0,75.87631455378168
best_attacker,3,1486200,Arbër Hoxha,Dinamo Zagreb,Attacker,27,1254.0,3.0,3.0,0.215311004784689,0.215311004784689,63.333333333333336,89.09090909090908,51.51515151515152,84.65346534653466,69.64716471647164,76.4026402640264,59.10891089108911,22.2029702970297,68.18181818181817,62.57575757575758,,0.0,3.0693069306930694,72.71647164716471,63.406236779025285,6.240927937446351,3.1204639687231754,0.0,72.76762868519481
best_attacker,4,7745870,Dimitar Mitrovski,Varaždin,Attacker,27,2111.0,8.0,1.0,0.3410705826622454,0.0426338228327806,73.93939393939395,66.66666666666667,77.57575757575756,35.148514851485146,68.96939693969397,80.6930693069307,67.22772277227723,30.420792079207928,74.54545454545453,85.15151515151516,,0.0,5.702970297029703,74.67236723672367,48.29913047958605,20.67026646010792,10.33513323005396,1.0046946828575791,80.3092248526055
best_attacker,5,75098,Dario Spikic,Dinamo Zagreb,Attacker,27,624.0,1.0,0.0,0.1442307692307692,0.0,40.30303030303031,66.66666666666667,86.66666666666667,96.2871287128713,67.71962196219623,75.74257425742574,42.47524752475248,61.150990099009896,32.72727272727273,70.15151515151516,,0.0,0.7128712871287128,68.43249324932493,63.406236779025285,4.313385183170944,2.156692591585472,0.0,69.8763145537817
best_attacker,6,37571435,Ante Suto,Slaven Koprivnica,Attacker,26,518.0,4.0,1.0,0.694980694980695,0.1737451737451737,97.57575757575758,53.93939393939394,69.09090909090908,0.9900990099009874,66.28082808280827,84.65346534653465,37.72277227722772,51.48514851485149,58.63636363636364,54.99999999999999,,0.0,0.3366336633663366,66.61746174617461,51.30896541384557,14.9718626689627,7.48593133448135,0.0,73.76675941728962
best_attacker,7,3862681,Marco Pašalić,Rijeka,Attacker,25,1372.0,4.0,3.0,0.2623906705539358,0.1967930029154519,65.15151515151517,73.33333333333333,56.96969696969697,68.31683168316832,65.46804680468047,70.04950495049505,61.08910891089109,21.287128712871286,84.54545454545455,67.80303030303031,,0.0,3.405940594059406,68.87398739873987,51.55523601085063,13.91281079382984,6.956405396914921,0.0,72.42445220159539
best_attacker,8,131838,Bruno Petkovic,Dinamo Zagreb,Attacker,31,865.0,4.0,3.0,0.4161849710982659,0.3121387283236994,76.36363636363636,77.27272727272727,36.96969696969697,77.72277227722772,64.95409540954094,82.50825082508251,52.42574257425743,45.123762376237615,82.27272727272727,57.91666666666666,,0.0,1.3069306930693072,66.26102610261024,63.406236779025285,1.5478586305156554,0.7739293152578277,0.0,65.72802472479877
best_attacker,9,37582788,Vinko Rozic,Istra 1961,Attacker,22,1063.0,7.0,1.0,0.5926622765757291,0.0846660395108184,96.96969696969698,57.57575757575759,41.21212121212121,59.900990099009896,64.71737173717372,66.17161716171618,47.42574257425743,15.123762376237622,52.727272727272734,52.65151515151516,,2.0,2.217821782178218,68.93519351935194,49.340686507175306,15.376685229998415,7.688342614999208,0.4839166690629497,72.88963102123589
best_attacker,10,37287242,Ivan Laća,Šibenik,Attacker,23,1545.0,3.0,4.0,0.174757281553398,0.233009708737864,35.15151515151515,64.84848484848484,80.60606060606061,96.2871287128713,63.81053105310532,41.006600660066006,47.12871287128713,51.00247524752476,60.90909090909091,70.53030303030303,,0.0,4.198019801980198,68.00855085508552,45.37125340014588,18.439277652959436,9.219638826479716,2.4686332225776617,75.4988031021627
best_attacker,11,73704,Alen Grgic,Slaven Koprivnica,Attacker,31,2478.0,7.0,8.0,0.2542372881355932,0.2905569007263922,62.424242424242415,78.18181818181819,51.21212121212121,43.56435643564357,61.9018901890189,39.93399339933993,53.66336633663366,36.28712871287129,70.0,63.10606060606061,,0.0,6.6138613861386135,68.51575157515751,51.30896541384557,10.59292477517333,5.296462387586665,0.0,67.19835257660557
best_attacker,12,3568423,Michele Sego,Varaždin,Attacker,25,1517.0,4.0,3.0,0.2373104812129202,0.1779828609096901,55.15151515151516,76.36363636363636,44.24242424242424,89.10891089108911,61.63816381638164,72.93729372937294,65.04950495049505,25.495049504950494,84.54545454545455,65.07575757575758,,0.0,3.881188118811881,65.51935193519351,48.29913047958605,13.339033336795588,6.669516668397794,1.0046946828575791,69.312375167637
best_attacker,13,73145,Šime Gržan,Šibenik,Attacker,32,2116.0,3.0,2.0,0.1275992438563327,0.0850661625708884,37.57575757575757,60.6060606060606,83.63636363636364,69.3069306930693,61.47614761476148,46.617161716171616,61.58415841584159,46.38613861386138,66.36363636363636,81.5909090909091,,0.0,5.742574257425742,67.21872187218722,45.37125340014588,16.104894214615598,8.052447107307799,2.4686332225776617,71.99722794464694
best_attacker,14,540173,Sandro Kulenovic,Dinamo Zagreb,Attacker,26,1910.0,15.0,0.0,0.7068062827225131,0.0,96.96969696969695,36.06060606060606,38.78787878787879,91.08910891089108,60.65436543654366,47.19471947194719,29.851485148514847,35.99009900990099,25.0,41.32575757575758,,0.0,5.346534653465346,66.000900090009,63.406236779025285,-2.7518713424816283,0.0,0.0,60.65436543654366
best_attacker,15,527767,Naïs Djouahra,Rijeka,Attacker,26,1823.0,4.0,4.0,0.1974766867800329,0.1974766867800329,43.333333333333336,70.9090909090909,54.54545454545454,90.5940594059406,59.69576957695769,53.46534653465346,53.56435643564356,22.004950495049503,80.45454545454544,60.22727272727272,,0.0,4.99009900990099,64.68586858685867,51.55523601085063,8.14053356610706,4.07026678305353,0.0,63.76603636001121
best_defender,1,37546618,Raúl Torrente,Dinamo Zagreb,Defender,24,1650.0,2.0,1.0,0.109090909090909,0.0545454545454545,86.80555555555556,83.33333333333333,61.57407407407408,61.13861386138614,75.6277502750275,13.531353135313532,63.26732673267327,73.30445544554455,45.3125,67.24537037037038,,0.0,4.594059405940594,80.2218096809681,63.406236779025285,12.22151349600221,6.110756748001105,0.0,81.7385070230286
best_defender,2,23707307,Luka Jelenic,Osijek,Defender,26,2532.0,2.0,1.0,0.0710900473933649,0.0355450236966824,76.1574074074074,72.22222222222221,75.46296296296295,46.03960396039604,71.75673817381738,51.48514851485148,49.9009900990099,82.35148514851485,34.375,62.55787037037036,,0.0,6.772277227722771,78.52901540154015,52.198656341043936,19.558081832773446,9.779040916386723,0.0,81.5357790902041
best_defender,3,37544959,Moris Valincic,Istra 1961,Defender,23,2619.0,1.0,2.0,0.0343642611683848,0.0687285223367697,63.888888888888886,71.75925925925925,75.92592592592594,47.52475247524752,68.22469746974699,80.03300330033004,64.45544554455446,68.76237623762377,64.93055555555556,69.03935185185185,,0.0,6.930693069306931,75.15539053905391,49.340686507175306,18.88401096257168,9.44200548128584,0.4839166690629497,78.15061962009577
best_defender,4,37512280,Niko Galesic,Rijeka,Defender,25,1338.0,2.0,1.0,0.1345291479820627,0.0672645739910313,93.05555555555554,71.75925925925925,47.68518518518518,33.66336633663366,67.11633663366337,55.94059405940593,60.0,61.33663366336634,64.58333333333333,59.25925925925925,,0.0,3.326732673267327,70.4430693069307,51.55523601085063,15.561100622812738,7.780550311406369,0.0,74.89688694506974
best_defender,5,37325018,Emin Hasic,Osijek,Defender,23,1320.0,2.0,1.0,0.1363636363636363,0.0681818181818181,92.12962962962963,53.24074074074073,70.83333333333333,19.306930693069305,66.79180418041803,35.64356435643565,49.9009900990099,78.14356435643563,52.43055555555556,59.201388888888886,,0.0,3.287128712871287,70.07893289328932,52.198656341043936,14.59314783937409,7.296573919687045,0.0,74.08837810010507
best_defender,6,75066,Filip Uremovic,Hajduk Split,Defender,29,2780.0,2.0,1.0,0.0647482014388489,0.0323741007194244,71.75925925925925,68.51851851851852,72.68518518518518,21.78217821782178,66.06710671067107,37.788778877887786,59.4059405940594,79.55445544554455,41.66666666666666,65.50925925925925,,0.0,7.326732673267327,73.3938393839384,49.584473497440825,16.482633213230244,8.241316606615122,0.36202317393019,74.67044649121638
best_defender,7,37560492,Ivan Cvijanovic,Osijek,Defender,22,888.0,1.0,1.0,0.1013513513513513,0.1013513513513513,92.3611111111111,44.44444444444445,64.81481481481482,49.00990099009901,65.38710121012102,48.43234323432343,45.54455445544555,73.39108910891089,57.638888888888886,44.56018518518519,,2.0,1.4257425742574257,68.81284378437844,52.198656341043936,13.18844486907708,6.5942224345385405,0.0,71.98132364465955
best_defender,8,96854,Ronaël Pierre-Gabriel,Dinamo Zagreb,Defender,28,2288.0,3.0,2.0,0.118006993006993,0.0786713286713286,87.96296296296295,71.75925925925927,44.90740740740741,16.336633663366342,63.02255225522551,53.46534653465346,69.60396039603961,52.50000000000001,66.66666666666666,52.83564814814815,,0.0,6.138613861386139,69.16116611661165,63.406236779025285,-0.3836845237997721,0.0,0.0,63.02255225522551
best_defender,9,73867,Dominik Kovacic,Slaven Koprivnica,Defender,32,2484.0,2.0,1.0,0.072463768115942,0.036231884057971,67.5925925925926,63.888888888888886,53.703703703703695,66.33663366336634,62.18921892189218,45.46204620462046,53.366336633663366,71.7821782178218,43.75,54.80324074074073,,0.0,6.653465346534654,68.84268426842684,51.30896541384557,10.880253508046614,5.440126754023307,0.0,67.62934567591549
best_defender,10,47589,Stjepan Radeljic,Rijeka,Defender,28,1901.0,2.0,1.0,0.094687006838506,0.047343503419253,84.72222222222223,66.20370370370371,42.59259259259259,40.5940594059406,62.11496149614962,29.45544554455445,68.41584158415841,65.44554455445544,62.84722222222222,59.31712962962963,,0.0,5.306930693069307,67.42189218921892,51.55523601085063,10.55972548529899,5.279862742649495,0.0,67.39482423879912
best_defender,11,73090,Tomislav Bozic,Slaven Koprivnica,Defender,38,2814.0,3.0,1.0,0.0959488272921108,0.0319829424307036,83.79629629629629,52.31481481481481,56.48148148148149,42.57425742574258,62.03520352035203,15.594059405940596,55.742574257425744,76.23762376237624,43.40277777777778,56.19212962962963,,0.0,7.445544554455446,69.48074807480748,51.30896541384557,10.726238106506456,5.363119053253229,0.0,67.39832257360526
best_defender,12,52801,Dario Maresic,Istra 1961,Defender,26,2911.0,3.0,0.0,0.0927516317416695,0.0,81.01851851851852,52.31481481481482,59.72222222222223,37.62376237623762,61.679042904290434,63.03630363036303,67.22772277227723,69.35643564356434,62.15277777777778,67.70833333333334,,0.0,7.762376237623762,69.4414191419142,49.340686507175306,12.338356397115128,6.169178198557564,0.4839166690629497,68.33213777191095
best_defender,13,32405608,Ivan Smolcic,Rijeka,Defender,25,1564.0,1.0,2.0,0.057544757033248,0.1150895140664961,63.88888888888889,48.14814814814815,77.77777777777777,41.08910891089109,61.05335533553355,37.54125412541254,64.35643564356437,78.53960396039604,79.51388888888889,67.70833333333334,,0.0,4.2772277227722775,65.33058305830583,51.55523601085063,9.498119324682923,4.749059662341463,0.0,65.80241499787502
best_defender,14,34481476,Roko Jurisic,Osijek,Defender,24,2864.0,3.0,1.0,0.0942737430167597,0.0314245810055865,83.10185185185185,49.53703703703703,49.53703703703704,62.37623762376238,60.89040154015401,44.71947194719471,63.76237623762376,59.801980198019805,62.5,52.719907407407405,,0.0,7.524752475247523,68.41515401540153,52.198656341043936,8.691745199110073,4.345872599555037,0.0,65.23627413970905
best_defender,15,2890,Kévin Théophile-Catherine,Dinamo Zagreb,Defender,36,2145.0,2.0,1.0,0.0839160839160839,0.0419580419580419,78.24074074074075,76.38888888888887,35.18518518518518,36.13861386138614,60.55830583058306,46.6996699669967,72.52475247524754,58.68811881188119,61.80555555555556,58.04398148148148,,0.0,5.782178217821783,66.34048404840485,63.406236779025285,-2.847930948442226,0.0,0.0,60.55830583058306
best_midfielder,1,37563601,Luka Stojkovic,Dinamo Zagreb,Midfielder,22,1542.0,6.0,5.0,0.3501945525291828,0.2918287937743191,90.1639344262295,75.95628415300546,57.92349726775956,57.92079207920792,73.00519396201913,76.07260726072609,83.66336633663367,50.51980198019802,86.88524590163934,67.89617486338798,,2.0,4.158415841584159,79.1636098036033,63.406236779025285,9.59895718299385,4.799478591496925,0.0,77.80467255351606
best_midfielder,2,21072870,Jurica Prsir,Gorica,Midfielder,26,1511.0,3.0,2.0,0.1786896095301125,0.1191264063534083,79.78142076502733,79.78142076502733,69.94535519125682,39.6039603960396,72.81285505599742,62.70627062706271,84.35643564356437,60.99009900990098,71.31147540983606,74.72677595628414,,0.0,3.8415841584158414,76.65443921441326,44.70718855697045,28.105666499026967,14.052833249513483,2.800665644165377,89.66635394967628
best_midfielder,3,72614,Arijan Ademi,Dinamo Zagreb,Midfielder,35,837.0,3.0,1.0,0.3225806451612903,0.1075268817204301,88.25136612021856,68.85245901639344,77.04918032786885,22.27722772277228,72.47362441162149,72.1947194719472,57.92079207920792,61.75742574257425,51.22950819672131,65.3688524590164,,0.0,1.2277227722772277,73.70134718389872,63.406236779025285,9.0673876325962,4.533693816298101,0.0,77.00731822791958
best_midfielder,4,37569839,Lukas Kacavenda,Dinamo Zagreb,Midfielder,23,733.0,2.0,3.0,0.2455661664392905,0.3683492496589359,86.88524590163934,65.02732240437159,64.48087431693989,69.8019801980198,71.89823080668721,85.47854785478548,60.4950495049505,47.00495049504951,70.08196721311475,56.4207650273224,,0.0,0.9504950495049505,72.84872585619216,63.406236779025285,8.491994027661924,4.245997013830962,0.0,76.14422782051817
best_midfielder,5,530693,Hrvoje Babec,Osijek,Midfielder,26,1522.0,1.0,2.0,0.0591327201051248,0.1182654402102496,49.18032786885246,80.8743169398907,67.75956284153006,71.2871287128713,66.4729751663691,44.63696369636964,62.97029702970296,72.52475247524752,50.0,67.07650273224044,,0.0,3.96039603960396,70.43337120597306,52.198656341043936,14.27431882532516,7.13715941266258,0.0,73.61013457903168
best_midfielder,6,37694071,Niko Sigur,Hajduk Split,Midfielder,22,1612.0,3.0,1.0,0.1674937965260546,0.0558312655086848,73.224043715847,57.377049180327866,75.95628415300547,20.29702970297029,63.99691608505113,78.87788778877888,48.01980198019802,54.38118811881189,34.01639344262296,58.87978142076504,,2.0,4.514851485148514,70.51176757019965,49.584473497440825,14.412442587610307,7.206221293805154,0.36202317393019,71.56516055278647
best_midfielder,7,73871,Filip Krovinovic,Hajduk Split,Midfielder,30,2240.0,3.0,0.0,0.1205357142857142,0.0,53.551912568306015,62.02185792349727,65.02732240437159,92.57425742574256,63.43775361142672,33.16831683168317,59.801980198019805,59.03465346534653,26.434426229508198,61.61202185792349,,0.0,5.9405940594059405,69.37834767083265,49.584473497440825,13.853280113985887,6.9266400569929445,0.36202317393019,70.72641684234986
best_midfielder,8,37324970,Marko Soldo,Osijek,Midfielder,22,2357.0,6.0,5.0,0.2291047942299533,0.1909206618582944,84.69945355191255,40.43715846994535,60.10928961748633,72.27722772277227,62.8014932640805,77.39273927392739,44.45544554455446,63.96039603960396,68.44262295081967,47.06284153005464,,2.0,6.257425742574258,71.05891900665476,52.198656341043936,10.602836923036564,5.301418461518281,0.0,68.10291172559877
best_midfielder,9,37704799,Adriano Jagusic,Slaven Koprivnica,Midfielder,20,1526.0,3.0,3.0,0.1769331585845347,0.1769331585845347,68.30601092896175,56.28415300546448,62.29508196721312,56.93069306930693,61.75864307742249,75.08250825082509,64.95049504950495,45.915841584158414,77.45901639344262,60.24590163934426,,6.0,4.03960396039604,71.79824703781853,51.30896541384557,10.44967766357692,5.22483883178846,0.0,66.98348190921095
best_midfielder,10,37550680,Martin Baturina,Dinamo Zagreb,Midfielder,23,2380.0,4.0,10.0,0.1512605042016806,0.3781512605042016,69.12568306010928,86.33879781420764,20.21857923497268,82.67326732673267,60.97224476546014,86.63366336633663,82.17821782178218,20.024752475247528,82.37704918032787,48.63387978142077,,0.0,6.356435643564357,67.3286804090245,63.406236779025285,-2.4339920135651454,0.0,0.0,60.97224476546014
best_midfielder,11,29992,Ivan Rakitić,Hajduk Split,Midfielder,38,3065.0,2.0,4.0,0.0587275693311582,0.1174551386623164,42.07650273224044,77.59562841530054,60.928961748633874,64.60396039603961,60.64072390845642,33.993399339933994,90.0990099009901,48.27970297029702,67.62295081967213,74.1120218579235,,0.0,7.96039603960396,68.60111994806039,49.584473497440825,11.056250411015595,5.528125205507799,0.36202317393019,66.53087228789443
best_midfielder,12,74182,T. Halilović,Gorica,Midfielder,31,1519.0,2.0,0.0,0.1184990125082291,0.0,56.28415300546448,56.55737704918033,65.57377049180327,70.79207920792079,60.6037980847265,54.37293729372937,77.22772277227723,59.33168316831684,53.89344262295082,68.23770491803279,,0.0,3.920792079207921,64.52459016393442,44.70718855697045,15.896609527756048,7.948304763878024,2.800665644165377,71.3527684927699
best_midfielder,13,28912771,Adrion Pajaziti,Gorica,Midfielder,23,1569.0,3.0,0.0,0.1720841300191204,0.0,79.23497267759564,62.56830601092896,30.054644808743166,71.78217821782178,58.7355948709625,86.13861386138613,71.08910891089108,27.995049504950494,48.97540983606557,48.428961748633874,,0.0,4.316831683168317,63.05242655413082,44.70718855697045,14.02840631399205,7.014203156996025,2.800665644165377,68.5504636721239
best_midfielder,14,338593,Stjepan Loncar,Istra 1961,Midfielder,29,1043.0,6.0,1.0,0.5177372962607862,0.0862895493767977,96.72131147540983,54.64480874316939,24.590163934426236,59.4059405940594,58.72747930530758,66.00660066006601,74.75247524752476,25.297029702970296,74.18032786885246,44.67213114754099,,0.0,2.0792079207920797,60.80668722609966,49.340686507175306,9.386792798132277,4.693396399066138,0.4839166690629497,63.90479237343667
best_midfielder,15,62670,Ljuban Crepulja,Slaven Koprivnica,Midfielder,32,2154.0,1.0,2.0,0.0417827298050139,0.0835654596100278,39.071038251366126,78.14207650273224,46.99453551912568,92.07920792079209,58.47021587404642,26.237623762376234,85.44554455445545,47.52475247524752,56.967213114754095,66.12021857923497,,0.0,5.821782178217822,64.29199805226425,51.30896541384557,7.161250460200854,3.580625230100427,0.0,62.050841104146855
best_goalkeepers,1,76047,Ivan Sušak,Slaven Koprivnica,Goalkeeper,28,2880.0,0.0,0.0,0.0,0.0,53.57142857142858,55.95238095238096,46.42857142857142,87.37623762376238,55.52333804809053,5.528052805280527,31.534653465346537,25.160891089108915,48.21428571428571,51.33928571428571,69.28571428571428,0.0,7.643564356435643,63.16690240452617,51.30896541384557,4.21437263424496,2.10718631712248,0.0,57.630524365213006
best_goalkeepers,2,73640,Oliver Zelenika,Varaždin,Goalkeeper,33,2880.0,0.0,0.0,0.0,0.0,53.57142857142858,77.38095238095238,60.7142857142857,87.37623762376238,66.23762376237623,4.785478547854786,41.03960396039604,25.259900990099013,39.28571428571428,67.41071428571428,67.85714285714286,0.0,7.643564356435643,73.88118811881188,48.29913047958605,17.938493282790184,8.969246641395092,1.0046946828575791,76.2115650866289
best_goalkeepers,3,7330,Ivan Lucic,Hajduk Split,Goalkeeper,31,2496.0,0.0,0.0,0.0,0.0,53.57142857142858,79.76190476190476,48.8095238095238,75.24752475247524,62.16760961810466,6.930693069306931,39.8019801980198,28.36633663366337,56.25,67.26190476190476,66.42857142857142,0.0,6.732673267326732,68.9002828854314,49.584473497440825,12.583136120663838,6.291568060331919,0.36202317393019,68.82120085236679
best_goalkeepers,4,74526,Ivan Banic,Gorica,Goalkeeper,31,2430.0,0.0,0.0,0.0,0.0,53.57142857142858,53.57142857142858,60.7142857142857,83.66336633663366,58.72347949080622,39.93399339933993,31.83168316831684,32.4009900990099,69.64285714285714,59.37499999999999,64.28571428571429,0.0,6.495049504950496,65.21852899575671,44.70718855697045,14.01629093383577,7.008145466917885,2.800665644165377,68.53229060188949
best_goalkeepers,5,1525038,Lovro Majkic,Istra 1961,Goalkeeper,26,2751.0,0.0,0.0,0.0,0.0,53.57142857142858,29.76190476190476,44.04761904761904,86.13861386138613,46.82814710042433,40.18151815181518,28.41584158415841,25.495049504950497,61.60714285714285,39.88095238095238,61.42857142857142,0.0,7.247524752475248,54.07567185289958,49.340686507175306,-2.5125394067509745,0.0,0.4839166690629497,47.31206376948728
best_goalkeepers,6,1193792,Martin Zlomislic,Rijeka,Goalkeeper,27,3054.0,0.0,0.0,0.0,0.0,53.57142857142858,53.57142857142858,72.6190476190476,89.60396039603961,62.8889674681754,4.455445544554455,31.386138613861384,28.638613861386133,59.82142857142857,64.88095238095238,56.42857142857142,0.0,7.920792079207921,70.80975954738332,51.55523601085063,11.333731457324768,5.666865728662383,0.0,68.55583319683778
best_goalkeepers,7,73451,Danijel Zagorac,Dinamo Zagreb,Goalkeeper,39,810.0,0.0,0.0,0.0,0.0,53.57142857142858,58.333333333333336,60.7142857142857,73.76237623762376,59.161951909476656,7.1782178217821775,31.03960396039604,25.47029702970297,42.85714285714286,53.12499999999999,56.42857142857142,0.0,1.108910891089109,60.270862800565766,63.406236779025285,-4.244284869548629,0.0,0.0,59.161951909476656
best_goalkeepers,8,74071,Ivan Nevistic,Dinamo Zagreb,Goalkeeper,27,2160.0,0.0,0.0,0.0,0.0,53.57142857142858,75.0,34.52380952380952,96.2871287128713,58.55728429985855,4.125412541254125,44.4059405940594,21.5470297029703,35.71428571428571,44.49404761904762,53.57142857142858,0.0,5.861386138613861,64.41867043847242,63.406236779025285,-4.8489524791667336,0.0,0.0,58.55728429985855
best_goalkeepers,9,73710,Marko Malenica,Osijek,Goalkeeper,32,2880.0,0.0,0.0,0.0,0.0,53.57142857142858,39.285714285714285,77.3809523809524,96.2871287128713,60.7001414427157,3.7953795379537953,29.00990099009901,27.98267326732673,56.25,63.6904761904762,48.57142857142857,0.0,7.643564356435643,68.34370579915135,52.198656341043936,8.501485101671769,4.250742550835884,0.0,64.95088399355159
best_goalkeepers,10,76452,Zvonimir Subaric,Lokomotiva Zagreb,Goalkeeper,29,2970.0,0.0,0.0,0.0,0.0,53.57142857142858,29.761904761904763,65.47619047619047,79.70297029702971,52.61315417256011,5.2805280528052805,26.980198019801986,24.87623762376237,46.42857142857143,45.6845238095238,45.71428571428571,0.0,7.801980198019802,60.41513437057991,47.31337146692811,5.299782705631998,2.649891352815999,1.4975741891865475,56.76061971456265
best_goalkeepers,11,67094,B. Radošević,Gorica,Goalkeeper,37,551.0,0.0,0.0,0.0,0.0,53.57142857142858,51.1904761904762,36.9047619047619,96.2871287128713,52.12871287128713,5.115511551155115,30.544554455445542,33.13118811881189,51.78571428571429,40.32738095238095,40.0,0.0,0.4554455445544555,52.58415841584159,44.70718855697045,7.421524314316677,3.7107621571583382,2.800665644165377,58.64014067261084
best_goalkeepers,12,73489,Ivan Filipovic,Dinamo Zagreb,Goalkeeper,31,1260.0,0.0,0.0,0.0,0.0,53.57142857142858,67.85714285714285,41.66666666666666,67.82178217821783,55.71074964639321,3.96039603960396,34.306930693069305,29.03465346534654,53.57142857142857,56.10119047619048,40.0,0.0,3.1683168316831685,58.87906647807638,63.406236779025285,-7.695487132632074,0.0,0.0,55.71074964639321
best_goalkeepers,13,21404328,Antonio Đaković,Šibenik,Goalkeeper,25,1890.0,0.0,0.0,0.0,0.0,53.57142857142858,46.42857142857142,60.7142857142857,52.97029702970298,53.51131541725601,36.55115511551156,31.138613861386137,27.797029702970303,69.64285714285714,58.48214285714285,39.285714285714285,0.0,5.227722772277229,58.73903818953323,45.37125340014588,8.140062017110125,4.070031008555063,2.4686332225776617,60.04997964838873
best_goalkeepers,14,132583,Marijan Ćorić,Istra 1961,Goalkeeper,31,450.0,0.0,0.0,0.0,0.0,53.57142857142858,32.14285714285714,39.285714285714285,96.2871287128713,47.12871287128713,3.3828382838283826,27.77227722772277,29.467821782178216,58.92857142857143,37.94642857142857,20.71428571428571,0.0,0.0396039603960396,47.16831683168317,49.340686507175306,-2.211973635888178,0.0,0.4839166690629497,47.61262954035008
best_goalkeepers,15,36460828,Toni Silić,Hajduk Split,Goalkeeper,27,382.0,0.0,0.0,0.0,0.0,,,,,,,,,,,,0.0,,,49.584473497440825,,,0.36202317393019,
