player_id,player_name,team_name,position,age,minutes,rating,goals_per90,assists_per90,shots_per90,shots_on_target_per90,passes_per90,tackles_per90,interceptions_per90,cards_per90,shot_accuracy,goal_conversion,pass_accuracy_ratio,duel_success_rate,minutes_per_appearance,goal_contribution_per90,successful_dribbles_per90,dribble_success_rate,fouls_drawn_per90,crosses_per90,accurate_crosses_per90,cross_accuracy,long_balls_per90,accurate_long_balls_per90,long_ball_accuracy,key_passes_per90,aerials_won_per90,clearances_per90,saves_per90,clean_sheet_rate,goals_conceded_per90,attacking_score,creative_score,defensive_score,discipline_score,overall_score,dribbling_score,passing_score,duel_defending_score,progressive_midfielder_score,passer_defender_score,goalkeeper_score,age_bonus,reliability_bonus,age_potential_score,team_average_score,score_above_team_average,standout_bonus,weak_team_bonus,underrated_score,cluster_id,cluster_name
129013,Marko Livaja,Hajduk Split,Attacker,32,3097.0,7.49,0.5521472392638037,0.290603810138844,2.5573135292218274,1.1624152405553765,21.010655473038423,0.5230868582499193,0.1162415240555376,0.1743622860833064,45.45454545454545,21.59090909090909,0.6708,44.23076923076923,88.48571428571428,0.8427510494026478,0.7846302873748789,46.55172413793103,1.5402001937358734,0.9589925734581852,0.2034226670971908,21.21212121212121,1.656441717791411,0.7555699063609945,45.6140350877193,1.3367775266386823,1.9761059089441395,0.6683887633193413,0.0,34.285714285714285,0.9008718114304164,92.72727272727272,50.90909090909091,25.45454545454545,58.415841584158414,56.56885688568857,67.98679867986799,33.56435643564357,25.742574257425744,71.36363636363636,35.0,,0.0,8.0,64.56885688568858,49.584473497440825,6.984383388247743,3.4921916941238718,0.36202317393019,60.42307175374263,3,high-volume finishers
29992,Ivan Rakitić,Hajduk Split,Midfielder,38,3065.0,7.45,0.0587275693311582,0.1174551386623164,1.3213703099510603,0.2936378466557912,57.9347471451876,1.6150081566068517,1.468189233278956,0.1468189233278956,22.22222222222222,4.444444444444445,0.8140000000000001,50.95057034220533,87.57142857142857,0.1761827079934747,0.1468189233278956,18.51851851851852,1.438825448613377,6.6068515497553015,2.1141924959216967,32.0,7.370309951060359,3.699836867862969,50.199203187250994,2.202283849918434,0.734094616639478,0.9102773246329527,0.0,34.285714285714285,0.9690048939641108,42.07650273224044,77.59562841530054,60.928961748633874,64.60396039603961,60.64072390845642,33.993399339933994,90.0990099009901,48.27970297029702,67.62295081967213,74.1120218579235,,0.0,7.96039603960396,68.60111994806039,49.584473497440825,11.056250411015595,5.528125205507799,0.36202317393019,66.53087228789443,2,balanced profile
1193792,Martin Zlomislic,Rijeka,Goalkeeper,27,3054.0,6.86,0.0,0.0,0.0,0.0,28.99803536345776,0.0589390962671905,0.0,0.0589390962671905,0.0,0.0,0.6626000000000001,95.0,89.82352941176471,0.0,0.0,0.0,0.1178781925343811,0.0,0.0,0.0,14.646365422396856,4.921414538310413,33.601609657947684,0.0294695481335952,0.3536345776031434,0.825147347740668,1.56188605108055,55.88235294117647,0.618860510805501,53.57142857142858,53.57142857142858,72.6190476190476,89.60396039603961,62.8889674681754,4.455445544554455,31.386138613861384,28.638613861386133,59.82142857142857,64.88095238095238,56.42857142857142,0.0,7.920792079207921,70.80975954738332,51.55523601085063,11.333731457324768,5.666865728662383,0.0,68.55583319683778,9,goalkeeper distributors
73932,Fran Karacic,Lokomotiva Zagreb,Defender,30,3030.0,7.12,0.1188118811881188,0.1188118811881188,1.7227722772277227,0.3564356435643564,35.94059405940594,1.0693069306930694,1.0693069306930694,0.2079207920792079,20.6896551724138,6.896551724137931,0.6661,54.48028673835125,89.11764705882354,0.2376237623762376,0.5346534653465347,46.15384615384615,0.5643564356435643,3.801980198019802,0.6831683168316832,17.96875,9.415841584158416,3.1782178217821784,33.753943217665615,0.9504950495049505,2.4653465346534653,3.594059405940594,0.0,20.58823529411765,1.4257425742574257,83.7962962962963,42.129629629629626,35.18518518518518,46.53465346534653,52.98679867986799,45.04950495049505,58.11881188118812,62.97029702970298,86.80555555555556,41.72453703703704,,0.0,7.881188118811881,60.867986798679866,47.31337146692811,5.6734272129398775,2.8367136064699388,1.4975741891865475,57.32108647552448,2,balanced profile
26336984,Niko Jankovic,Rijeka,Midfielder,24,2995.0,7.22,0.2404006677796327,0.0601001669449081,2.1936560934891487,0.6911519198664441,23.46911519198665,1.5926544240400669,0.5409015025041736,0.1803005008347245,31.506849315068493,10.95890410958904,0.7286,45.40389972144847,88.08823529411765,0.3005008347245409,0.5108514190317195,39.53488372093023,1.7128547579298832,2.4340567612687813,0.6911519198664441,28.395061728395063,2.283806343906511,0.9015025041736228,39.47368421052632,1.2020033388981637,1.0818030050083471,0.66110183639399,0.0,58.8235294117647,0.6010016694490818,80.327868852459,23.49726775956284,29.508196721311474,56.43564356435643,45.64356435643565,56.76567656765676,46.03960396039604,33.56435643564357,43.85245901639344,27.868852459016395,,0.0,7.841584158415842,53.48514851485149,51.55523601085063,-5.911671654414981,0.0,0.0,45.64356435643565,0,balanced profile
76452,Zvonimir Subaric,Lokomotiva Zagreb,Goalkeeper,29,2970.0,6.82,0.0,0.0,0.0,0.0,25.57575757575757,0.0303030303030303,0.0,0.0909090909090909,0.0,0.0,0.6374,91.66666666666669,90.0,0.0,0.0,0.0,0.1818181818181818,0.0,0.0,0.0,13.848484848484848,4.757575757575758,34.354485776805255,0.0,0.1515151515151515,0.6363636363636364,2.787878787878788,21.21212121212121,1.393939393939394,53.57142857142858,29.761904761904763,65.47619047619047,79.70297029702971,52.61315417256011,5.2805280528052805,26.980198019801986,24.87623762376237,46.42857142857143,45.6845238095238,45.71428571428571,0.0,7.801980198019802,60.41513437057991,47.31337146692811,5.299782705631998,2.649891352815999,1.4975741891865475,56.76061971456265,8,balanced profile
52801,Dario Maresic,Istra 1961,Defender,26,2911.0,7.14,0.0927516317416695,0.0,0.7420130539333563,0.2164204740638955,58.34077636551013,2.164204740638956,1.0202679491583648,0.247337684644452,29.166666666666668,12.5,0.778,56.578947368421055,88.21212121212122,0.0927516317416695,0.3710065269666781,70.58823529411765,1.205771212641704,0.3400893163861216,0.1545860529027825,45.45454545454545,13.479903813122638,6.214359326691858,46.10091743119266,0.6183442116111302,1.6076949501889386,3.462727585022329,0.0,33.333333333333336,1.082102370319478,81.01851851851852,52.31481481481482,59.72222222222223,37.62376237623762,61.679042904290434,63.03630363036303,67.22772277227723,69.35643564356434,62.15277777777778,67.70833333333334,,0.0,7.762376237623762,69.4414191419142,49.340686507175306,12.338356397115128,6.169178198557564,0.4839166690629497,68.33213777191095,6,progressive distributors
16488582,Ville Koski,Istra 1961,Defender,24,2881.0,7.08,0.0,0.03123915307185,0.4998264491496008,0.0624783061437001,50.57618882332523,1.124609510586602,1.124609510586602,0.1561957653592502,12.5,0.0,0.8345,56.09756097560975,84.73529411764706,0.03123915307185,0.1249566122874002,40.0,0.593543908365151,0.2186740715029503,0.03123915307185,14.285714285714286,7.341200971884763,3.061437001041305,41.70212765957447,0.3123915307185005,2.499132245748004,5.248177716070809,0.0,38.23529411764706,0.9371745921555016,27.31481481481482,66.20370370370371,41.66666666666666,62.87128712871287,46.84268426842685,27.145214521452147,57.62376237623762,68.53960396039604,44.79166666666666,52.43055555555556,,0.0,7.722772277227722,54.56545654565457,49.340686507175306,-2.4980022387484624,0.0,0.4839166690629497,47.32660093748979,1,ball-playing defenders
76047,Ivan Sušak,Slaven Koprivnica,Goalkeeper,28,2880.0,7.04,0.0,0.0,0.0,0.0,27.8125,0.0,0.0,0.0625,0.0,0.0,0.6764,90.0,90.0,0.0,0.0,0.0,0.1875,0.0,0.0,0.0,14.0625,5.375,38.22222222222222,0.0,0.09375,0.75,3.15625,28.125,1.09375,53.57142857142858,55.95238095238096,46.42857142857142,87.37623762376238,55.52333804809053,5.528052805280527,31.534653465346537,25.160891089108915,48.21428571428571,51.33928571428571,69.28571428571428,0.0,7.643564356435643,63.16690240452617,51.30896541384557,4.21437263424496,2.10718631712248,0.0,57.630524365213006,8,balanced profile
73710,Marko Malenica,Osijek,Goalkeeper,32,2880.0,6.99,0.0,0.0,0.0,0.0,26.25,0.03125,0.0,0.0,0.0,0.0,0.6595,100.0,90.0,0.0,0.0,0.0,0.0625,0.0,0.0,0.0,13.71875,4.9375,35.99088838268793,0.03125,0.15625,0.8125,3.15625,25.0,1.3125,53.57142857142858,39.285714285714285,77.3809523809524,96.2871287128713,60.7001414427157,3.7953795379537953,29.00990099009901,27.98267326732673,56.25,63.6904761904762,48.57142857142857,0.0,7.643564356435643,68.34370579915135,52.198656341043936,8.501485101671769,4.250742550835884,0.0,64.95088399355159,8,balanced profile
73640,Oliver Zelenika,Varaždin,Goalkeeper,33,2880.0,6.92,0.0,0.0,0.0,0.0,30.21875,0.0,0.0,0.0625,0.0,0.0,0.7384000000000001,100.0,90.0,0.0,0.0,0.0,0.15625,0.03125,0.03125,100.0,12.90625,5.46875,42.3728813559322,0.0,0.125,0.65625,1.75,50.0,0.5,53.57142857142858,77.38095238095238,60.7142857142857,87.37623762376238,66.23762376237623,4.785478547854786,41.03960396039604,25.259900990099013,39.28571428571428,67.41071428571428,67.85714285714286,0.0,7.643564356435643,73.88118811881188,48.29913047958605,17.938493282790184,8.969246641395092,1.0046946828575791,76.2115650866289,9,goalkeeper distributors
183535,Dejan Petrovic,Rijeka,Midfielder,28,2878.0,6.97,0.0312717164697706,0.093815149409312,0.4378040305767894,0.1563585823488533,31.64697706740792,1.6574009728978458,0.9068797776233496,0.187630298818624,35.714285714285715,7.142857142857143,0.7964,48.08510638297872,84.6470588235294,0.1250868658790827,0.1250868658790827,40.0,0.8130646282140376,0.4690757470465601,0.1250868658790827,26.666666666666668,4.784572619874913,2.4391938846421124,50.98039215686274,0.4690757470465601,0.9694232105628908,1.4697706740792216,0.0,55.88235294117647,0.6567060458651841,37.43169398907104,48.63387978142077,45.3551912568306,53.96039603960396,44.82226911215712,32.0957095709571,49.20792079207921,45.71782178217822,40.57377049180328,43.78415300546448,,0.0,7.564356435643564,52.38662554780068,51.55523601085063,-6.732966898693512,0.0,0.0,44.82226911215712,5,balanced profile
34481476,Roko Jurisic,Osijek,Defender,24,2864.0,6.98,0.0942737430167597,0.0314245810055865,0.4713687150837989,0.1885474860335195,43.08310055865922,1.3512569832402237,1.5083798882681565,0.1571229050279329,40.0,20.0,0.795,52.89256198347108,86.78787878787878,0.1256983240223463,0.6284916201117319,39.21568627450981,0.7541899441340782,1.5712290502793296,0.3142458100558659,20.0,5.342178770949721,2.2625698324022347,42.35294117647059,0.9113128491620112,1.3198324022346368,2.231145251396648,0.0,18.181818181818183,1.4769553072625698,83.10185185185185,49.53703703703703,49.53703703703704,62.37623762376238,60.89040154015401,44.71947194719471,63.76237623762376,59.801980198019805,62.5,52.719907407407405,,0.0,7.524752475247523,68.41515401540153,52.198656341043936,8.691745199110073,4.345872599555037,0.0,65.23627413970905,6,progressive distributors
74322,Frane Maglica,Varaždin,Defender,29,2827.0,7.1,0.0318358684117439,0.0955076052352316,0.2228510788822073,0.1273434736469756,33.6505129112133,2.0056597099398656,0.8914043155288291,0.0636717368234878,57.142857142857146,14.285714285714286,0.7587999999999999,51.11111111111112,85.66666666666667,0.1273434736469756,0.9869119207640608,44.927536231884055,0.6048814998231341,3.501945525291829,0.8595684471170852,24.545454545454547,4.011319419879731,1.432614078528475,35.714285714285715,1.050583657587549,1.4962858153519631,2.642377078174744,0.0,45.45454545454545,0.5730456314113902,62.5,47.22222222222223,41.2037037037037,86.63366336633663,53.94114411441145,52.14521452145215,60.0,61.01485148514852,72.91666666666667,40.74074074074074,,0.0,7.485148514851486,61.42629262926294,48.29913047958605,5.642013634825403,2.8210068174127017,1.0046946828575791,57.76684561468173,2,balanced profile
73090,Tomislav Bozic,Slaven Koprivnica,Defender,38,2814.0,7.23,0.0959488272921108,0.0319829424307036,0.5756929637526652,0.1918976545842217,43.94456289978678,1.791044776119403,0.9914712153518124,0.2238805970149253,33.333333333333336,16.666666666666668,0.7998999999999999,59.786476868327405,87.9375,0.1279317697228145,0.0639658848614072,33.333333333333336,0.2878464818763326,0.1918976545842217,0.0639658848614072,33.333333333333336,9.019189765458425,4.285714285714286,47.5177304964539,0.2238805970149253,3.326226012793177,4.957356076759062,0.0,28.125,1.023454157782516,83.79629629629629,52.31481481481481,56.48148148148149,42.57425742574258,62.03520352035203,15.594059405940596,55.742574257425744,76.23762376237624,43.40277777777778,56.19212962962963,,0.0,7.445544554455446,69.48074807480748,51.30896541384557,10.726238106506456,5.363119053253229,0.0,67.39832257360526,6,progressive distributors
37744101,Agyemang Morrison,Šibenik,Defender,21,2790.0,7.02,0.064516129032258,0.032258064516129,0.5806451612903226,0.1612903225806451,41.354838709677416,1.1612903225806452,0.7741935483870968,0.1612903225806451,27.77777777777778,11.11111111111111,0.8268000000000001,62.87878787878788,87.1875,0.0967741935483871,0.032258064516129,33.333333333333336,0.9032258064516128,0.1612903225806451,0.032258064516129,20.0,6.709677419354839,3.419354838709677,50.96153846153846,0.1935483870967742,3.2580645161290325,6.032258064516129,0.0,21.875,1.5806451612903225,66.43518518518519,52.31481481481482,43.98148148148149,61.88118811881188,55.00756325632563,26.15511551155116,52.57425742574257,70.56930693069307,35.06944444444444,47.51157407407408,,4.0,7.405940594059405,66.41350385038504,45.37125340014588,9.63630985617975,4.818154928089875,2.4686332225776617,62.29435140699317,6,progressive distributors
17525250,Kresimir Krizmanic,Gorica,Defender,26,2788.0,7.03,0.0645624103299856,0.0,0.2582496413199426,0.0968436154949784,39.70588235294117,1.9045911047345767,0.7101865136298422,0.0968436154949784,37.5,25.0,0.8317,56.27705627705628,87.125,0.0645624103299856,0.1936872309899569,42.85714285714285,0.742467718794835,0.5487804878048781,0.1936872309899569,35.294117647058826,4.2934002869440455,1.48493543758967,34.58646616541353,0.1614060258249641,1.4526542324246772,4.90674318507891,0.0,34.375,1.1621233859397415,70.37037037037037,43.51851851851851,41.2037037037037,79.20792079207921,54.44856985698569,34.98349834983498,48.31683168316832,64.70297029702971,25.0,38.48379629629629,,0.0,7.366336633663367,61.81490649064906,44.70718855697045,9.741381300015242,4.870690650007621,2.800665644165377,62.11992615115869,6,progressive distributors
75066,Filip Uremovic,Hajduk Split,Defender,29,2780.0,7.19,0.0647482014388489,0.0323741007194244,0.4532374100719424,0.1618705035971223,50.24460431654676,1.683453237410072,1.4568345323741008,0.3237410071942446,35.714285714285715,14.285714285714286,0.8382999999999999,61.92170818505338,89.6774193548387,0.0971223021582733,0.1942446043165467,50.0,0.5503597122302158,0.5503597122302158,0.1618705035971223,29.41176470588235,6.571942446043166,3.0431654676258995,46.30541871921182,0.1618705035971223,3.302158273381295,4.176258992805756,0.0,32.25806451612903,0.9388489208633094,71.75925925925925,68.51851851851852,72.68518518518518,21.78217821782178,66.06710671067107,37.788778877887786,59.4059405940594,79.55445544554455,41.66666666666666,65.50925925925925,,0.0,7.326732673267327,73.3938393839384,49.584473497440825,16.482633213230244,8.241316606615122,0.36202317393019,74.67044649121638,6,progressive distributors
73972,Ante Majstorovic,Rijeka,Defender,32,2759.0,7.11,0.0,0.0326205146792316,0.3588256614715476,0.1304820587169264,50.65965929684669,0.750271837622327,1.0438564697354114,0.2283436027546212,36.36363636363637,0.0,0.8139,62.44131455399061,86.21875,0.0326205146792316,0.0652410293584632,100.0,0.8807538963392534,0.1304820587169264,0.0326205146792316,25.0,10.79739035882566,4.27328742297934,39.57703927492447,0.1304820587169264,2.805364262413918,4.46901051105473,0.0,56.25,0.6197897789054005,36.11111111111112,65.27777777777779,43.98148148148149,41.58415841584159,47.76952695269527,50.9075907590759,56.83168316831683,66.68316831683168,42.70833333333333,51.851851851851855,,0.0,7.287128712871288,55.05665566556656,51.55523601085063,-3.785709058155355,0.0,0.0,47.76952695269527,1,ball-playing defenders
1525038,Lovro Majkic,Istra 1961,Goalkeeper,26,2751.0,6.86,0.0,0.0,0.0,0.0,23.75136314067612,0.0,0.0,0.0654307524536532,0.0,0.0,0.6377,89.47368421052632,88.74193548387096,0.0,0.0327153762268266,100.0,0.3598691384950926,0.0327153762268266,0.0327153762268266,100.0,12.202835332606323,3.794983642311887,31.099195710455763,0.0327153762268266,0.1962922573609596,0.7197382769901853,2.519083969465649,38.70967741935484,1.0468920392584515,53.57142857142858,29.76190476190476,44.04761904761904,86.13861386138613,46.82814710042433,40.18151815181518,28.41584158415841,25.495049504950497,61.60714285714285,39.88095238095238,61.42857142857142,0.0,7.247524752475248,54.07567185289958,49.340686507175306,-2.5125394067509745,0.0,0.4839166690629497,47.31206376948728,9,goalkeeper distributors
73659,Luka Lucic,Slaven Koprivnica,Midfielder,31,2739.0,7.08,0.0328587075575027,0.0,0.1971522453450164,0.0328587075575027,48.40087623220153,1.248630887185104,1.511500547645126,0.2957283680175246,16.666666666666668,16.666666666666668,0.7379000000000001,59.14893617021277,88.35483870967742,0.0328587075575027,0.3285870755750273,47.61904761904762,0.9857612267250822,3.8116100766703176,1.1171960569550932,29.310344827586206,8.937568455640745,3.647316538882804,40.80882352941177,0.9200438116100766,2.2343921139101863,3.745892661555312,0.0,22.580645161290324,1.248630887185104,43.44262295081967,41.80327868852459,68.30601092896175,27.72277227722772,48.83785099821458,47.35973597359736,72.97029702970298,71.63366336633663,49.385245901639344,64.89071038251366,,0.0,7.207920792079208,56.04577179029378,51.30896541384557,-2.4711144156309928,0.0,0.0,48.83785099821458,6,progressive distributors
37598711,Art Smakaj,Lokomotiva Zagreb,Midfielder,23,2724.0,7.02,0.066079295154185,0.13215859030837,1.222466960352423,0.3303964757709251,37.89647577092511,1.8832599118942728,1.3215859030837005,0.3634361233480176,27.027027027027028,5.405405405405405,0.8047,43.9873417721519,85.125,0.198237885462555,0.7599118942731278,54.76190476190476,0.8590308370044053,0.4625550660792951,0.1651982378854625,35.714285714285715,3.865638766519824,1.9162995594713657,49.57264957264957,0.7929515418502202,1.156387665198238,1.1233480176211454,0.0,21.875,1.1894273127753303,46.99453551912568,61.20218579234973,48.08743169398907,12.871287128712863,48.17237461451063,63.366336633663366,55.44554455445545,47.62376237623762,57.37704918032787,48.63387978142076,,0.0,7.1683168316831685,55.3406914461938,47.31337146692811,0.8590031475825199,0.4295015737912599,1.4975741891865475,50.09945037748844,5,balanced profile
37540937,Mateo Lisica,Istra 1961,Attacker,22,2702.0,7.1,0.1332346410066617,0.1665433012583271,1.2657290895632864,0.2997779422649889,20.35159141376758,1.3989637305699485,0.532938564026647,0.0,23.68421052631579,10.526315789473683,0.7659999999999999,47.68518518518518,75.05555555555556,0.2997779422649889,0.932642487046632,52.83018867924528,0.7327905255366395,2.7313101406365656,0.466321243523316,17.073170731707318,0.932642487046632,0.5662472242783123,60.71428571428572,1.299037749814952,0.4330125832716506,0.6328645447816432,0.0,36.11111111111112,0.8993338267949667,31.818181818181817,60.6060606060606,65.45454545454545,96.2871287128713,56.99234923492349,62.04620462046205,44.95049504950496,28.329207920792083,57.72727272727273,60.68181818181818,,2.0,7.128712871287129,66.12106210621062,49.340686507175306,7.651662727748182,3.825831363874091,0.4839166690629497,61.30209726786053,0,balanced profile
5270359,Silvio Gorican,Lokomotiva Zagreb,Attacker,26,2700.0,6.95,0.2,0.1333333333333333,2.1666666666666665,0.8333333333333334,23.2,0.9,0.3666666666666666,0.1666666666666666,38.46153846153846,9.23076923076923,0.7342,34.831460674157306,81.81818181818181,0.3333333333333333,0.9,29.032258064516128,1.7666666666666666,4.733333333333333,1.2,25.35211267605634,1.5666666666666669,0.8666666666666667,55.319148936170215,1.7,0.5333333333333333,0.3333333333333333,0.0,21.21212121212121,1.5333333333333334,55.15151515151515,58.18181818181819,30.909090909090907,60.3960396039604,49.31233123312332,58.91089108910891,51.78217821782179,11.782178217821784,66.81818181818181,48.86363636363636,,0.0,7.089108910891088,56.4014401440144,47.31337146692811,1.998959766195206,0.999479883097603,1.4975741891865475,51.809385305407474,3,high-volume finishers
75000,Antonio Borsic,Varaždin,Defender,30,2680.0,7.05,0.0,0.0,0.4365671641791044,0.0671641791044776,42.649253731343286,1.4440298507462686,1.007462686567164,0.1007462686567164,15.384615384615383,0.0,0.7843000000000001,46.26865671641791,81.21212121212122,0.0,0.4029850746268656,60.0,0.5373134328358209,1.6791044776119404,0.3694029850746269,22.0,6.111940298507463,2.6194029850746268,42.85714285714285,0.7388059701492538,0.8395522388059702,2.5858208955223883,0.0,48.48484848484848,0.5708955223880597,28.240740740740744,38.888888888888886,31.01851851851852,78.7128712871287,37.31573157315732,49.009900990099005,62.277227722772274,47.153465346534645,51.73611111111112,42.93981481481482,,0.0,7.0495049504950495,44.36523652365237,48.29913047958605,-10.983398906428732,0.0,1.0046946828575791,38.3204262560149,5,balanced profile
1872745,Mladen Devetak,Rijeka,Defender,27,2657.0,7.01,0.0338727888596161,0.0677455777192322,0.3726006774557772,0.0338727888596161,32.99209634926609,1.2871659766654122,0.948438088069251,0.2371095220173127,9.090909090909092,9.090909090909092,0.7218000000000001,48.91774891774892,85.70967741935483,0.1016183665788483,0.0677455777192322,18.181818181818183,1.1516748212269476,1.896876176138502,0.3726006774557772,19.642857142857142,6.3003387278885965,2.1001129092961985,33.333333333333336,0.5080918328942416,1.3887843432442604,2.6082047421904404,0.0,58.064516129032256,0.6435829883327061,46.2962962962963,37.037037037037045,27.31481481481481,40.0990099009901,37.204345434543455,26.23762376237624,47.82178217821782,49.87623762376237,49.65277777777778,30.324074074074076,,0.0,7.00990099009901,44.21424642464247,51.55523601085063,-14.350890576307172,0.0,0.0,37.204345434543455,5,balanced profile
37543226,Toni Fruk,Rijeka,Midfielder,25,2645.0,7.42,0.3402646502835538,0.3402646502835538,2.449905482041588,0.9527410207939508,26.13232514177694,0.8846880907372401,0.44234404536862,0.2041587901701323,38.888888888888886,13.88888888888889,0.737,43.00254452926209,80.15151515151516,0.6805293005671077,1.32703213610586,46.98795180722892,2.7901701323251418,1.9735349716446124,0.7145557655954632,36.206896551724135,3.062381852551985,1.667296786389414,54.44444444444444,1.9054820415879017,0.8846880907372401,0.2041587901701323,0.0,60.60606060606061,0.5784499054820416,89.61748633879783,43.71584699453552,13.661202185792348,48.01980198019802,48.90034085375751,82.34323432343236,56.93069306930694,17.400990099009903,78.27868852459017,28.346994535519123,,0.0,6.970297029702971,55.87063788346048,51.55523601085063,-2.654895157093115,0.0,0.0,48.90034085375751,3,high-volume finishers
37544959,Moris Valincic,Istra 1961,Defender,23,2619.0,7.14,0.0343642611683848,0.0687285223367697,0.2061855670103092,0.1030927835051546,46.63230240549828,1.924398625429553,1.7525773195876289,0.2061855670103092,50.0,16.666666666666668,0.846,58.44594594594594,79.36363636363636,0.1030927835051546,1.0309278350515465,54.54545454545455,1.7525773195876289,1.3745704467353952,0.3092783505154639,22.5,4.639175257731959,2.405498281786941,51.851851851851855,0.5154639175257731,1.2371134020618555,2.164948453608248,0.0,36.36363636363637,0.8934707903780069,63.888888888888886,71.75925925925925,75.92592592592594,47.52475247524752,68.22469746974699,80.03300330033004,64.45544554455446,68.76237623762377,64.93055555555556,69.03935185185185,,0.0,6.930693069306931,75.15539053905391,49.340686507175306,18.88401096257168,9.44200548128584,0.4839166690629497,78.15061962009577,6,progressive distributors
54693,Robert Mudrazija,Lokomotiva Zagreb,Midfielder,29,2600.0,7.24,0.4846153846153846,0.0692307692307692,1.8346153846153843,0.6923076923076923,27.865384615384617,1.1423076923076922,0.4846153846153846,0.0692307692307692,37.735849056603776,26.41509433962264,0.7329000000000001,47.183098591549296,78.78787878787878,0.5538461538461539,0.4846153846153846,31.11111111111111,2.076923076923077,1.523076923076923,0.3115384615384615,20.454545454545453,2.423076923076923,1.073076923076923,44.285714285714285,1.2807692307692309,0.9,0.5538461538461539,0.0,18.181818181818183,1.4192307692307693,93.44262295081968,31.69398907103825,24.04371584699453,85.14851485148515,53.26894984580424,53.46534653465346,47.12871287128713,28.267326732673265,47.131147540983605,28.825136612021858,,0.0,6.891089108910891,60.160038954715134,47.31337146692811,5.955578378876133,2.9777891894380666,1.4975741891865475,57.74431322442887,4,high-volume finishers (variant 2)
133342,Lamine Ba,Varaždin,Defender,28,2590.0,7.15,0.0347490347490347,0.0,0.277992277992278,0.138996138996139,48.26640926640927,1.3552123552123552,1.2857142857142858,0.3127413127413127,50.0,12.5,0.856,57.86163522012578,83.54838709677419,0.0347490347490347,0.2432432432432432,63.63636363636363,0.277992277992278,0.0347490347490347,0.0,0.0,6.359073359073359,2.849420849420849,44.80874316939891,0.138996138996139,1.3552123552123552,4.413127413127413,0.0,45.16129032258065,0.555984555984556,62.96296296296296,59.72222222222223,53.24074074074074,23.762376237623755,55.15401540154016,41.91419141914191,52.77227722772277,63.613861386138616,32.638888888888886,54.39814814814815,,0.0,6.851485148514851,62.00550055005501,48.29913047958605,6.85488492195411,3.427442460977055,1.0046946828575791,59.58615254537479,1,ball-playing defenders
31926,Ivan Santini,Šibenik,Attacker,37,2574.0,7.18,0.2447552447552447,0.0349650349650349,1.888111888111888,0.6993006993006993,25.83916083916084,0.6293706293706294,0.2797202797202797,0.3846153846153846,37.03703703703704,12.962962962962964,0.6252,51.851851851851855,83.03225806451613,0.2797202797202797,0.4195804195804196,46.15384615384615,2.5524475524475525,0.1048951048951049,0.0,0.0,1.7482517482517483,0.7692307692307693,44.0,0.6293706293706294,6.748251748251748,2.062937062937063,0.0,22.580645161290324,1.3286713286713288,60.6060606060606,34.54545454545454,50.909090909090914,12.376237623762378,45.05580558055805,65.51155115511551,20.445544554455445,45.02475247524752,30.454545454545453,43.86363636363637,,0.0,6.811881188118812,51.86768676867686,45.37125340014588,-0.3154478195878312,0.0,2.4686332225776617,47.52443880313571,4,high-volume finishers (variant 2)
23707307,Luka Jelenic,Osijek,Defender,26,2532.0,7.08,0.0710900473933649,0.0355450236966824,0.462085308056872,0.1777251184834123,48.73222748815166,1.954976303317536,1.7061611374407584,0.2132701421800948,38.46153846153846,15.384615384615383,0.8658,58.303886925795055,79.125,0.1066350710900473,0.2132701421800948,50.0,1.2085308056872035,0.0355450236966824,0.0,0.0,5.225118483412322,1.954976303317536,37.41496598639456,0.1421800947867298,2.59478672985782,4.585308056872038,0.0,21.875,1.6350710900473933,76.1574074074074,72.22222222222221,75.46296296296295,46.03960396039604,71.75673817381738,51.48514851485148,49.9009900990099,82.35148514851485,34.375,62.55787037037036,,0.0,6.772277227722771,78.52901540154015,52.198656341043936,19.558081832773446,9.779040916386723,0.0,81.5357790902041,1,ball-playing defenders
7330,Ivan Lucic,Hajduk Split,Goalkeeper,31,2496.0,6.8,0.0,0.0,0.0,0.0,31.73076923076923,0.0,0.0,0.1081730769230769,0.0,0.0,0.7352,91.30434782608695,89.14285714285714,0.0,0.0,0.0,0.3245192307692308,0.0,0.0,0.0,12.98076923076923,4.975961538461538,38.333333333333336,0.0360576923076923,0.5048076923076923,0.8653846153846154,2.019230769230769,39.285714285714285,0.9375,53.57142857142858,79.76190476190476,48.8095238095238,75.24752475247524,62.16760961810466,6.930693069306931,39.8019801980198,28.36633663366337,56.25,67.26190476190476,66.42857142857142,0.0,6.732673267326732,68.9002828854314,49.584473497440825,12.583136120663838,6.291568060331919,0.36202317393019,68.82120085236679,9,goalkeeper distributors
37356247,Ognjen Bakic,Šibenik,Midfielder,23,2487.0,6.8,0.0,0.0,0.6513872135102533,0.0361881785283474,34.45114595898673,2.424607961399276,0.6513872135102533,0.2533172496984318,5.555555555555555,0.0,0.7720999999999999,53.003533568904594,75.36363636363636,0.0,0.4342581423401688,30.76923076923077,1.8094089264173705,1.1218335343787695,0.2895054282267792,25.806451612903224,4.161640530759952,2.0265379975874547,48.69565217391305,0.3980699638118214,0.8685162846803377,1.1218335343787695,0.0,18.181818181818183,1.5560916767189386,13.661202185792348,34.69945355191257,59.01639344262295,35.64356435643565,35.777471189741924,49.42244224422442,49.10891089108911,48.16831683168317,32.17213114754099,48.15573770491803,,0.0,6.693069306930693,42.47054049667262,45.37125340014588,-9.593782210403958,0.0,2.4686332225776617,38.24610441231958,5,balanced profile
73867,Dominik Kovacic,Slaven Koprivnica,Defender,32,2484.0,7.02,0.072463768115942,0.036231884057971,0.2898550724637681,0.072463768115942,44.78260869565217,1.1594202898550725,1.0507246376811594,0.144927536231884,25.0,25.0,0.8503000000000001,62.903225806451616,85.65517241379311,0.108695652173913,0.217391304347826,66.66666666666667,0.5072463768115942,0.108695652173913,0.0,0.0,7.318840579710145,3.6231884057971016,49.50495049504951,0.108695652173913,2.463768115942029,4.782608695652174,0.0,27.58620689655172,1.0507246376811594,67.5925925925926,63.888888888888886,53.703703703703695,66.33663366336634,62.18921892189218,45.46204620462046,53.366336633663366,71.7821782178218,43.75,54.80324074074073,,0.0,6.653465346534654,68.84268426842684,51.30896541384557,10.880253508046614,5.440126754023307,0.0,67.62934567591549,1,ball-playing defenders
73704,Alen Grgic,Slaven Koprivnica,Attacker,31,2478.0,7.29,0.2542372881355932,0.2905569007263922,2.0338983050847457,0.7263922518159807,27.602905569007262,0.7627118644067796,1.0169491525423728,0.2179176755447942,35.714285714285715,12.5,0.7315999999999999,42.85714285714285,82.6,0.5447941888619854,0.4721549636803874,28.26086956521739,1.089588377723971,2.978208232445521,0.6900726392251816,23.17073170731708,2.6150121065375305,1.234866828087167,47.22222222222222,1.4891041162227605,1.452784503631961,1.12590799031477,0.0,26.666666666666668,0.980629539951574,62.424242424242415,78.18181818181819,51.21212121212121,43.56435643564357,61.9018901890189,39.93399339933993,53.66336633663366,36.28712871287129,70.0,63.10606060606061,,0.0,6.6138613861386135,68.51575157515751,51.30896541384557,10.59292477517333,5.296462387586665,0.0,67.19835257660557,3,high-volume finishers
73622,Dino Mikanovic,Gorica,Defender,32,2461.0,7.04,0.0731409995936611,0.0,0.4754164973587972,0.1462819991873222,26.76960585127997,1.4628199918732223,0.914262494920764,0.1097114993904916,30.76923076923077,15.384615384615383,0.6981,55.376344086021504,82.03333333333333,0.0731409995936611,0.4022754977651361,55.0,1.0971149939049167,2.742787484762292,0.5485574969524584,20.0,5.339292970337262,1.901665989435189,35.61643835616438,0.585127996749289,0.8045509955302722,3.1816334823242585,0.0,33.333333333333336,1.0605444941080862,73.37962962962962,14.351851851851851,37.5,74.25742574257426,44.99518701870187,58.82838283828384,42.67326732673267,53.16831683168317,45.13888888888889,32.46527777777778,,0.0,6.554455445544554,51.549642464246425,44.70718855697045,0.2879984617314193,0.1439992308657096,2.800665644165377,47.93985189373296,5,balanced profile
37596442,Dominik Prpić,Hajduk Split,Defender,22,2461.0,7.17,0.0,0.0731409995936611,0.2559934985778139,0.0731409995936611,50.0284437220642,1.7553839902478667,1.133685493701747,0.2194229987809833,28.571428571428573,0.0,0.8801000000000001,56.48148148148148,82.03333333333333,0.0731409995936611,0.1828524989841528,45.45454545454545,0.4388459975619667,0.1828524989841528,0.1097114993904916,60.0,5.302722470540431,2.230800487606664,42.06896551724138,0.2925639983746445,2.1576594880130027,5.88785046728972,0.0,36.66666666666666,0.914262494920764,29.62962962962963,83.33333333333333,56.94444444444445,43.069306930693074,55.279152915291526,31.43564356435644,59.702970297029694,73.93564356435644,44.79166666666667,59.027777777777786,,2.0,6.554455445544554,63.83360836083608,49.584473497440825,5.6946794178507005,2.8473397089253503,0.36202317393019,58.48851579814707,6,progressive distributors
74526,Ivan Banic,Gorica,Goalkeeper,31,2430.0,7.03,0.0,0.0,0.0,0.0,31.703703703703702,0.0,0.0,0.074074074074074,0.0,0.0,0.5666,100.0,90.0,0.0,0.037037037037037,100.0,0.3333333333333333,0.0,0.0,0.0,18.88888888888889,5.555555555555555,29.41176470588235,0.0,0.4074074074074074,1.4444444444444444,3.333333333333333,37.03703703703704,1.037037037037037,53.57142857142858,53.57142857142858,60.7142857142857,83.66336633663366,58.72347949080622,39.93399339933993,31.83168316831684,32.4009900990099,69.64285714285714,59.37499999999999,64.28571428571429,0.0,6.495049504950496,65.21852899575671,44.70718855697045,14.01629093383577,7.008145466917885,2.800665644165377,68.53229060188949,8,balanced profile
462000,Merveil Ndockyt,Gorica,Midfielder,27,2423.0,6.87,0.0371440363186132,0.1485761452744531,1.2257531985142385,0.3714403631861329,26.446553858852663,1.4486174164259182,0.4457284358233594,0.3342963268675196,30.303030303030305,3.0303030303030303,0.7584000000000001,41.4179104477612,73.42424242424242,0.1857201815930664,1.0028889806025587,51.92307692307692,1.2628972348328518,1.040033016921172,0.2971522905489063,28.571428571428573,2.785802723895997,1.5229054890631448,54.66666666666666,1.1143210895583986,0.4828724721419727,0.5943045810978126,0.0,33.333333333333336,1.3371853074700784,43.71584699453552,44.26229508196721,20.21857923497268,20.792079207920796,34.5382243142347,71.61716171617162,48.91089108910892,20.1980198019802,60.245901639344254,29.166666666666664,,0.0,6.455445544554456,40.993669858789154,44.70718855697045,-10.168964242735754,0.0,2.800665644165377,37.33888995840008,0,balanced profile
73448,Marko Pjaca,Dinamo Zagreb,Attacker,31,2384.0,7.27,0.2265100671140939,0.2265100671140939,2.1518456375838926,0.6795302013422819,32.76845637583892,0.981543624161074,0.6417785234899329,0.0,31.57894736842105,10.526315789473683,0.8168000000000001,46.85990338164251,70.11764705882354,0.4530201342281879,1.0947986577181208,46.774193548387096,0.7927852348993288,2.4538590604026846,0.7927852348993288,32.30769230769231,1.7365771812080537,1.1703020134228188,67.3913043478261,1.623322147651007,0.7927852348993288,0.5285234899328859,0.0,32.35294117647059,1.0192953020134228,53.63636363636363,93.33333333333331,60.0,96.2871287128713,71.71962196219621,60.39603960396039,65.64356435643563,26.745049504950497,77.72727272727272,73.86363636363636,,0.0,6.415841584158417,78.13546354635463,63.406236779025285,8.31338518317093,4.156692591585465,0.0,75.87631455378168,3,high-volume finishers
37550680,Martin Baturina,Dinamo Zagreb,Midfielder,23,2380.0,7.57,0.1512605042016806,0.3781512605042016,2.19327731092437,0.8697478991596639,47.83613445378151,1.134453781512605,0.226890756302521,0.0756302521008403,39.6551724137931,6.896551724137931,0.8482,49.21135646687697,72.12121212121212,0.5294117647058824,1.815126050420168,50.526315789473685,2.4201680672268906,4.310924369747899,1.4747899159663866,34.21052631578947,2.8739495798319328,1.815126050420168,63.1578947368421,3.403361344537815,0.5672268907563025,0.1134453781512605,0.0,36.36363636363637,1.2100840336134453,69.12568306010928,86.33879781420764,20.21857923497268,82.67326732673267,60.97224476546014,86.63366336633663,82.17821782178218,20.024752475247528,82.37704918032787,48.63387978142077,,0.0,6.356435643564357,67.3286804090245,63.406236779025285,-2.4339920135651454,0.0,0.0,60.97224476546014,3,high-volume finishers
74197,Antonio Bosec,Slaven Koprivnica,Defender,28,2380.0,7.02,0.0,0.1134453781512605,0.3403361344537815,0.0756302521008403,30.176470588235293,2.23109243697479,0.8697478991596639,0.1890756302521008,22.22222222222222,0.0,0.7631999999999999,44.06130268199234,82.06896551724138,0.1134453781512605,0.5672268907563025,44.11764705882353,0.8319327731092437,3.819327731092437,0.9831932773109244,25.742574257425744,3.7058823529411766,1.4747899159663866,39.795918367346935,0.8697478991596639,0.680672268907563,2.23109243697479,0.0,27.58620689655172,1.2100840336134453,30.09259259259259,46.29629629629631,37.96296296296296,53.46534653465346,39.652090209020905,49.009900990099005,57.32673267326733,47.079207920792086,64.93055555555556,37.38425925925926,,0.0,6.356435643564357,46.00852585258527,51.30896541384557,-11.656875204824663,0.0,0.0,39.652090209020905,2,balanced profile
12393223,Mateo Les,Gorica,Defender,26,2360.0,7.05,0.0,0.0762711864406779,0.4194915254237288,0.0762711864406779,49.65254237288136,1.2584745762711864,1.2966101694915255,0.1144067796610169,18.181818181818183,0.0,0.8879,56.68449197860963,84.28571428571429,0.0762711864406779,0.3432203389830508,81.81818181818181,0.5720338983050848,0.2669491525423729,0.1144067796610169,42.85714285714285,6.2923728813559325,3.2796610169491527,52.121212121212125,0.1906779661016949,1.86864406779661,3.73728813559322,0.0,32.142857142857146,1.4110169491525424,30.555555555555557,83.79629629629629,50.46296296296296,72.77227722772277,56.72167216721671,51.32013201320132,62.17821782178218,67.74752475247523,49.99999999999999,58.2175925925926,,0.0,6.297029702970297,63.01870187018701,44.70718855697045,12.01448361024626,6.0072418051231296,2.800665644165377,65.52957961650522,1,ball-playing defenders
37324970,Marko Soldo,Osijek,Midfielder,22,2357.0,7.09,0.2291047942299533,0.1909206618582944,1.1837081035214256,0.4963937208315656,28.676283411115826,2.2146796775562154,1.2600763682647431,0.1145523971149766,41.935483870967744,19.35483870967742,0.6790999999999999,47.160493827160494,67.34285714285714,0.4200254560882478,1.1073398387781077,51.785714285714285,1.5273652948663556,1.145523971149767,0.3054730589732711,26.666666666666668,2.5201527365294867,1.2218922358930844,48.48484848484848,1.2982605006364023,2.5965210012728046,1.145523971149767,0.0,22.857142857142858,1.2982605006364023,84.69945355191255,40.43715846994535,60.10928961748633,72.27722772277227,62.8014932640805,77.39273927392739,44.45544554455446,63.96039603960396,68.44262295081967,47.06284153005464,,2.0,6.257425742574258,71.05891900665476,52.198656341043936,10.602836923036564,5.301418461518281,0.0,68.10291172559877,0,balanced profile
74023,Leonard Žuta,Šibenik,Defender,33,2339.0,6.87,0.0384779820436083,0.0384779820436083,0.5386917486105173,0.2308678922616502,32.93715262932877,0.9234715690466012,0.7310816588285592,0.1539119281744335,42.85714285714285,7.142857142857143,0.7862,57.43243243243244,83.53571428571429,0.0769559640872167,0.1539119281744335,44.44444444444444,0.6541256947413424,1.5775972637879436,0.5386917486105173,34.14634146341464,5.425395468148782,2.6165027789653696,48.226950354609926,0.3463018383924754,1.5775972637879436,3.5399743480119708,0.0,25.0,1.5775972637879436,69.44444444444444,41.66666666666666,26.85185185185185,63.366336633663366,47.72552255225522,33.25082508250825,55.049504950495056,55.29702970297029,42.013888888888886,33.56481481481482,,0.0,6.217821782178217,53.94334433443344,45.37125340014588,2.354269152109339,1.1771345760546694,2.4686332225776617,51.37129035088755,6,progressive distributors
496680,Arnel Jakupovic,Osijek,Attacker,28,2315.0,7.1,0.3498920086393088,0.1166306695464362,1.9049676025917928,0.6997840172786177,18.077753779697623,0.3887688984881209,0.1555075593952483,0.1943844492440604,36.734693877551024,18.367346938775512,0.6968000000000001,38.35616438356164,85.74074074074075,0.4665226781857451,0.3110151187904967,36.36363636363637,1.0496760259179263,1.3606911447084231,0.3110151187904967,22.857142857142858,0.9719222462203024,0.427645788336933,44.0,0.8941684665226782,1.7105831533477325,1.0107991360691144,0.0,29.62962962962963,1.3218142548596112,74.54545454545455,38.48484848484849,12.12121212121212,50.99009900990099,42.64446444644464,38.77887788778877,30.940594059405942,23.886138613861384,32.72727272727273,22.08333333333333,,0.0,6.178217821782178,48.822682268226814,52.198656341043936,-9.5541918945993,0.0,0.0,42.64446444644464,4,high-volume finishers (variant 2)
96854,Ronaël Pierre-Gabriel,Dinamo Zagreb,Defender,28,2288.0,7.11,0.118006993006993,0.0786713286713286,0.8653846153846154,0.2753496503496503,43.85926573426573,2.0847902097902096,0.944055944055944,0.354020979020979,31.818181818181817,13.636363636363637,0.8529000000000001,51.627906976744185,81.71428571428571,0.1966783216783216,0.826048951048951,45.65217391304348,0.6687062937062938,2.0454545454545454,0.590034965034965,28.846153846153847,3.1075174825174825,1.573426573426573,50.63291139240506,0.944055944055944,0.8653846153846154,2.202797202797203,0.0,28.571428571428573,1.1013986013986017,87.96296296296295,71.75925925925927,44.90740740740741,16.336633663366342,63.02255225522551,53.46534653465346,69.60396039603961,52.50000000000001,66.66666666666666,52.83564814814815,,0.0,6.138613861386139,69.16116611661165,63.406236779025285,-0.3836845237997721,0.0,0.0,63.02255225522551,5,balanced profile
74274,Mario Marina,Varaždin,Midfielder,36,2277.0,7.08,0.0,0.0,0.5138339920948617,0.0790513833992094,40.75098814229249,3.1620553359683794,1.383399209486166,0.3162055335968379,15.384615384615383,0.0,0.7837000000000001,53.531598513011154,78.51724137931035,0.0,0.2371541501976284,54.54545454545455,0.3952569169960474,0.1976284584980237,0.0395256916996047,20.0,5.533596837944664,2.1739130434782608,39.285714285714285,0.4743083003952569,2.015810276679842,2.1739130434782608,0.0,48.27586206896552,0.5533596837944664,16.39344262295082,42.349726775956285,80.327868852459,22.772277227722768,43.99853919818211,40.42904290429043,48.613861386138616,71.88118811881186,35.040983606557376,63.93442622950819,,0.0,6.0990099009901,50.097549099172205,48.29913047958605,-4.300591281403939,0.0,1.0046946828575791,45.00323388103969,5,balanced profile
37658787,Feta Fetai,Lokomotiva Zagreb,Midfielder,21,2270.0,6.93,0.0,0.0,0.4757709251101321,0.079295154185022,27.277533039647576,3.3700440528634363,1.7841409691629957,0.5550660792951542,16.666666666666668,0.0,0.7398,55.10948905109489,75.66666666666667,0.0,0.118942731277533,23.07692307692308,1.4669603524229076,0.198237885462555,0.039647577092511,20.0,3.806167400881057,1.3876651982378854,36.458333333333336,0.3568281938325991,1.0308370044052864,1.3480176211453745,0.0,16.666666666666668,1.5066079295154184,16.939890710382514,22.6775956284153,90.1639344262295,2.9702970297029765,39.23145593247849,33.993399339933994,32.37623762376238,63.76237623762376,20.69672131147541,56.35245901639344,,4.0,6.05940594059406,49.29086187307255,47.31337146692811,-8.081915534449621,0.0,1.4975741891865475,40.72903012166503,5,balanced profile
37528365,Nail Omerovic,Osijek,Attacker,23,2264.0,7.0,0.1590106007067137,0.1590106007067137,1.7491166077738516,0.6360424028268551,29.17844522968198,1.6298586572438165,0.9540636042402828,0.2782685512367491,36.36363636363637,9.090909090909092,0.718,44.20062695924765,68.60606060606061,0.3180212014134275,2.1863957597173145,49.549549549549546,1.431095406360424,3.776501766784453,0.715547703180212,18.94736842105263,3.219964664310954,1.2720848056537102,39.50617283950617,1.073321554770318,0.5962897526501767,1.78886925795053,0.0,18.181818181818183,1.311837455830389,42.121212121212125,69.09090909090908,71.51515151515152,31.1881188118812,57.936993699369935,77.22772277227722,51.08910891089109,40.12376237623762,78.18181818181817,70.53030303030303,,0.0,6.01980198019802,63.95679567956795,52.198656341043936,5.738337358326,2.869168679163,0.0,60.80616237853293,0,balanced profile
73585,Denis Kolinger,Lokomotiva Zagreb,Defender,32,2262.0,7.01,0.039787798408488,0.0,0.4376657824933687,0.0795755968169761,49.05835543766578,1.4323607427055702,1.830238726790451,0.3580901856763925,18.181818181818183,9.090909090909092,0.8020999999999999,59.91379310344828,80.78571428571429,0.039787798408488,0.1989389920424403,62.5,0.4376657824933687,0.0,0.0,0.0,7.718832891246684,3.143236074270557,40.72164948453608,0.0795755968169761,3.501326259946949,5.212201591511937,0.0,17.857142857142858,1.312997347480106,54.629629629629626,51.851851851851855,68.98148148148148,15.346534653465357,54.17354235423542,42.32673267326732,49.4059405940594,78.83663366336634,35.41666666666667,60.01157407407408,,0.0,5.98019801980198,60.153740374037405,47.31337146692811,6.860170887307312,3.430085443653656,1.4975741891865475,59.101201987075626,1,ball-playing defenders
73871,Filip Krovinovic,Hajduk Split,Midfielder,30,2240.0,7.03,0.1205357142857142,0.0,1.2455357142857142,0.2410714285714285,50.223214285714285,1.6071428571428572,1.2053571428571428,0.0401785714285714,19.35483870967742,9.67741935483871,0.8456,58.85714285714285,67.87878787878788,0.1205357142857142,0.1205357142857142,37.5,1.0044642857142858,0.5625,0.1607142857142857,28.571428571428573,3.174107142857143,1.3660714285714286,43.03797468354431,0.7232142857142857,1.4464285714285714,0.8839285714285714,0.0,33.333333333333336,0.84375,53.551912568306015,62.02185792349727,65.02732240437159,92.57425742574256,63.43775361142672,33.16831683168317,59.801980198019805,59.03465346534653,26.434426229508198,61.61202185792349,,0.0,5.9405940594059405,69.37834767083265,49.584473497440825,13.853280113985887,6.9266400569929445,0.36202317393019,70.72641684234986,5,balanced profile
73519,Josip Misic,Dinamo Zagreb,Midfielder,32,2168.0,7.25,0.0,0.0830258302583025,1.2038745387453875,0.1245387453874538,54.6309963099631,1.992619926199262,1.328413284132841,0.2075645756457564,10.344827586206897,0.0,0.8495,53.97727272727273,86.72,0.0830258302583025,0.290590405904059,53.84615384615385,0.705719557195572,1.3699261992619929,0.4151291512915129,30.303030303030305,7.38929889298893,4.5249077490774905,61.235955056179776,0.8302583025830258,1.1208487084870848,1.5359778597785978,0.0,48.0,0.9132841328413284,19.125683060109285,78.68852459016394,65.02732240437159,47.02970297029702,53.55542931342314,46.53465346534654,78.8118811881188,59.52970297029704,54.918032786885256,73.08743169398906,,0.0,5.9009900990099,59.45641941243304,63.406236779025285,-9.850807465602143,0.0,0.0,53.55542931342314,6,progressive distributors
74071,Ivan Nevistic,Dinamo Zagreb,Goalkeeper,27,2160.0,6.68,0.0,0.0,0.0,0.0,29.5,0.0,0.0,0.0,0.0,0.0,0.8418000000000001,62.5,90.0,0.0,0.0,0.0,0.0833333333333333,0.0,0.0,0.0,8.25,3.75,45.45454545454545,0.0,0.1666666666666666,0.4166666666666667,1.5833333333333333,37.5,1.125,53.57142857142858,75.0,34.52380952380952,96.2871287128713,58.55728429985855,4.125412541254125,44.4059405940594,21.5470297029703,35.71428571428571,44.49404761904762,53.57142857142858,0.0,5.861386138613861,64.41867043847242,63.406236779025285,-4.8489524791667336,0.0,0.0,58.55728429985855,9,goalkeeper distributors
62670,Ljuban Crepulja,Slaven Koprivnica,Midfielder,32,2154.0,7.15,0.0417827298050139,0.0835654596100278,0.5013927576601671,0.1253481894150417,51.559888579387184,2.047353760445682,0.584958217270195,0.0417827298050139,25.0,8.333333333333334,0.8525,50.55555555555556,71.8,0.1253481894150417,0.2089136490250696,35.714285714285715,0.5431754874651811,2.799442896935933,0.7103064066852368,25.37313432835821,5.682451253481895,3.7604456824512535,66.17647058823529,1.2534818941504178,1.0027855153203342,1.2952646239554315,0.0,23.33333333333333,0.9610027855153204,39.071038251366126,78.14207650273224,46.99453551912568,92.07920792079209,58.47021587404642,26.237623762376234,85.44554455445545,47.52475247524752,56.967213114754095,66.12021857923497,,0.0,5.821782178217822,64.29199805226425,51.30896541384557,7.161250460200854,3.580625230100427,0.0,62.050841104146855,6,progressive distributors
2890,Kévin Théophile-Catherine,Dinamo Zagreb,Defender,36,2145.0,7.13,0.0839160839160839,0.0419580419580419,0.7132867132867133,0.2097902097902098,63.94405594405595,1.0909090909090908,1.0909090909090908,0.2517482517482518,29.41176470588235,11.764705882352942,0.8366,53.7037037037037,85.8,0.1258741258741259,0.1258741258741259,75.0,0.6293706293706294,0.7132867132867133,0.2937062937062937,41.1764705882353,9.902097902097902,3.6503496503496495,36.86440677966102,0.6293706293706294,1.93006993006993,3.3566433566433567,0.0,32.0,1.006993006993007,78.24074074074075,76.38888888888887,35.18518518518518,36.13861386138614,60.55830583058306,46.6996699669967,72.52475247524754,58.68811881188119,61.80555555555556,58.04398148148148,,0.0,5.782178217821783,66.34048404840485,63.406236779025285,-2.847930948442226,0.0,0.0,60.55830583058306,6,progressive distributors
73145,Šime Gržan,Šibenik,Attacker,32,2116.0,7.0,0.1275992438563327,0.0850661625708884,0.8081285444234405,0.2126654064272211,31.13421550094517,1.8714555765595464,1.0207939508506616,0.1275992438563327,26.31578947368421,15.789473684210526,0.7117,47.674418604651166,78.37037037037037,0.2126654064272211,0.6805293005671077,44.44444444444444,0.5954631379962193,4.636105860113422,1.616257088846881,34.86238532110092,4.636105860113422,1.5737240075614367,33.944954128440365,1.5737240075614367,0.5954631379962193,1.446124763705104,0.0,11.11111111111111,1.7438563327032135,37.57575757575757,60.6060606060606,83.63636363636364,69.3069306930693,61.47614761476148,46.617161716171616,61.58415841584159,46.38613861386138,66.36363636363636,81.5909090909091,,0.0,5.742574257425742,67.21872187218722,45.37125340014588,16.104894214615598,8.052447107307799,2.4686332225776617,71.99722794464694,2,balanced profile
7745870,Dimitar Mitrovski,Varaždin,Attacker,27,2111.0,7.36,0.3410705826622454,0.0426338228327806,2.3022264329701563,0.8526764566556134,29.332070108953104,1.7479867361440076,0.5542396968261487,0.255802936996684,37.03703703703704,14.814814814814817,0.7805,50.17064846416383,75.39285714285714,0.383704405495026,1.577451444812885,45.1219512195122,2.600663192799621,3.027001421127428,0.8953102794883941,29.5774647887324,3.453339649455234,2.1743249644718143,62.96296296296296,1.7479867361440076,0.2984367598294647,0.5968735196589294,0.0,42.85714285714285,0.7247749881572715,73.93939393939395,66.66666666666667,77.57575757575756,35.148514851485146,68.96939693969397,80.6930693069307,67.22772277227723,30.420792079207928,74.54545454545453,85.15151515151516,,0.0,5.702970297029703,74.67236723672367,48.29913047958605,20.67026646010792,10.33513323005396,1.0046946828575791,80.3092248526055,3,high-volume finishers
74849,Ivan Bozic,Šibenik,Attacker,29,2058.0,6.74,0.0874635568513119,0.0874635568513119,1.5743440233236152,0.5685131195335277,15.174927113702624,0.5247813411078717,0.2186588921282798,0.3061224489795918,36.11111111111112,5.555555555555555,0.6859000000000001,40.1673640167364,66.38709677419355,0.1749271137026239,0.6997084548104956,31.37254901960784,1.749271137026239,2.011661807580175,0.3061224489795918,15.217391304347826,1.3119533527696794,0.6559766763848397,50.0,0.7434402332361516,1.2682215743440233,0.9183673469387756,0.0,22.580645161290324,1.5743440233236152,19.696969696969692,27.27272727272727,22.424242424242426,25.742574257425744,23.392439243924382,56.27062706270628,28.613861386138616,20.346534653465344,37.72727272727273,25.07575757575757,,0.0,5.663366336633663,29.05580558055805,45.37125340014588,-21.978814156221496,0.0,2.4686332225776617,25.861072466502048,4,high-volume finishers (variant 2)
68104,Advan Kadusic,Istra 1961,Defender,28,2052.0,6.79,0.0,0.087719298245614,0.4824561403508772,0.175438596491228,34.473684210526315,1.973684210526316,0.4385964912280701,0.3070175438596491,36.36363636363637,0.0,0.7365999999999999,39.62264150943396,66.19354838709677,0.087719298245614,0.4824561403508772,50.0,0.4824561403508772,1.5789473684210529,0.4824561403508772,30.55555555555556,3.991228070175439,1.3596491228070176,34.065934065934066,0.6140350877192983,0.7894736842105263,1.4035087719298245,0.0,38.70967741935484,1.0526315789473684,40.74074074074073,44.90740740740741,26.85185185185185,25.247524752475243,36.27475247524752,44.71947194719471,47.92079207920792,33.193069306930695,59.02777777777778,29.91898148148148,,0.0,5.623762376237623,41.898514851485146,49.340686507175306,-13.065934031927782,0.0,0.4839166690629497,36.75866914431048,5,balanced profile
37596430,Simun Hrgovic,Hajduk Split,Defender,22,2033.0,6.97,0.0,0.2213477619281849,0.6640432857845548,0.1770782095425479,30.501721593703884,1.6822429906542056,0.7525823905558289,0.0442695523856369,26.666666666666668,0.0,0.7939,53.42465753424658,70.10344827586206,0.2213477619281849,0.6197737333989178,42.42424242424242,0.4869650762420069,1.6822429906542056,0.1770782095425479,10.526315789473683,3.8957206099360553,1.8150516478111165,46.59090909090909,0.8853910477127398,0.7525823905558289,1.9921298573536643,0.0,37.93103448275862,0.7525823905558289,41.2037037037037,55.09259259259259,34.25925925925926,91.5841584158416,48.32508250825082,40.92409240924092,51.881188118811885,49.48019801980198,68.75,38.83101851851852,,2.0,5.584158415841583,55.90924092409241,49.584473497440825,-1.2593909891900026,0.0,0.36202317393019,48.68710568218101,5,balanced profile
46031,Marcel Heister,Istra 1961,Defender,33,2004.0,7.07,0.0449101796407185,0.0898203592814371,1.2574850299401197,0.0898203592814371,29.910179640718564,3.008982035928144,1.3922155688622757,0.4041916167664671,7.142857142857143,3.571428571428572,0.7837999999999999,53.93700787401575,69.10344827586206,0.1347305389221557,0.8532934131736527,50.0,1.032934131736527,2.604790419161677,0.6287425149700598,24.13793103448276,3.907185628742515,1.6167664670658684,41.37931034482759,0.6736526946107785,1.3023952095808384,3.4580838323353293,0.0,34.48275862068966,1.032934131736527,52.77777777777777,46.75925925925926,69.44444444444444,11.386138613861393,51.83305830583058,63.69636963696369,53.66336633663366,69.92574257425743,65.97222222222223,53.47222222222222,,0.0,5.544554455445544,57.377612761276126,49.340686507175306,2.4923717986552774,1.246185899327639,0.4839166690629497,53.56316087422117,5,balanced profile
37582792,Luka Mamic,Varaždin,Midfielder,23,2003.0,7.03,0.1347978032950574,0.1797304043934099,1.3030454318522218,0.5841238142785822,32.30654018971543,1.1682476285571644,0.6290564153769346,0.0898652021967049,44.82758620689656,10.344827586206897,0.7524,42.59927797833935,66.76666666666667,0.3145282076884673,1.3479780329505742,49.18032786885246,0.8087868197703445,0.5841238142785822,0.1797304043934099,30.76923076923077,2.3364952571143287,1.2131802296555168,51.92307692307692,1.3030454318522218,2.0219670494258613,0.943584623065402,0.1347978032950574,33.333333333333336,0.5841238142785822,69.39890710382515,50.27322404371585,20.765027322404368,80.1980198019802,50.15094952118163,63.28382838283829,50.0990099009901,39.60396039603961,67.62295081967213,31.69398907103825,,0.0,5.5049504950495045,55.655900016231136,48.29913047958605,1.8518190415955829,0.9259095207977914,1.0046946828575791,52.08155372483699,0,balanced profile
4536487,Tiago Dantas,Osijek,Midfielder,25,1996.0,7.09,0.0450901803607214,0.0901803607214428,1.307615230460922,0.405811623246493,51.04208416833667,0.5861723446893787,0.5861723446893787,0.2705410821643286,31.03448275862069,3.4482758620689653,0.8737,39.47368421052632,76.76923076923077,0.1352705410821643,0.3607214428857715,34.78260869565217,0.9018036072144288,3.4268537074148298,0.9018036072144288,26.31578947368421,5.906813627254509,3.607214428857716,61.06870229007634,1.5781563126252505,0.1803607214428857,0.4959919839679358,0.0,26.923076923076923,1.2625250501002003,46.44808743169399,83.06010928961749,11.475409836065577,33.16831683168317,45.61191365038143,36.96369636963696,89.6039603960396,11.311881188118813,65.98360655737704,50.614754098360656,,0.0,5.465346534653466,51.077260185034895,52.198656341043936,-6.586742690662504,0.0,0.0,45.61191365038143,2,balanced profile
37742,Stefan Peric,Šibenik,Defender,29,1982.0,6.85,0.0454086781029263,0.0,0.408678102926337,0.272452068617558,34.10191725529768,1.5438950554994957,0.9989909182643796,0.272452068617558,66.66666666666667,11.11111111111111,0.8003,59.50920245398773,68.34482758620689,0.0454086781029263,0.4540867810292633,45.45454545454545,0.6357214934409687,2.0433905146316853,0.7265388496468214,35.55555555555556,6.402623612512613,3.042381432896065,47.5177304964539,0.7719475277497477,1.7255297679112007,3.22401614530777,0.0,24.13793103448276,1.2714429868819377,74.76851851851852,34.72222222222222,52.77777777777777,32.67326732673267,51.94788228822882,43.48184818481848,65.44554455445544,64.75247524752476,55.55555555555555,53.81944444444444,,0.0,5.425742574257426,57.373624862486245,45.37125340014588,6.576628888082936,3.288314444041468,2.4686332225776617,57.70482995484795,6,progressive distributors
10967324,Lindon Selahi,Rijeka,Midfielder,27,1956.0,6.87,0.0460122699386503,0.0460122699386503,0.8742331288343558,0.1380368098159509,38.51226993865031,2.070552147239264,1.3803680981595092,0.2760736196319018,15.789473684210526,5.2631578947368425,0.8686,60.41666666666666,65.2,0.0920245398773006,0.2760736196319018,33.333333333333336,0.6441717791411042,0.1380368098159509,0.0,0.0,3.450920245398773,2.0245398773006134,58.66666666666666,0.4141104294478527,1.1503067484662577,1.656441717791411,0.0,56.66666666666666,0.6441717791411042,36.0655737704918,61.748633879781416,78.68852459016394,32.17821782178217,56.168641454309366,28.7953795379538,50.0990099009901,65.42079207920791,30.32786885245901,65.98360655737704,,0.0,5.3861386138613865,61.55478006817075,51.55523601085063,4.613405443458738,2.306702721729369,0.0,58.47534417603873,5,balanced profile
540173,Sandro Kulenovic,Dinamo Zagreb,Attacker,26,1910.0,7.29,0.7068062827225131,0.0,3.486910994764398,1.5549738219895288,21.72251308900524,0.7068062827225131,0.2356020942408377,0.0471204188481675,44.5945945945946,20.27027027027027,0.731,46.83544303797469,54.57142857142857,0.7068062827225131,0.4712041884816754,38.46153846153846,1.1780104712041886,0.518324607329843,0.0471204188481675,9.090909090909092,0.7068062827225131,0.4240837696335078,60.0,1.036649214659686,2.968586387434555,0.8481675392670157,0.0,34.285714285714285,1.036649214659686,96.96969696969695,36.06060606060606,38.78787878787879,91.08910891089108,60.65436543654366,47.19471947194719,29.851485148514847,35.99009900990099,25.0,41.32575757575758,,0.0,5.346534653465346,66.000900090009,63.406236779025285,-2.7518713424816283,0.0,0.0,60.65436543654366,4,high-volume finishers (variant 2)
47589,Stjepan Radeljic,Rijeka,Defender,28,1901.0,7.23,0.094687006838506,0.047343503419253,0.7574960547080484,0.2840610205155181,56.29142556549185,1.230931088900579,0.9942135718043136,0.2367175170962651,37.5,12.5,0.7889,58.0,70.4074074074074,0.142030510257759,0.094687006838506,33.333333333333336,0.9942135718043136,0.4260915307732772,0.1893740136770121,44.44444444444444,13.824302998421883,6.154655444502893,44.52054794520548,0.6154655444502893,1.846396633350868,5.965281430825881,0.0,66.66666666666667,0.5207785376117833,84.72222222222223,66.20370370370371,42.59259259259259,40.5940594059406,62.11496149614962,29.45544554455445,68.41584158415841,65.44554455445544,62.84722222222222,59.31712962962963,,0.0,5.306930693069307,67.42189218921892,51.55523601085063,10.55972548529899,5.279862742649495,0.0,67.39482423879912,6,progressive distributors
74022,Stefan Ristovski,Dinamo Zagreb,Defender,34,1891.0,7.12,0.0951877313590692,0.0951877313590692,1.047065044949762,0.1427815970386039,60.58699101004759,1.1422527763088313,0.7615018508725542,0.4283447911158117,13.636363636363637,9.090909090909092,0.8687999999999999,56.47058823529412,67.53571428571429,0.1903754627181385,0.3331570597567425,41.1764705882353,1.4278159703860391,3.0460074034902167,0.7615018508725542,25.0,6.092014806980433,3.37916446324696,55.46875,0.904283447911158,1.7609730301427815,1.9989423585404549,0.0,42.85714285714285,0.904283447911158,68.98148148148148,90.74074074074072,30.555555555555557,7.920792079207914,57.875412541254114,49.17491749174917,83.31683168316832,51.13861386138614,65.97222222222223,58.15972222222222,,0.0,5.267326732673268,63.14273927392738,63.406236779025285,-5.530824237771171,0.0,0.0,57.875412541254114,6,progressive distributors
21404328,Antonio Đaković,Šibenik,Goalkeeper,25,1890.0,6.88,0.0,0.0,0.0,0.0,26.904761904761905,0.0,0.0,0.1904761904761904,0.0,0.0,0.6726000000000001,100.0,90.0,0.0,0.0476190476190476,100.0,0.0476190476190476,0.0,0.0,0.0,17.0,8.333333333333334,49.01960784313726,0.0,0.0952380952380952,1.1428571428571428,2.7142857142857144,23.80952380952381,1.7142857142857142,53.57142857142858,46.42857142857142,60.7142857142857,52.97029702970298,53.51131541725601,36.55115511551156,31.138613861386137,27.797029702970303,69.64285714285714,58.48214285714285,39.285714285714285,0.0,5.227722772277229,58.73903818953323,45.37125340014588,8.140062017110125,4.070031008555063,2.4686332225776617,60.04997964838873,8,balanced profile
73844,Marko Dabro,Varaždin,Attacker,29,1884.0,6.87,0.0477707006369426,0.0955414012738853,2.4363057324840764,0.7165605095541401,15.859872611464969,0.5254777070063694,0.0477707006369426,0.143312101910828,29.41176470588235,1.96078431372549,0.7681,45.69892473118279,55.41176470588236,0.143312101910828,0.5732484076433121,46.15384615384615,1.8152866242038217,0.0477707006369426,0.0477707006369426,100.0,0.4777070063694267,0.286624203821656,60.0,0.9076433121019108,1.2898089171974525,0.0955414012738853,0.0,44.11764705882353,0.4777070063694267,23.63636363636364,48.48484848484848,27.878787878787875,66.83168316831683,36.68316831683168,66.17161716171617,30.69306930693069,18.143564356435643,34.09090909090909,33.93939393939394,,0.0,5.188118811881188,41.87128712871287,48.29913047958605,-11.615962162754371,0.0,1.0046946828575791,37.68786299968926,0,balanced profile
37616075,Antonio Mauric,Istra 1961,Midfielder,22,1870.0,7.09,0.0,0.1925133689839572,1.0588235294117647,0.3368983957219251,40.33155080213904,2.165775401069519,0.9144385026737968,0.1925133689839572,31.818181818181817,0.0,0.8258,56.32911392405063,71.92307692307692,0.1925133689839572,0.5294117647058824,55.0,0.8181818181818182,1.5401069518716577,0.3368983957219251,21.875,4.042780748663102,2.406417112299465,59.523809523809526,0.8663101604278075,0.8181818181818182,1.0106951871657754,0.0,46.15384615384615,0.962566844919786,28.96174863387978,72.6775956284153,67.21311475409836,52.47524752475248,55.90326245739328,58.49834983498351,64.55445544554456,52.07920792079208,60.24590163934426,63.93442622950819,,2.0,5.148514851485149,63.05177730887842,49.340686507175306,6.562575950217969,3.2812879751089845,0.4839166690629497,59.66846710156521,5,balanced profile
19624018,Adrian Liber,Slaven Koprivnica,Midfielder,25,1866.0,6.84,0.0964630225080385,0.0482315112540192,1.4469453376205788,0.4823151125401929,27.684887459807072,1.495176848874598,0.5305466237942122,0.1929260450160771,33.333333333333336,6.666666666666667,0.7387,40.84507042253521,66.64285714285714,0.1446945337620578,0.7717041800643086,34.04255319148936,1.157556270096463,1.7845659163987138,0.2893890675241157,16.216216216216218,1.7845659163987138,0.7717041800643086,43.24324324324324,0.6752411575562701,0.5787781350482315,0.819935691318328,0.0,28.571428571428573,1.302250803858521,56.83060109289617,29.508196721311474,21.311475409836063,51.98019801980198,37.49310176919332,51.65016501650165,38.31683168316832,25.91584158415841,36.0655737704918,21.721311475409838,,0.0,5.089108910891089,42.58221068008441,51.30896541384557,-13.815863644652254,0.0,0.0,37.49310176919332,0,balanced profile
73913,Ilija Nestorovski,Slaven Koprivnica,Attacker,36,1866.0,7.29,0.337620578778135,0.0964630225080385,2.8456591639871385,1.302250803858521,25.466237942122188,0.9163987138263664,0.1929260450160771,0.2893890675241157,45.76271186440678,11.864406779661016,0.6364,43.97163120567376,81.1304347826087,0.4340836012861736,0.3858520900321543,72.72727272727273,2.0257234726688105,0.5787781350482315,0.0482315112540192,8.333333333333334,3.0385852090032155,1.639871382636656,53.96825396825397,0.7234726688102894,2.797427652733119,1.157556270096463,0.0,39.130434782608695,0.8681672025723473,79.39393939393939,43.63636363636363,35.75757575757576,28.960396039603964,50.53240324032403,73.43234323432343,29.603960396039604,34.36881188118812,43.18181818181819,41.96969696969697,,0.0,5.089108910891089,55.62151215121512,51.30896541384557,-0.7765621735215404,0.0,0.0,50.53240324032403,4,high-volume finishers (variant 2)
37535538,Luka Dajcer,Lokomotiva Zagreb,Defender,25,1845.0,6.93,0.048780487804878,0.0,0.4390243902439024,0.0975609756097561,46.926829268292686,1.4634146341463414,1.3170731707317074,0.1463414634146341,22.22222222222222,11.11111111111111,0.7681999999999999,61.49425287356322,76.875,0.048780487804878,0.6341463414634146,56.52173913043478,0.8292682926829268,1.0731707317073171,0.3414634146341463,31.818181818181817,9.21951219512195,3.5609756097560976,38.62433862433863,0.4390243902439024,2.292682926829268,4.439024390243903,0.0,16.666666666666668,1.4146341463414631,59.953703703703695,41.2037037037037,64.81481481481481,65.5940594059406,56.35107260726072,62.21122112211221,61.78217821782179,75.40841584158416,62.15277777777778,61.57407407407407,,0.0,5.02970297029703,61.38077557755775,47.31337146692811,9.037701140332608,4.518850570166304,1.4975741891865475,62.36749736661358,6,progressive distributors
527767,Naïs Djouahra,Rijeka,Attacker,26,1823.0,7.11,0.1974766867800329,0.1974766867800329,2.2216127262753704,0.5924300603400987,24.73395501919912,1.2342292923752056,0.6417992320351069,0.0493691716950082,26.666666666666668,8.88888888888889,0.7545000000000001,41.145833333333336,65.10714285714286,0.3949533735600658,1.8760285244103128,44.70588235294117,0.3949533735600658,5.529347229840922,1.431705979155239,25.892857142857142,1.6291826659352715,0.6911684037301152,42.42424242424242,1.6785518376302797,0.3949533735600658,0.444322545255074,0.0,53.57142857142857,0.6911684037301152,43.333333333333336,70.9090909090909,54.54545454545454,90.5940594059406,59.69576957695769,53.46534653465346,53.56435643564356,22.004950495049503,80.45454545454544,60.22727272727272,,0.0,4.99009900990099,64.68586858685867,51.55523601085063,8.14053356610706,4.07026678305353,0.0,63.76603636001121,3,high-volume finishers
97414,Ismaël Diallo,Hajduk Split,Defender,29,1811.0,6.92,0.0496963003865267,0.0496963003865267,0.3478741027056874,0.0496963003865267,34.24075096631695,2.9817780231916067,1.2921038100496962,0.447266703478741,14.285714285714286,14.285714285714286,0.7663,55.833333333333336,72.44,0.0993926007730535,0.7951408061844285,41.02564102564103,1.5405853119823305,2.0872446162341247,0.3975704030922142,19.047619047619047,4.721148536720044,2.186637217007178,46.31578947368421,0.447266703478741,1.39149641082275,1.8387631143014909,0.0,44.0,0.7951408061844285,56.01851851851851,41.2037037037037,68.05555555555554,6.930693069306926,50.27640264026402,63.2013201320132,52.37623762376238,65.64356435643563,57.98611111111112,52.60416666666666,,0.0,4.950495049504951,55.226897689768975,49.584473497440825,0.6919291428231986,0.3459645714115993,0.36202317393019,50.98439038560581,5,balanced profile
34398,Roberto Puncec,Šibenik,Defender,34,1772.0,6.81,0.0,0.0,0.2539503386004514,0.0507900677200902,42.4097065462754,0.8126410835214447,1.015801354401806,0.2031602708803611,20.0,0.0,0.8299,58.888888888888886,88.6,0.0,0.0507900677200902,50.0,0.3047404063205418,0.0,0.0,0.0,6.399548532731377,2.793453724604966,43.65079365079365,0.2031602708803611,1.574492099322799,4.317155756207675,0.0,20.0,1.828442437923251,25.46296296296296,44.90740740740741,38.42592592592593,48.51485148514851,37.49037403740374,29.372937293729372,49.009900990099005,59.50495049504951,28.125,42.99768518518519,,0.0,4.910891089108911,42.40126512651265,45.37125340014588,-7.880879362742142,0.0,2.4686332225776617,39.959007259981405,1,ball-playing defenders
72677,Vedran Jugovic,Osijek,Midfielder,36,1766.0,6.84,0.101925254813137,0.0,0.8663646659116648,0.2548131370328426,34.960362400906,1.2231030577576445,1.37599093997735,0.4586636466591166,29.41176470588235,11.764705882352942,0.8687999999999999,45.90163934426229,58.86666666666667,0.101925254813137,0.203850509626274,40.0,0.3567383918459796,0.6625141562853907,0.1528878822197055,23.07692307692308,2.497168742921857,1.274065685164213,51.02040816326531,0.4586636466591166,1.0702151755379388,1.3250283125707814,0.0,23.33333333333333,1.3250283125707814,57.377049180327866,51.63934426229508,43.16939890710382,5.940594059405953,46.24979711085863,26.15511551155116,51.13861386138613,42.82178217821782,19.46721311475409,44.12568306010929,,0.0,4.871287128712871,51.1210842395715,52.198656341043936,-5.948859230185306,0.0,0.0,46.24979711085863,5,balanced profile
74127,Anthony Kalik,Hajduk Split,Midfielder,28,1742.0,6.78,0.1549942594718714,0.0516647531572904,1.3432835820895523,0.4133180252583238,18.444316877152698,0.981630309988519,0.1549942594718714,0.3099885189437428,30.76923076923077,11.538461538461538,0.6919,33.50515463917526,56.193548387096776,0.2066590126291618,0.2066590126291619,22.22222222222222,0.981630309988519,0.6199770378874856,0.1549942594718714,25.0,1.4982778415614235,0.7749712973593571,51.72413793103448,0.9299655568312284,1.0849598163030998,0.4133180252583238,0.0,38.70967741935484,0.878300803673938,70.49180327868852,17.48633879781421,3.8251366120218577,24.257425742574256,29.96672618081481,29.372937293729372,29.801980198019805,13.93564356435644,30.32786885245902,11.133879781420765,,0.0,4.831683168316832,34.79840934913164,49.584473497440825,-19.61774731662602,0.0,0.36202317393019,30.328749354745,4,high-volume finishers (variant 2)
37697289,Salim Fago Lawal,Istra 1961,Attacker,23,1724.0,6.78,0.2088167053364269,0.0,2.662412993039444,0.7830626450116009,19.94199535962877,0.2610208816705336,0.2088167053364269,0.1044083526682134,29.41176470588235,7.84313725490196,0.6492,30.501930501930502,59.44827586206897,0.2088167053364269,0.7308584686774942,25.0,0.7830626450116009,2.0359628770301623,0.2088167053364269,10.256410256410255,0.7830626450116009,0.4698375870069605,60.0,0.4698375870069605,2.3491879350348026,1.3051044083526682,0.0,27.58620689655172,1.148491879350348,49.09090909090909,18.787878787878785,10.909090909090908,76.98019801980197,31.334383438343835,39.76897689768977,20.990099009900987,29.641089108910887,21.81818181818182,15.90909090909091,,0.0,4.792079207920792,36.12646264626463,49.340686507175306,-18.00630306883147,0.0,0.4839166690629497,31.818300107406785,4,high-volume finishers (variant 2)
72702,M. Maloča,Gorica,Defender,37,1706.0,6.98,0.0,0.0,0.4220398593200469,0.0527549824150058,47.16295427901524,1.0550996483001172,0.6330597889800703,0.1055099648300117,12.5,0.0,0.8412000000000001,60.869565217391305,89.78947368421052,0.0,0.0527549824150058,100.0,0.6330597889800703,0.0527549824150058,0.0527549824150058,100.0,7.01641266119578,2.9015240328253222,41.35338345864662,0.0527549824150058,2.004689331770223,6.066822977725674,0.0,21.05263157894737,1.2661195779601406,25.925925925925924,55.09259259259259,33.333333333333336,76.23762376237624,41.92931793179318,46.12211221122112,53.76237623762377,63.36633663366337,24.65277777777778,42.013888888888886,,0.0,4.752475247524752,46.68179317931793,44.70718855697045,-2.777870625177272,0.0,2.800665644165377,44.72998357595856,1,ball-playing defenders
9302755,Ivan Dolcek,Slaven Koprivnica,Attacker,26,1701.0,6.89,0.1587301587301587,0.1058201058201058,1.9576719576719577,0.6349206349206349,22.91005291005291,1.4285714285714286,0.5291005291005291,0.1058201058201058,32.432432432432435,8.108108108108109,0.7620999999999999,41.66666666666666,54.87096774193548,0.2645502645502645,1.4285714285714286,40.298507462686565,1.4285714285714286,2.0105820105820107,0.5291005291005291,26.31578947368421,1.3756613756613756,0.8465608465608465,61.53846153846154,1.216931216931217,0.6878306878306878,0.2116402116402116,0.0,25.806451612903224,1.216931216931217,38.78787878787879,58.18181818181818,53.333333333333336,75.74257425742574,52.66516651665167,67.32673267326733,47.32673267326733,22.25247524752475,62.27272727272727,58.03030303030303,,0.0,4.712871287128713,57.37803780378038,51.30896541384557,1.3562011028060963,0.6781005514030483,0.0,53.34326706805472,0,balanced profile
32786881,Tomislav Duvnjak,Varaždin,Midfielder,23,1692.0,6.96,0.0531914893617021,0.0,0.425531914893617,0.1063829787234042,43.56382978723404,2.5531914893617023,1.0638297872340423,0.425531914893617,25.0,12.5,0.8278,57.72727272727273,58.3448275862069,0.0531914893617021,0.6382978723404256,37.5,2.6595744680851063,0.9042553191489362,0.1595744680851064,17.647058823529413,6.382978723404255,3.297872340425532,51.66666666666666,0.6382978723404256,1.1170212765957446,2.234042553191489,0.0,37.93103448275862,0.5851063829787234,47.814207650273225,54.91803278688525,77.04918032786885,8.415841584158414,54.77601038792404,64.68646864686468,62.87128712871287,63.63861386138614,46.92622950819672,70.49180327868852,,0.0,4.673267326732673,59.44927771465671,48.29913047958605,6.476879908337992,3.238439954168996,1.0046946828575791,59.01914502495062,5,balanced profile
37600592,Luka Vrbancic,Lokomotiva Zagreb,Midfielder,21,1668.0,6.96,0.1618705035971223,0.0,1.5107913669064748,0.7014388489208633,29.67625899280576,2.158273381294964,0.7014388489208633,0.2158273381294964,46.42857142857143,10.714285714285714,0.7582,47.59825327510917,64.15384615384616,0.1618705035971223,0.9712230215827338,50.0,2.212230215827338,2.805755395683453,0.8093525179856115,28.846153846153847,4.154676258992806,2.050359712230216,49.35064935064935,1.1870503597122302,0.5935251798561151,0.8633093525179856,0.0,19.23076923076923,1.4568345323741008,75.68306010928961,28.688524590163933,47.540983606557376,44.8019801980198,50.053968511605255,78.63036303630362,60.94059405940593,38.42821782178217,54.71311475409836,47.43852459016394,,4.0,4.633663366336633,58.68763187794189,47.31337146692811,2.740597044677145,1.3702985223385724,1.4975741891865475,52.92184122313037,0,balanced profile
37546618,Raúl Torrente,Dinamo Zagreb,Defender,24,1650.0,7.22,0.109090909090909,0.0545454545454545,0.9818181818181818,0.3818181818181818,62.67272727272727,1.6363636363636365,0.9272727272727272,0.1636363636363636,38.888888888888886,11.11111111111111,0.8676999999999999,66.38655462184875,78.57142857142857,0.1636363636363636,0.0,0.0,0.6545454545454545,0.0545454545454545,0.0545454545454545,100.0,7.8545454545454545,3.109090909090909,39.583333333333336,0.3272727272727272,2.018181818181818,4.418181818181818,0.0,33.333333333333336,1.1454545454545455,86.80555555555556,83.33333333333333,61.57407407407408,61.13861386138614,75.6277502750275,13.531353135313532,63.26732673267327,73.30445544554455,45.3125,67.24537037037038,,0.0,4.594059405940594,80.2218096809681,63.406236779025285,12.22151349600221,6.110756748001105,0.0,81.7385070230286,6,progressive distributors
37551107,Leon Belcar,Varaždin,Midfielder,24,1624.0,7.24,0.1662561576354679,0.0,1.3300492610837438,0.2216748768472906,41.17610837438424,1.4408866995073892,1.3854679802955665,0.2770935960591133,16.666666666666668,12.5,0.8089,58.27814569536424,81.2,0.1662561576354679,0.5541871921182266,41.66666666666666,1.9396551724137927,0.6096059113300493,0.0554187192118226,9.090909090909092,7.259852216748769,4.322660098522167,59.54198473282442,1.0529556650246306,0.9421182266009852,1.3854679802955665,0.0,50.0,0.5541871921182266,62.56830601092897,47.814207650273225,66.12021857923497,31.683168316831683,56.11913650381432,61.7986798679868,65.44554455445544,54.90099009900991,53.48360655737705,67.89617486338798,,0.0,4.554455445544554,60.67359194935887,48.29913047958605,7.82000602422827,3.910003012114135,1.0046946828575791,61.033834198786025,5,balanced profile
37694071,Niko Sigur,Hajduk Split,Midfielder,22,1612.0,6.99,0.1674937965260546,0.0558312655086848,0.9491315136476428,0.3349875930521092,36.23449131513648,2.9590570719602978,0.9491315136476428,0.3349875930521092,35.294117647058826,17.647058823529413,0.8490000000000001,56.48148148148148,57.57142857142857,0.2233250620347394,0.7816377171215881,53.84615384615385,2.177419354838709,0.5583126550868487,0.1116625310173697,20.0,2.1215880893300247,1.1166253101736974,52.63157894736842,0.4466501240694789,0.8374689826302729,1.0607940446650124,0.0,32.142857142857146,1.1724565756823822,73.224043715847,57.377049180327866,75.95628415300547,20.29702970297029,63.99691608505113,78.87788778877888,48.01980198019802,54.38118811881189,34.01639344262296,58.87978142076504,,2.0,4.514851485148514,70.51176757019965,49.584473497440825,14.412442587610307,7.206221293805154,0.36202317393019,71.56516055278647,5,balanced profile
72857,Duje Cop,Rijeka,Attacker,36,1608.0,7.2,0.3358208955223881,0.1119402985074626,2.630597014925373,1.3432835820895523,18.917910447761194,0.7835820895522388,0.167910447761194,0.0559701492537313,51.06382978723404,12.76595744680851,0.6243,33.53658536585366,89.33333333333333,0.4477611940298507,0.3358208955223881,33.333333333333336,0.8955223880597015,0.5597014925373134,0.1119402985074626,20.0,0.7276119402985075,0.2798507462686567,38.46153846153846,0.7835820895522388,1.0634328358208955,0.503731343283582,0.0,16.666666666666668,1.5111940298507462,80.60606060606061,28.48484848484848,16.363636363636363,90.0990099009901,46.646264626462646,34.9009900990099,20.891089108910894,15.94059405940594,27.272727272727277,17.727272727272727,,0.0,4.475247524752476,51.12151215121512,51.55523601085063,-4.908971384387982,0.0,0.0,46.646264626462646,4,high-volume finishers (variant 2)
74090,Valentino Majstorovic,Gorica,Defender,30,1602.0,6.71,0.0,0.0,0.449438202247191,0.1123595505617977,23.31460674157304,2.134831460674157,0.7303370786516854,0.0,25.0,0.0,0.6819,47.89272030651341,55.241379310344826,0.0,1.1235955056179776,45.45454545454545,2.359550561797753,1.6292134831460674,0.3370786516853932,20.6896551724138,3.0898876404494384,0.5617977528089888,18.181818181818183,0.7303370786516854,1.5168539325842696,2.191011235955056,0.0,27.58620689655172,1.348314606741573,34.72222222222222,11.111111111111107,35.18518518518518,96.2871287128713,33.934268426842685,77.80528052805282,30.594059405940595,57.0420792079208,51.04166666666666,28.53009259259259,,0.0,4.435643564356436,38.36991199119912,44.70718855697045,-10.772920130127766,0.0,2.800665644165377,36.73493407100806,5,balanced profile
3533873,Ivan Nekic,Varaždin,Defender,25,1596.0,7.28,0.0,0.0,0.3947368421052631,0.056390977443609,54.19172932330827,1.8609022556390973,1.8045112781954888,0.112781954887218,14.285714285714286,0.0,0.8148000000000001,61.224489795918366,88.66666666666667,0.0,0.3947368421052631,87.5,0.2819548872180451,0.169172932330827,0.056390977443609,33.333333333333336,10.43233082706767,4.06015037593985,38.91891891891892,0.225563909774436,2.537593984962406,3.721804511278195,0.0,50.0,0.7330827067669173,26.38888888888889,56.94444444444445,78.7037037037037,73.26732673267327,55.93784378437844,48.67986798679868,60.29702970297031,83.11881188118812,50.34722222222222,72.16435185185185,,0.0,4.376237623762377,60.314081408140815,48.29913047958605,7.63871330479239,3.819356652396195,1.0046946828575791,60.76189511963221,1,ball-playing defenders
56643,Dario Melnjak,Hajduk Split,Defender,33,1596.0,6.96,0.0,0.056390977443609,0.9022556390977444,0.112781954887218,35.97744360902256,1.7481203007518795,1.466165413533835,0.0,12.5,0.0,0.7492,64.48598130841121,49.875,0.056390977443609,0.2819548872180451,45.45454545454545,0.5639097744360902,2.9323308270676693,0.7330827067669173,25.0,5.413533834586466,1.973684210526316,36.458333333333336,0.9586466165413534,1.3533834586466165,2.255639097744361,0.0,34.375,1.0714285714285714,35.18518518518518,42.5925925925926,77.77777777777779,96.2871287128713,56.2953795379538,35.8910891089109,61.18811881188119,72.98267326732672,59.375,61.458333333333336,,0.0,4.376237623762377,60.67161716171618,49.584473497440825,6.710906040512974,3.355453020256487,0.36202317393019,60.01285573214047,5,balanced profile
28912771,Adrion Pajaziti,Gorica,Midfielder,23,1569.0,6.96,0.1720841300191204,0.0,0.6309751434034416,0.401529636711281,43.25047801147228,1.032504780114723,0.6883365200764818,0.1147227533460803,63.63636363636363,27.27272727272728,0.8886,49.46236559139785,68.21739130434783,0.1720841300191204,1.089866156787763,54.285714285714285,2.6959847036328872,1.6061185468451242,0.5736137667304015,35.714285714285715,3.9005736137667295,2.237093690248566,57.35294117647059,0.745697896749522,0.5162523900573613,0.745697896749522,0.0,39.130434782608695,1.3766730401529637,79.23497267759564,62.56830601092896,30.054644808743166,71.78217821782178,58.7355948709625,86.13861386138613,71.08910891089108,27.995049504950494,48.97540983606557,48.428961748633874,,0.0,4.316831683168317,63.05242655413082,44.70718855697045,14.02840631399205,7.014203156996025,2.800665644165377,68.5504636721239,0,balanced profile
32405608,Ivan Smolcic,Rijeka,Defender,25,1564.0,7.42,0.057544757033248,0.1150895140664961,1.0933503836317136,0.1726342710997442,41.20204603580563,2.129156010230179,2.071611253196931,0.2301790281329923,15.789473684210526,5.2631578947368425,0.7039,57.30994152046784,86.88888888888889,0.1726342710997442,0.3452685421994885,35.294117647058826,0.9207161125319692,1.7263427109974423,0.5179028132992327,30.0,8.343989769820972,3.740409207161125,44.82758620689656,1.0933503836317136,2.301790281329924,2.647058823529412,0.0,61.11111111111112,0.4603580562659846,63.88888888888889,48.14814814814815,77.77777777777777,41.08910891089109,61.05335533553355,37.54125412541254,64.35643564356437,78.53960396039604,79.51388888888889,67.70833333333334,,0.0,4.2772277227722775,65.33058305830583,51.55523601085063,9.498119324682923,4.749059662341463,0.0,65.80241499787502,5,balanced profile
24838185,Ivan Cubelic,Slaven Koprivnica,Midfielder,23,1546.0,6.95,0.0,0.0582147477360931,1.222509702457956,0.3492884864165588,41.85640362225097,2.9107373868046573,2.2703751617076326,0.3492884864165588,28.571428571428573,0.0,0.7594,49.549549549549546,57.25925925925926,0.0582147477360931,0.407503234152652,43.75,0.8732212160413971,2.153945666235446,0.4657179818887451,21.62162162162162,7.509702457956015,4.249676584734799,56.58914728682171,0.815006468305304,2.21216041397154,2.21216041397154,0.0,25.925925925925927,1.2807244501940491,30.054644808743166,50.81967213114754,80.32786885245902,17.82178217821783,50.1428339555267,44.38943894389439,66.03960396039604,72.32673267326733,54.50819672131147,70.90163934426229,,0.0,4.237623762376238,54.380457717902935,51.30896541384557,-1.1661314583188729,0.0,0.0,50.1428339555267,5,balanced profile
37287242,Ivan Laća,Šibenik,Attacker,23,1545.0,6.93,0.174757281553398,0.233009708737864,2.3300970873786406,0.5825242718446602,27.320388349514563,1.5728155339805825,1.1067961165048543,0.0,25.0,7.5,0.6779999999999999,48.92086330935252,51.5,0.4077669902912622,0.3495145631067961,40.0,0.9320388349514565,1.6310679611650485,0.6407766990291263,39.285714285714285,4.135922330097087,1.6893203883495145,40.84507042253521,0.9320388349514565,1.4563106796116505,0.9320388349514565,0.0,13.333333333333334,1.2815533980582523,35.15151515151515,64.84848484848484,80.60606060606061,96.2871287128713,63.81053105310532,41.006600660066006,47.12871287128713,51.00247524752476,60.90909090909091,70.53030303030303,,0.0,4.198019801980198,68.00855085508552,45.37125340014588,18.439277652959436,9.219638826479716,2.4686332225776617,75.4988031021627,0,balanced profile
37563601,Luka Stojkovic,Dinamo Zagreb,Midfielder,22,1542.0,7.59,0.3501945525291828,0.2918287937743191,2.859922178988327,1.1673151750972763,45.93385214007782,2.159533073929961,0.7587548638132295,0.1750972762645914,40.81632653061224,12.244897959183673,0.8056,51.627906976744185,59.30769230769231,0.6420233463035019,1.4591439688715953,52.083333333333336,1.284046692607004,8.346303501945526,2.509727626459144,30.06993006993007,4.260700389105058,2.9766536964980546,69.86301369863014,3.093385214007782,1.517509727626459,0.642023346303502,0.0,30.76923076923077,0.8754863813229572,90.1639344262295,75.95628415300546,57.92349726775956,57.92079207920792,73.00519396201913,76.07260726072609,83.66336633663367,50.51980198019802,86.88524590163934,67.89617486338798,,2.0,4.158415841584159,79.1636098036033,63.406236779025285,9.59895718299385,4.799478591496925,0.0,77.80467255351606,3,high-volume finishers
129585,Alessandro Tuia,Osijek,Defender,36,1537.0,6.98,0.0,0.0585556278464541,0.4098893949251789,0.0,47.95705920624594,1.346779440468445,1.4638906961613534,0.3513337670787247,0.0,0.0,0.7973,65.2542372881356,85.38888888888889,0.0585556278464541,0.0,0.0,1.1711125569290826,0.0,0.0,0.0,10.657124268054652,4.040338321405335,37.91208791208791,0.2342225113858165,2.108002602472349,5.504229017566688,0.0,22.22222222222222,1.346779440468445,21.527777777777786,62.96296296296296,69.9074074074074,17.32673267326733,48.05211771177117,22.27722772277228,53.16831683168317,75.07425742574259,48.09027777777778,64.6412037037037,,0.0,4.118811881188119,52.1709295929593,52.198656341043936,-4.1465386292727615,0.0,0.0,48.05211771177117,1,ball-playing defenders
37581526,Domagoj Bukvic,Osijek,Attacker,22,1528.0,6.85,0.0,0.1767015706806282,1.4136125654450262,0.412303664921466,24.914921465968582,2.532722513089005,0.7657068062827225,0.1767015706806282,29.166666666666668,0.0,0.7565000000000001,44.33962264150944,50.93333333333333,0.1767015706806282,1.236910994764398,46.66666666666666,1.0602094240837696,2.650523560209424,0.5890052356020943,22.22222222222222,1.943717277486911,0.7657068062827225,39.39393939393939,1.0013089005235605,0.5301047120418848,0.7657068062827225,0.0,23.33333333333333,1.1780104712041886,9.696969696969695,69.6969696969697,76.96969696969697,57.42574257425743,52.65166516651665,65.92409240924091,45.148514851485146,38.46534653465347,68.63636363636364,67.34848484848484,,2.0,4.079207920792079,58.73087308730873,52.198656341043936,0.4530088254727147,0.2265044127363573,0.0,52.87816957925301,0,balanced profile
37704799,Adriano Jagusic,Slaven Koprivnica,Midfielder,20,1526.0,7.03,0.1769331585845347,0.1769331585845347,1.887287024901704,0.4128440366972477,35.32765399737877,2.300131061598952,1.0615989515072084,0.1769331585845347,21.875,9.375,0.7629,50.0,56.51851851851852,0.3538663171690694,1.474442988204456,40.32258064516129,2.300131061598952,2.7719528178243773,0.3538663171690694,12.76595744680851,4.836173001310616,3.479685452162516,71.95121951219512,1.1205766710353866,1.0026212319790302,0.3538663171690694,0.0,22.22222222222222,1.0026212319790302,68.30601092896175,56.28415300546448,62.29508196721312,56.93069306930693,61.75864307742249,75.08250825082509,64.95049504950495,45.915841584158414,77.45901639344262,60.24590163934426,,6.0,4.03960396039604,71.79824703781853,51.30896541384557,10.44967766357692,5.22483883178846,0.0,66.98348190921095,0,balanced profile
37332624,Giorgi Gagua,Istra 1961,Attacker,24,1524.0,7.01,0.1771653543307086,0.1181102362204724,1.653543307086614,0.4724409448818897,20.66929133858268,1.2401574803149606,0.3543307086614173,0.2952755905511811,28.571428571428573,10.714285714285714,0.6857,50.39370078740158,54.42857142857143,0.2952755905511811,0.8267716535433071,51.851851851851855,3.543307086614173,0.3543307086614173,0.0590551181102362,16.666666666666668,0.7677165354330708,0.4133858267716535,53.84615384615385,1.4763779527559056,2.1850393700787403,1.0039370078740155,0.0,39.285714285714285,1.1220472440944882,43.63636363636363,41.21212121212121,63.030303030303024,28.21782178217822,47.18541854185418,81.76567656765677,30.7920792079208,41.26237623762376,53.63636363636363,52.87878787878788,,0.0,4.0,51.18541854185418,49.340686507175306,-2.155267965321123,0.0,0.4839166690629497,47.66933521091713,0,balanced profile
530693,Hrvoje Babec,Osijek,Midfielder,26,1522.0,7.22,0.0591327201051248,0.1182654402102496,0.5321944809461235,0.1773981603153745,53.63337713534823,1.7148488830486202,1.419185282522996,0.1182654402102496,33.333333333333336,11.11111111111111,0.8334999999999999,54.54545454545455,84.55555555555556,0.1773981603153745,0.2956636005256242,71.42857142857143,0.2956636005256242,0.354796320630749,0.1182654402102496,33.333333333333336,5.795006570302234,2.9566360052562417,51.02040816326531,0.4730617608409987,2.365308804204993,2.6609724047306176,0.0,16.666666666666668,1.419185282522996,49.18032786885246,80.8743169398907,67.75956284153006,71.2871287128713,66.4729751663691,44.63696369636964,62.97029702970296,72.52475247524752,50.0,67.07650273224044,,0.0,3.96039603960396,70.43337120597306,52.198656341043936,14.27431882532516,7.13715941266258,0.0,73.61013457903168,6,progressive distributors
74182,T. Halilović,Gorica,Midfielder,31,1519.0,7.11,0.1184990125082291,0.0,1.1257406188281764,0.2962475312705727,45.74061882817643,1.5404871626069785,1.3627386438446347,0.1184990125082291,26.31578947368421,10.526315789473683,0.8290000000000001,58.55855855855856,75.95,0.1184990125082291,0.5924950625411455,45.45454545454545,1.0072416063199474,2.488479262672811,0.8887425938117183,35.714285714285715,5.806451612903226,2.784726793943384,47.95918367346939,1.1257406188281764,0.7702435813034891,2.251481237656353,0.0,40.0,1.2442396313364057,56.28415300546448,56.55737704918033,65.57377049180327,70.79207920792079,60.6037980847265,54.37293729372937,77.22772277227723,59.33168316831684,53.89344262295082,68.23770491803279,,0.0,3.920792079207921,64.52459016393442,44.70718855697045,15.896609527756048,7.948304763878024,2.800665644165377,71.3527684927699,6,progressive distributors
3568423,Michele Sego,Varaždin,Attacker,25,1517.0,7.51,0.2373104812129202,0.1779828609096901,3.2036914963744234,1.067897165458141,27.11272247857614,0.4746209624258404,0.5339485827290705,0.05932762030323,33.333333333333336,7.407407407407407,0.7637,44.8780487804878,84.27777777777777,0.4152933421226104,1.3052076466710614,37.93103448275862,2.5510876730388925,5.517468688200395,1.4238628872775214,25.806451612903224,3.025708635464733,1.957811470006592,64.70588235294117,2.135794330916282,0.8899143045484509,0.8305866842452209,0.0,50.0,0.6526038233355307,55.15151515151516,76.36363636363636,44.24242424242424,89.10891089108911,61.63816381638164,72.93729372937294,65.04950495049505,25.495049504950494,84.54545454545455,65.07575757575758,,0.0,3.881188118811881,65.51935193519351,48.29913047958605,13.339033336795588,6.669516668397794,1.0046946828575791,69.312375167637,3,high-volume finishers
21072870,Jurica Prsir,Gorica,Midfielder,26,1511.0,7.2,0.1786896095301125,0.1191264063534083,1.3103904698874915,0.5360688285903376,51.87954996690933,3.3951025810721376,1.2508272667107876,0.2382528127068166,40.90909090909091,13.636363636363637,0.8289,49.38271604938272,75.55,0.2978160158835208,0.6551952349437459,39.285714285714285,1.9655857048312373,4.824619457313037,1.5486432825943084,32.098765432098766,5.420251489080079,2.799470549305096,51.64835164835165,1.369953673064196,1.3103904698874915,1.6082064857710126,0.0,20.0,1.4890800794176042,79.78142076502733,79.78142076502733,69.94535519125682,39.6039603960396,72.81285505599742,62.70627062706271,84.35643564356437,60.99009900990098,71.31147540983606,74.72677595628414,,0.0,3.8415841584158414,76.65443921441326,44.70718855697045,28.105666499026967,14.052833249513483,2.800665644165377,89.66635394967628,2,balanced profile
51829,Marin Leovac,Lokomotiva Zagreb,Defender,37,1503.0,6.84,0.0,0.0,0.2395209580838323,0.059880239520958,45.92814371257485,1.6167664670658684,1.6167664670658684,0.4191616766467065,25.0,0.0,0.7301000000000001,47.10743801652893,75.15,0.0,0.2395209580838323,33.333333333333336,0.7784431137724551,3.1137724550898205,0.718562874251497,23.07692307692308,7.245508982035928,2.215568862275449,30.57851239669421,0.718562874251497,0.7784431137724551,2.5748502994011977,0.0,15.0,1.437125748502994,26.85185185185185,34.72222222222222,50.46296296296296,9.405940594059402,34.551705170517046,30.44554455445545,60.0,51.31188118811881,51.38888888888889,49.0162037037037,,0.0,3.801980198019802,38.35368536853685,47.31337146692811,-12.761666296411065,0.0,1.4975741891865475,36.04927935970359,5,balanced profile
37660075,Ante Kavelj,Šibenik,Midfielder,20,1501.0,6.81,0.0599600266489007,0.0,0.7195203197868087,0.2398401065956029,24.3437708194537,1.6788807461692206,1.6189207195203197,0.0599600266489007,33.333333333333336,8.333333333333334,0.6675,51.70068027210884,65.26086956521739,0.0599600266489007,0.1199200532978014,50.0,0.5996002664890073,0.9593604263824116,0.2998001332445036,31.25,3.117921385742838,1.3790806129247168,44.23076923076923,0.5996002664890073,2.218520986009327,1.6189207195203197,0.0,17.391304347826086,1.4390406395736175,46.17486338797814,11.74863387978142,67.21311475409837,88.61386138613861,46.40236974517124,36.46864686468647,32.67326732673268,68.24257425742574,22.745901639344265,42.82786885245902,,6.0,3.7623762376237617,56.164745982795,45.37125340014588,1.031116345025353,0.5155581725126765,2.4686332225776617,49.38656114026158,5,balanced profile
455998,Mihail Caimacov,Slaven Koprivnica,Midfielder,27,1491.0,6.79,0.0,0.0603621730382293,0.96579476861167,0.1810865191146881,33.138832997987926,1.6297786720321932,0.7243460764587525,0.3621730382293762,18.75,0.0,0.8106,44.285714285714285,53.25,0.0603621730382293,0.96579476861167,43.24324324324324,2.3541247484909458,1.93158953722334,0.6036217303822937,31.25,3.380281690140845,1.9919517102615687,58.92857142857143,1.3883299798792756,0.7847082494969819,0.7243460764587525,0.0,21.428571428571427,1.2072434607645874,21.85792349726776,48.08743169398907,34.42622950819672,13.861386138613868,32.69761402369745,71.94719471947195,67.12871287128712,30.54455445544554,61.47540983606557,46.10655737704919,,0.0,3.722772277227723,36.42038630092517,51.30896541384557,-18.611351390148123,0.0,0.0,32.69761402369745,0,balanced profile
73639,Marko Kolar,Gorica,Attacker,31,1489.0,7.01,0.3022162525184688,0.0604432505036937,1.8737407656145064,0.8462055070517126,16.138347884486233,0.5439892545332438,0.1813297515110812,0.241773002014775,45.16129032258065,16.129032258064516,0.7565999999999999,44.53125,62.04166666666666,0.3626595030221625,0.3022162525184688,31.25,1.3901947615849564,0.0,0.0,0.0,0.9066487575554064,0.5439892545332438,60.0,0.7253190060443251,1.148421759570181,0.9670920080591,0.0,20.83333333333333,1.148421759570181,73.33333333333333,38.18181818181818,32.72727272727273,39.10891089108911,47.18361836183618,40.59405940594059,24.554455445544555,23.09405940594059,19.090909090909086,34.772727272727266,,0.0,3.6831683168316833,50.86678667866786,44.70718855697045,2.476429804865731,1.2382149024328657,2.800665644165377,51.22249890843442,4,high-volume finishers (variant 2)
37596443,Rokas Pukstas,Hajduk Split,Midfielder,21,1461.0,6.96,0.0616016427104722,0.0616016427104722,1.7248459958932238,0.3080082135523614,30.246406570841888,2.0328542094455853,1.108829568788501,0.3080082135523614,17.857142857142858,3.571428571428572,0.7067,54.09836065573771,48.7,0.1232032854209445,0.8624229979466119,51.851851851851855,2.0328542094455853,0.3696098562628336,0.0616016427104722,16.666666666666668,1.6632443531827514,0.9240246406570842,55.55555555555556,1.0472279260780288,5.359342915811088,0.4928131416837782,0.0,30.0,1.108829568788501,44.26229508196721,30.601092896174865,63.9344262295082,24.75247524752476,44.11459178704756,78.63036303630363,39.207920792079214,60.2970297029703,45.49180327868852,46.10655737704918,,4.0,3.643564356435644,51.758156143483205,49.584473497440825,-5.469881710393267,0.0,0.36202317393019,44.47661496097775,0,balanced profile
4187891,Toni Kolega,Šibenik,Attacker,27,1460.0,6.79,0.0,0.0616438356164383,0.5547945205479452,0.0616438356164383,30.883561643835616,2.589041095890411,1.356164383561644,0.0616438356164383,11.11111111111111,0.0,0.5768,60.76923076923077,58.4,0.0616438356164383,0.3698630136986301,33.333333333333336,1.2945205479452055,1.8493150684931507,0.3698630136986301,20.0,7.767123287671233,1.8493150684931507,23.80952380952381,0.4931506849315068,0.6164383561643836,1.7876712328767124,0.0,24.0,1.6643835616438356,4.242424242424242,40.6060606060606,98.7878787878788,88.11881188118812,51.902790279027904,42.65676567656766,39.10891089108911,65.94059405940594,37.72727272727273,74.16666666666667,,0.0,3.603960396039604,55.50675067506751,45.37125340014588,6.531536878882022,3.265768439441011,2.4686332225776617,57.63719194104658,5,balanced profile
198710,Petar Pusic,Osijek,Midfielder,27,1454.0,6.99,0.1856946354883081,0.1856946354883081,1.7331499312242091,0.5570839064649243,48.34250343878955,0.7427785419532325,0.3094910591471801,0.1856946354883081,32.142857142857146,10.714285714285714,0.8592,36.134453781512605,53.851851851851855,0.3713892709766162,1.052269601100413,54.83870967741935,0.6189821182943603,3.5281980742778543,1.176066024759285,33.333333333333336,3.837689133425034,2.909215955983494,75.80645161290323,1.856946354883081,0.3094910591471801,0.2475928473177441,0.0,25.925925925925927,1.423658872077029,76.22950819672131,85.79234972677595,4.371584699453552,54.95049504950495,55.413082291835735,63.53135313531354,86.63366336633665,7.549504950495049,77.8688524590164,44.193989071038246,,0.0,3.5643564356435644,58.9774387274793,52.198656341043936,3.2144259507917994,1.6072129753958997,0.0,57.02029526723163,3,high-volume finishers
37667026,Igor Lepinjica,Slaven Koprivnica,Attacker,26,1397.0,6.86,0.1288475304223335,0.0644237652111667,1.2884753042233357,0.4509663564781675,24.03006442376521,1.6105941302791698,0.3221188260558339,0.1288475304223335,35.0,10.0,0.7345999999999999,38.49557522123894,55.88,0.1932712956335003,0.901932712956335,40.0,1.4173228346456692,0.7730851825340014,0.1932712956335003,25.0,1.2884753042233357,0.7730851825340014,60.0,0.8375089477451683,1.7394416607015033,0.3221188260558339,0.0,32.0,0.9663564781675018,34.54545454545454,50.30303030303029,43.63636363636363,68.8118811881188,45.42664266426641,61.46864686468646,35.04950495049504,30.12376237623762,40.45454545454546,47.95454545454545,,0.0,3.5247524752475248,48.951395139513934,51.30896541384557,-5.88232274957916,0.0,0.0,45.42664266426641,0,balanced profile
7346393,Aleksa Latkovic,Varaždin,Midfielder,25,1392.0,6.78,0.1293103448275862,0.0,1.4224137931034482,0.5172413793103449,25.474137931034484,2.2629310344827585,0.5172413793103449,0.1939655172413793,36.36363636363637,9.090909090909092,0.7386,44.66019417475728,55.68,0.1293103448275862,1.875,48.333333333333336,1.487068965517241,1.4224137931034482,0.3232758620689655,22.727272727272727,1.293103448275862,0.646551724137931,50.0,1.0344827586206895,0.1939655172413793,0.2586206896551724,0.1939655172413793,36.0,0.7112068965517241,65.30054644808743,18.852459016393443,40.43715846994535,51.48514851485149,42.52556403181302,76.56765676567657,40.99009900990099,27.77227722772277,44.87704918032787,32.30874316939891,,0.0,3.4851485148514856,46.01071254666451,48.29913047958605,-5.773566447773028,0.0,1.0046946828575791,43.5302587146706,0,balanced profile
84515,Gregor Sikosek,Gorica,Defender,32,1381.0,6.91,0.0,0.0651701665459811,0.391020999275887,0.0651701665459811,26.52425778421434,2.411296162201304,0.7168718320057929,0.1955104996379435,16.666666666666668,0.0,0.6978,53.69127516778524,86.3125,0.0651701665459811,0.4561911658218682,53.84615384615385,1.10789283128168,1.6944243301955104,0.391020999275887,23.07692307692308,4.105720492396814,1.4337436640115857,34.92063492063492,0.4561911658218682,1.3034033309196236,2.671976828385228,0.0,37.5,1.4337436640115857,27.777777777777786,28.240740740740744,43.51851851851851,50.495049504950494,34.91061606160616,59.40594059405941,37.32673267326733,60.09900990099009,53.125,33.04398148148148,,0.0,3.445544554455445,38.35616061606161,44.70718855697045,-9.796572495364288,0.0,2.800665644165377,37.71128170577154,5,balanced profile
3862681,Marco Pašalić,Rijeka,Attacker,25,1372.0,7.24,0.2623906705539358,0.1967930029154519,2.9518950437317786,1.1151603498542273,25.05830903790088,1.1807580174927117,0.5903790087463557,0.1311953352769679,37.77777777777778,8.88888888888889,0.7618,44.04761904761905,72.21052631578948,0.4591836734693877,1.967930029154519,49.18032786885246,1.0495626822157431,3.870262390670554,1.1151603498542273,28.8135593220339,2.9518950437317786,2.0335276967930027,68.88888888888889,1.4431486880466473,0.6559766763848397,0.1311953352769679,0.0,68.42105263157895,0.4591836734693877,65.15151515151517,73.33333333333333,56.96969696969697,68.31683168316832,65.46804680468047,70.04950495049505,61.08910891089109,21.287128712871286,84.54545454545455,67.80303030303031,,0.0,3.405940594059406,68.87398739873987,51.55523601085063,13.91281079382984,6.956405396914921,0.0,72.42445220159539,3,high-volume finishers
183400,Lovro Cvek,Šibenik,Midfielder,31,1354.0,6.84,0.0,0.0,0.5982274741506647,0.0664697193500738,39.74889217134417,1.7282127031019203,0.8641063515509602,0.2658788774002954,11.11111111111111,0.0,0.7575,51.14503816793893,84.625,0.0,0.3323485967503692,83.33333333333333,1.329394387001477,0.8641063515509602,0.2658788774002954,30.76923076923077,9.239290989660264,4.453471196454949,48.20143884892087,0.3988183161004431,1.0635155096011817,3.855243722304284,0.0,12.5,1.5952732644017724,14.207650273224042,37.978142076502735,51.91256830601093,34.15841584158416,34.64534978087973,64.68646864686468,56.63366336633664,54.43069306930693,39.959016393442624,51.36612021857924,,0.0,3.366336633663366,38.01168641454309,45.37125340014588,-10.725903619266155,0.0,2.4686332225776617,37.11398300345739,1,ball-playing defenders
37512280,Niko Galesic,Rijeka,Defender,25,1338.0,7.27,0.1345291479820627,0.0672645739910313,0.6053811659192825,0.2690582959641255,51.39013452914798,1.345291479820628,1.4798206278026906,0.2690582959641255,44.44444444444444,22.22222222222222,0.8245999999999999,52.67857142857143,83.625,0.2017937219730941,0.336322869955157,83.33333333333333,0.8071748878923767,0.2017937219730941,0.0,0.0,11.502242152466367,5.7847533632287,50.29239766081872,0.336322869955157,1.4798206278026906,3.295964125560538,0.0,75.0,0.336322869955157,93.05555555555554,71.75925925925925,47.68518518518518,33.66336633663366,67.11633663366337,55.94059405940593,60.0,61.33663366336634,64.58333333333333,59.25925925925925,,0.0,3.326732673267327,70.4430693069307,51.55523601085063,15.561100622812738,7.780550311406369,0.0,74.89688694506974,6,progressive distributors
37325018,Emin Hasic,Osijek,Defender,23,1320.0,7.09,0.1363636363636363,0.0681818181818181,0.2727272727272727,0.2045454545454545,46.5,2.590909090909091,1.3636363636363635,0.3409090909090909,75.0,50.0,0.7448999999999999,56.29139072847682,88.0,0.2045454545454545,0.0681818181818181,50.0,0.6136363636363636,0.4090909090909091,0.0681818181818181,16.666666666666668,8.113636363636363,3.0,36.97478991596638,0.3409090909090909,2.522727272727273,3.5454545454545454,0.0,33.333333333333336,1.1590909090909092,92.12962962962963,53.24074074074073,70.83333333333333,19.306930693069305,66.79180418041803,35.64356435643565,49.9009900990099,78.14356435643563,52.43055555555556,59.201388888888886,,0.0,3.287128712871287,70.07893289328932,52.198656341043936,14.59314783937409,7.296573919687045,0.0,74.08837810010507,6,progressive distributors
37529453,Elvir Durakovic,Šibenik,Defender,26,1315.0,7.0,0.0,0.0684410646387832,0.8212927756653993,0.2053231939163498,30.11406844106464,2.053231939163498,0.6159695817490495,0.0684410646387832,25.0,0.0,0.6705,56.737588652482266,77.3529411764706,0.0684410646387832,1.0950570342205324,42.10526315789474,1.5741444866920151,4.243346007604563,1.368821292775665,32.25806451612903,5.885931558935361,2.1901140684410647,37.2093023255814,1.368821292775665,0.8212927756653993,3.4220532319391634,0.0,11.764705882352942,1.300380228136882,45.37037037037037,29.62962962962963,45.37037037037037,85.64356435643565,44.67546754675468,68.31683168316833,58.21782178217821,57.59900990099009,77.08333333333334,41.08796296296296,,0.0,3.247524752475248,47.92299229922993,45.37125340014588,-0.6957858533912002,0.0,2.4686332225776617,47.14410076933234,2,balanced profile
540670,Iker Pozo,Šibenik,Midfielder,25,1302.0,7.01,0.0,0.0,0.4838709677419355,0.0691244239631336,36.70506912442397,2.695852534562212,1.3824884792626728,0.4838709677419355,14.285714285714286,0.0,0.8023,58.659217877094974,68.52631578947368,0.0,1.036866359447005,55.55555555555556,1.7972350230414746,0.4838709677419355,0.1382488479262673,28.571428571428573,2.834101382488479,1.3133640552995391,46.34146341463415,0.4147465437788018,1.7972350230414746,2.0046082949308754,0.0,10.526315789473683,1.1751152073732718,14.754098360655735,40.7103825136612,85.24590163934425,4.950495049504951,42.70816425904885,82.01320132013201,46.63366336633664,72.27722772277227,35.86065573770492,60.86065573770492,,0.0,3.2079207920792085,45.91608505112806,45.37125340014588,-2.663089141097032,0.0,2.4686332225776617,45.17679748162651,5,balanced profile
73489,Ivan Filipovic,Dinamo Zagreb,Goalkeeper,31,1260.0,6.77,0.0,0.0,0.0714285714285714,0.0,30.0,0.0,0.0,0.1428571428571428,0.0,0.0,0.6809999999999999,80.0,90.0,0.0,0.0,0.0,0.0714285714285714,0.0,0.0,0.0,16.857142857142858,7.571428571428571,44.91525423728814,0.0,0.2142857142857142,1.2857142857142858,2.2857142857142856,14.285714285714286,1.3571428571428572,53.57142857142858,67.85714285714285,41.66666666666666,67.82178217821783,55.71074964639321,3.96039603960396,34.306930693069305,29.03465346534654,53.57142857142857,56.10119047619048,40.0,0.0,3.1683168316831685,58.87906647807638,63.406236779025285,-7.695487132632074,0.0,0.0,55.71074964639321,8,balanced profile
37356253,Dušan Vuković,Lokomotiva Zagreb,Attacker,23,1259.0,6.86,0.1429706115965051,0.2144559173947577,1.858617950754567,0.857823669579031,19.58697378872121,1.858617950754567,1.072279586973789,0.1429706115965051,46.15384615384615,7.6923076923076925,0.6788,42.85714285714285,52.458333333333336,0.3574265289912629,1.4297061159650517,43.47826086956522,1.072279586973789,1.215250198570294,0.3574265289912629,29.41176470588235,1.1437648927720414,0.3574265289912629,31.25,0.6433677521842732,1.5011914217633042,0.7863383637807784,0.0,16.666666666666668,1.6441620333598097,42.42424242424243,45.454545454545446,73.63636363636364,67.32673267326732,55.187218721872185,63.69636963696369,27.12871287128713,46.68316831683168,55.45454545454545,47.95454545454545,,0.0,3.128712871287129,58.31593159315931,47.31337146692811,7.873847254944074,3.936923627472037,1.4975741891865475,60.62171653853078,0,balanced profile
21054114,Bartol Franjic,Dinamo Zagreb,Defender,26,1254.0,7.12,0.0,0.0717703349282296,0.861244019138756,0.215311004784689,47.15311004784689,1.507177033492823,1.291866028708134,0.215311004784689,25.0,0.0,0.8523999999999999,53.54330708661417,83.6,0.0717703349282296,0.861244019138756,35.294117647058826,1.076555023923445,2.0095693779904304,0.430622009569378,21.428571428571427,3.803827751196173,1.1483253588516746,30.18867924528302,0.9330143540669856,1.6507177033492824,2.0813397129186604,0.0,46.66666666666666,0.9330143540669856,46.2962962962963,74.53703703703705,48.14814814814815,45.54455445544554,55.248899889989,52.3927392739274,65.94059405940595,60.445544554455445,67.01388888888889,54.28240740740741,,0.0,3.0693069306930694,58.31820682068207,63.406236779025285,-8.157336889036287,0.0,0.0,55.248899889989,5,balanced profile
1486200,Arbër Hoxha,Dinamo Zagreb,Attacker,27,1254.0,6.94,0.215311004784689,0.215311004784689,2.2966507177033493,1.076555023923445,28.0622009569378,0.861244019138756,0.7177033492822966,0.0717703349282296,46.875,9.375,0.8747,43.39622641509434,40.45161290322581,0.430622009569378,1.7942583732057416,49.01960784313726,1.507177033492823,2.799043062200957,0.5023923444976076,17.94871794871795,1.076555023923445,0.7894736842105263,73.33333333333333,1.1483253588516746,0.861244019138756,0.215311004784689,0.0,32.25806451612903,1.3636363636363635,63.333333333333336,89.09090909090908,51.51515151515152,84.65346534653466,69.64716471647164,76.4026402640264,59.10891089108911,22.2029702970297,68.18181818181817,62.57575757575758,,0.0,3.0693069306930694,72.71647164716471,63.406236779025285,6.240927937446351,3.1204639687231754,0.0,72.76762868519481,3,high-volume finishers
62765,Samy Mmaee,Dinamo Zagreb,Defender,29,1240.0,7.03,0.0725806451612903,0.0,0.2903225806451613,0.0725806451612903,77.08064516129032,0.7983870967741935,1.2338709677419355,0.2177419354838709,25.0,25.0,0.8898,52.54237288135593,82.66666666666667,0.0725806451612903,0.0725806451612903,50.0,0.1451612903225806,0.0725806451612903,0.0,0.0,9.0,4.790322580645161,53.2258064516129,0.1451612903225806,1.2338709677419355,3.556451612903226,0.0,26.666666666666668,1.4516129032258065,68.51851851851852,74.07407407407408,30.092592592592595,44.05940594059405,56.21149614961496,28.217821782178216,62.77227722772277,52.35148514851485,34.375,52.893518518518526,,0.0,3.00990099009901,59.22139713971397,63.406236779025285,-7.194740629410326,0.0,0.0,56.21149614961496,6,progressive distributors
160244,Komnen Andric,Rijeka,Attacker,31,1234.0,7.15,0.1458670988654781,0.1458670988654781,1.8233387358184765,0.3646677471636953,23.7034035656402,1.239870340356564,0.4376012965964344,0.072933549432739,20.0,8.0,0.7231000000000001,51.47058823529412,82.26666666666667,0.2917341977309562,0.5105348460291734,58.333333333333336,2.479740680713128,0.5105348460291734,0.2188006482982172,42.85714285714285,1.312803889789303,0.9481361426256076,72.22222222222223,0.9481361426256076,3.427876823338736,1.0210696920583469,0.0,20.0,1.4586709886547813,28.181818181818183,58.18181818181818,68.48484848484848,84.15841584158416,54.87038703870387,77.22772277227722,37.62376237623762,49.40594059405941,45.45454545454545,62.42424242424242,,0.0,2.9702970297029703,57.84068406840684,51.55523601085063,3.31515102785324,1.65757551392662,0.0,56.52796255263048,0,balanced profile
52889,Josip Radosevic,Istra 1961,Midfielder,32,1230.0,7.1,0.0,0.2195121951219512,0.1463414634146341,0.073170731707317,43.46341463414634,2.1951219512195124,1.0975609756097562,0.1463414634146341,50.0,0.0,0.8401000000000001,56.52173913043478,82.0,0.2195121951219512,0.4390243902439024,54.54545454545455,0.6585365853658537,1.829268292682927,0.6585365853658537,36.0,4.682926829268292,2.414634146341464,51.5625,0.8780487804878049,0.5121951219512195,1.4634146341463414,0.0,60.0,0.5853658536585366,15.300546448087433,80.327868852459,72.6775956284153,65.5940594059406,57.05120921928258,51.65016501650165,71.78217821782178,56.00247524752476,61.885245901639344,69.74043715846994,,0.0,2.93069306930693,59.98190228858952,49.340686507175306,7.710522712107277,3.855261356053639,0.4839166690629497,61.39038724439917,5,balanced profile
9938999,Agon Elezi,Gorica,Midfielder,25,1226.0,6.87,0.1468189233278956,0.0,1.0277324632952691,0.367047308319739,28.115823817292007,1.6150081566068517,0.9543230016313212,0.1468189233278956,35.714285714285715,14.285714285714286,0.7572,45.669291338582674,76.625,0.1468189233278956,0.4404567699836867,66.66666666666667,1.3213703099510603,0.4404567699836867,0.0734094616639478,16.666666666666668,3.0831973898858074,1.394779771615008,45.23809523809524,0.2202283849918433,1.0277324632952691,1.761827079934747,0.0,37.5,1.1745513866231647,70.76502732240436,26.502732240437155,41.80327868852459,64.60396039603961,48.1817075150138,66.41914191419141,34.15841584158416,46.29950495049504,25.614754098360656,33.40163934426229,,0.0,2.8910891089108914,51.07279662392469,44.70718855697045,3.4745189580433475,1.7372594790216738,2.800665644165377,52.71963263820085,5,balanced profile
37550997,Moreno Zivkovic,Lokomotiva Zagreb,Defender,22,1212.0,7.03,0.0,0.0,0.2227722772277227,0.0,45.222772277227726,1.4851485148514851,1.0396039603960396,0.1485148514851485,0.0,0.0,0.8522,64.28571428571429,86.57142857142857,0.0,0.297029702970297,100.0,0.8168316831683168,0.2227722772277227,0.0,0.0,5.569306930693069,2.5247524752475248,45.333333333333336,0.3712871287128713,2.227722772277228,3.193069306930693,0.0,28.571428571428573,1.188118811881188,21.527777777777786,53.7037037037037,61.11111111111111,63.86138613861386,47.28891639163916,56.848184818481855,53.56435643564356,71.06435643564356,39.93055555555556,59.72222222222222,,2.0,2.851485148514852,52.140401540154016,47.31337146692811,-0.024455075288948,0.0,1.4975741891865475,48.78649058082571,1,ball-playing defenders
28932717,Renan Guedes,Osijek,Defender,28,1201.0,6.8,0.0,0.0,0.2997502081598668,0.0,29.750208159866776,1.4238134887593672,0.7493755203996669,0.0749375520399667,0.0,0.0,0.7053,55.45454545454545,75.0625,0.0,0.5995004163197336,40.0,1.4238134887593672,3.0724396336386346,0.8243130724396336,26.82926829268293,4.496253122398001,1.273938384679434,28.33333333333333,0.4496253122398002,1.1240632805995003,2.697751873438801,0.0,18.75,1.498751040799334,21.527777777777786,16.666666666666668,31.944444444444446,83.16831683168317,29.35849834983499,56.18811881188119,43.76237623762376,54.2079207920792,45.833333333333336,27.43055555555556,,0.0,2.811881188118812,32.1703795379538,52.198656341043936,-22.840157991208947,0.0,0.0,29.35849834983499,5,balanced profile
109643,Hernâni,Osijek,Attacker,34,1191.0,7.11,0.4534005037783375,0.2267002518891687,3.1738035264483626,1.4357682619647356,15.188916876574307,0.5289672544080605,0.2267002518891687,0.0,45.23809523809524,14.285714285714286,0.6766,44.44444444444444,51.78260869565217,0.6801007556675063,0.6801007556675063,45.0,1.5869017632241813,6.347607052896725,1.7380352644836272,27.38095238095238,1.889168765743073,0.4534005037783375,24.0,1.5113350125944585,0.3778337531486146,0.3778337531486146,0.0,21.73913043478261,1.2090680100755669,87.87878787878788,41.81818181818182,33.93939393939394,96.2871287128713,58.71962196219621,64.27392739273928,42.87128712871287,13.576732673267324,72.27272727272728,35.6060606060606,,0.0,2.772277227722772,61.49189918991899,52.198656341043936,6.520965621152278,3.260482810576139,0.0,61.98010477277235,3,high-volume finishers
73257,Slavko Blagojević,Istra 1961,Midfielder,39,1173.0,6.81,0.0,0.0,0.6138107416879796,0.0767263427109974,40.89514066496164,1.9948849104859327,1.4578005115089514,0.4603580562659846,12.5,0.0,0.7486,50.3448275862069,73.3125,0.0,0.1534526854219949,66.66666666666667,2.301790281329924,0.5370843989769821,0.2301790281329923,42.85714285714285,7.365728900255754,3.7595907928388734,51.04166666666666,0.6138107416879796,1.1508951406649617,1.5345268542199488,0.0,31.25,1.381074168797954,15.846994535519125,37.978142076502735,64.48087431693989,5.445544554455452,36.036357734134064,66.74917491749174,57.128712871287135,56.55940594059406,37.09016393442623,58.87978142076503,,0.0,2.732673267326733,38.7690310014608,49.340686507175306,-13.304328773041242,0.0,0.4839166690629497,36.52027440319701,5,balanced profile
24837955,Styopa Mkrtchyan,Osijek,Defender,23,1150.0,6.86,0.0,0.0,0.2347826086956521,0.0,43.35652173913044,1.4086956521739131,0.6260869565217392,0.0782608695652174,0.0,0.0,0.8448,51.06382978723404,67.6470588235294,0.0,0.1565217391304348,66.66666666666667,0.6260869565217392,0.0,0.0,0.0,6.260869565217392,2.1130434782608694,33.75,0.2347826086956521,1.6434782608695653,6.808695652173913,0.0,23.529411764705884,1.2521739130434784,21.527777777777786,50.0,22.222222222222225,82.17821782178218,36.34282178217822,45.95709570957095,48.71287128712871,58.21782178217822,32.638888888888886,34.72222222222223,,0.0,2.693069306930693,39.03589108910892,52.198656341043936,-15.855834558865716,0.0,0.0,36.34282178217822,1,ball-playing defenders
15062015,Abdoulie Sanyang,Hajduk Split,Attacker,27,1145.0,6.8,0.1572052401746725,0.0786026200873362,1.965065502183406,0.314410480349345,19.650655021834066,1.8078602620087336,0.3930131004366812,0.314410480349345,16.0,8.0,0.7120000000000001,43.50282485875706,52.04545454545455,0.2358078602620087,1.965065502183406,40.98360655737705,1.7292576419213974,2.3580786026200875,0.62882096069869,26.666666666666668,1.6506550218340612,0.8646288209606987,52.38095238095238,0.7860262008733624,0.3930131004366812,0.3930131004366812,0.2358078602620087,36.36363636363637,1.100436681222707,28.181818181818183,36.36363636363637,60.0,23.26732673267327,39.6903690369037,72.93729372937294,38.01980198019802,22.103960396039604,53.63636363636363,51.59090909090909,,0.0,2.6534653465346536,42.34383438343835,49.584473497440825,-9.894104460537129,0.0,0.36202317393019,40.05239221083389,0,balanced profile
24838179,Luka Skaricic,Varaždin,Defender,24,1134.0,6.93,0.0,0.0,0.1587301587301587,0.0,42.53968253968254,1.746031746031746,1.1111111111111112,0.0793650793650793,0.0,0.0,0.7798999999999999,61.6822429906542,59.68421052631579,0.0,0.1587301587301587,100.0,0.5555555555555556,0.7142857142857143,0.238095238095238,33.333333333333336,7.5396825396825395,2.7777777777777777,36.8421052631579,0.3968253968253968,3.015873015873016,4.047619047619048,0.0,47.36842105263158,0.7936507936507936,21.527777777777786,36.57407407407408,64.35185185185185,81.68316831683168,44.904427942794285,47.277227722772274,54.25742574257426,78.68811881188118,44.09722222222222,55.96064814814815,,0.0,2.6138613861386144,47.5182893289329,48.29913047958605,-3.394702536791762,0.0,1.0046946828575791,45.90912262565186,1,ball-playing defenders
24993,Matthew Steenvoorden,Gorica,Defender,33,1126.0,6.91,0.0,0.0,0.0799289520426287,0.0,36.28774422735346,1.0390763765541742,1.1989342806394316,0.0799289520426287,0.0,0.0,0.826,49.38271604938272,70.375,0.0,0.0,0.0,0.1598579040852575,0.0,0.0,0.0,6.394316163410302,2.717584369449378,42.5,0.4795737122557726,1.99822380106572,6.074600355239787,0.0,37.5,1.2788632326820604,21.527777777777786,40.74074074074074,30.55555555555556,81.1881188118812,35.966034103410344,4.950495049504951,50.0990099009901,61.98019801980198,34.548611111111114,41.31944444444444,,0.0,2.5742574257425743,38.54029152915292,44.70718855697045,-8.741154453560107,0.0,2.800665644165377,38.76669974757572,1,ball-playing defenders
37533537,Novak Tepsic,Varaždin,Defender,24,1115.0,6.95,0.0,0.0,0.3228699551569506,0.0,42.61883408071749,2.663677130044843,1.452914798206278,0.242152466367713,0.0,0.0,0.7614,64.81481481481481,50.68181818181818,0.0,0.484304932735426,66.66666666666667,0.8878923766816144,0.0807174887892376,0.0,0.0,8.071748878923767,3.067264573991032,38.0,0.0807174887892376,1.6143497757847534,3.309417040358744,0.0,50.0,0.5650224215246636,21.527777777777786,33.7962962962963,87.73148148148148,38.613861386138616,46.77805280528053,60.80858085808581,42.87128712871287,79.65346534653466,44.09722222222222,62.44212962962963,,0.0,2.5346534653465347,49.31270627062707,48.29913047958605,-1.5210776743055163,0.0,1.0046946828575791,47.782747488138114,1,ball-playing defenders
37356259,Michael Agbekpornu,Slaven Koprivnica,Midfielder,27,1112.0,6.93,0.0,0.0809352517985611,1.1330935251798562,0.0809352517985611,43.381294964028775,1.8615107913669064,1.537769784172662,0.4046762589928057,7.142857142857143,0.0,0.8526,54.83870967741935,61.77777777777778,0.0809352517985611,0.9712230215827338,63.1578947368421,0.5665467625899281,0.1618705035971223,0.0,0.0,5.017985611510792,3.237410071942446,64.51612903225806,0.8093525179856115,3.4802158273381294,1.6996402877697845,0.0,27.77777777777778,1.537769784172662,17.48633879781421,70.49180327868852,72.6775956284153,10.89108910891089,49.285830222366506,62.95379537953795,61.18811881188119,70.990099009901,60.04098360655738,71.17486338797815,,0.0,2.495049504950495,51.780879727317,51.30896541384557,-2.023135191479064,0.0,0.0,49.285830222366506,1,ball-playing defenders
75120,Ivan Roca,Šibenik,Midfielder,30,1110.0,6.86,0.0,0.081081081081081,2.108108108108108,0.081081081081081,39.24324324324324,4.297297297297297,1.945945945945946,0.2432432432432432,3.8461538461538463,0.0,0.7149,56.08108108108108,41.11111111111112,0.081081081081081,0.1621621621621621,25.0,1.054054054054054,0.4864864864864865,0.4054054054054054,83.33333333333333,7.45945945945946,3.324324324324324,44.56521739130435,0.1621621621621621,1.5405405405405406,1.4594594594594594,0.0,18.51851851851852,1.6216216216216215,18.032786885245898,42.07650273224044,92.34972677595628,38.11881188118812,49.5495861061516,29.372937293729372,49.900990099009896,72.35148514851484,41.393442622950815,65.64207650273224,,0.0,2.4554455445544554,52.00503165070605,45.37125340014588,4.178332706005712,2.089166353002856,2.4686332225776617,54.10738568173211,5,balanced profile
37583451,Gabriel Rukavina,Rijeka,Attacker,22,1100.0,6.86,0.2454545454545454,0.0818181818181818,1.1454545454545455,0.5727272727272728,23.727272727272727,1.1454545454545455,0.4909090909090909,0.1636363636363636,50.0,21.428571428571427,0.731,50.0,35.483870967741936,0.3272727272727272,1.0636363636363635,44.82758620689656,1.963636363636364,1.309090909090909,0.2454545454545454,18.75,1.8,0.4909090909090909,27.27272727272728,0.7363636363636363,1.1454545454545455,0.8181818181818182,0.0,51.61290322580645,0.4090909090909091,64.24242424242424,48.78787878787878,63.03030303030303,61.13861386138614,58.93204320432043,73.26732673267327,32.32673267326733,34.04702970297029,48.63636363636363,52.99242424242424,,2.0,2.415841584158416,63.34788478847885,51.55523601085063,7.376807193469801,3.6884035967349007,0.0,62.62044680105533,0,balanced profile
67827,Amer Gojak,Rijeka,Midfielder,29,1088.0,6.78,0.0,0.1654411764705882,1.0753676470588236,0.3308823529411764,33.17095588235294,1.8198529411764703,0.7444852941176471,0.4136029411764705,30.76923076923077,0.0,0.8055,45.038167938931295,38.85714285714285,0.1654411764705882,0.5790441176470589,31.818181818181817,1.2408088235294117,3.391544117647059,1.0753676470588236,31.70731707317073,3.1433823529411766,1.6544117647058822,52.63157894736842,1.7371323529411764,1.5716911764705883,1.40625,0.0,57.142857142857146,0.4136029411764705,27.86885245901639,57.37704918032787,39.34426229508197,10.39603960396039,38.4166531407239,47.68976897689769,69.9009900990099,46.113861386138616,64.75409836065573,47.33606557377049,,0.0,2.376237623762376,40.79289076448628,51.55523601085063,-13.138582870126726,0.0,0.0,38.4166531407239,2,balanced profile
412433,Bruno Bogojevic,Rijeka,Attacker,28,1087.0,6.84,0.0,0.0827966881324747,1.076356945722171,0.1655933762649494,22.18951241950322,3.891444342226311,0.9107635694572216,0.2483900643974241,15.384615384615383,0.0,0.5746,51.875,40.25925925925926,0.0827966881324747,0.4967801287948482,28.571428571428573,1.1591536338546458,2.8978840846366145,0.2483900643974241,8.571428571428571,5.298988040478381,1.655933762649494,31.25,0.4139834406623735,1.2419503219871204,2.235510579576817,0.0,62.96296296296296,0.4139834406623735,4.848484848484848,26.060606060606062,93.93939393939394,36.63366336633664,41.11791179117912,42.161716171617165,27.524752475247528,61.48514851485149,40.90909090909091,64.46969696969697,,0.0,2.3366336633663365,43.45454545454545,51.55523601085063,-10.43732421967151,0.0,0.0,41.11791179117912,5,balanced profile
73278,Marko Pajac,Lokomotiva Zagreb,Defender,33,1084.0,7.02,0.0,0.2490774907749077,0.6642066420664207,0.1660516605166051,44.086715867158674,2.3247232472324724,0.9132841328413284,0.3321033210332103,25.0,0.0,0.7212999999999999,58.16326530612245,63.76470588235294,0.2490774907749077,0.4981549815498155,33.333333333333336,1.328413284132841,7.72140221402214,2.4907749077490773,32.25806451612903,8.800738007380074,2.822878228782288,32.075471698113205,2.0756457564575648,0.5811808118081181,2.3247232472324724,0.0,17.647058823529413,1.6605166051660516,39.35185185185185,56.94444444444444,58.79629629629631,21.28712871287128,48.6564906490649,47.442244224422446,74.55445544554456,56.757425742574256,87.84722222222223,57.69675925925927,,0.0,2.297029702970297,50.9535203520352,47.31337146692811,1.343119182136789,0.6715595910683945,1.4975741891865475,50.825624429319845,2,balanced profile
21404384,Jurica Poldrugac,Varaždin,Midfielder,28,1067.0,6.87,0.0,0.1686972820993439,3.120899718837863,1.0121836925960637,23.53327085285848,1.0965323336457358,0.4217432052483599,0.3373945641986879,32.432432432432435,0.0,0.7419,40.13605442176871,36.793103448275865,0.1686972820993439,1.0121836925960637,36.36363636363637,2.1087160262418,4.217432052483599,1.0121836925960637,24.0,1.855670103092784,1.0965323336457358,59.09090909090909,0.8434864104967198,0.5060918462980318,0.7591377694470478,0.0,51.72413793103448,0.5904404873477038,42.62295081967213,39.34426229508197,9.83606557377049,19.80198019801979,29.521181626359358,67.16171617161716,47.128712871287135,16.78217821782178,54.09836065573771,18.0327868852459,,0.0,2.257425742574257,31.77860736893361,48.29913047958605,-18.777948853226693,0.0,1.0046946828575791,30.525876309216933,0,balanced profile
37582788,Vinko Rozic,Istra 1961,Attacker,22,1063.0,7.19,0.5926622765757291,0.0846660395108184,2.7939793038570087,1.6086547507055504,23.452492944496708,1.0159924741298212,0.4233301975540922,0.1693320790216368,57.57575757575758,21.21212121212121,0.7762,39.83050847457627,62.52941176470589,0.6773283160865475,1.1006585136406395,43.333333333333336,1.354656632173095,3.894637817497648,0.5079962370649106,13.043478260869565,1.354656632173095,0.8466603951081844,62.5,1.1006585136406395,0.6773283160865475,0.2539981185324553,0.0,58.8235294117647,0.8466603951081844,96.96969696969698,57.57575757575759,41.21212121212121,59.900990099009896,64.71737173717372,66.17161716171618,47.42574257425743,15.123762376237622,52.727272727272734,52.65151515151516,,2.0,2.217821782178218,68.93519351935194,49.340686507175306,15.376685229998415,7.688342614999208,0.4839166690629497,72.88963102123589,3,high-volume finishers
74533,Josip Majic,Šibenik,Attacker,32,1062.0,6.84,0.0847457627118644,0.1694915254237288,2.2033898305084745,0.5932203389830508,40.84745762711864,1.7796610169491525,1.1016949152542372,0.423728813559322,26.923076923076923,3.8461538461538463,0.6846,42.33576642335766,44.25,0.2542372881355932,1.694915254237288,55.55555555555556,1.1864406779661016,4.830508474576271,0.847457627118644,17.54385964912281,6.9491525423728815,3.4745762711864407,50.0,1.1864406779661016,0.9322033898305084,1.0169491525423728,0.0,25.0,1.6101694915254237,20.60606060606061,67.27272727272727,72.12121212121212,8.910891089108901,48.89108910891089,78.21782178217822,65.54455445544555,40.49504950495049,81.36363636363636,73.33333333333334,,0.0,2.1782178217821784,51.06930693069307,45.37125340014588,3.519835708765008,1.759917854382504,2.4686332225776617,53.11964018587106,2,balanced profile
16817975,Martin Slogar,Gorica,Attacker,25,1054.0,6.77,0.3415559772296015,0.1707779886148007,2.049335863377609,0.7685009487666035,16.394686907020873,1.7077798861480076,0.2561669829222011,0.3415559772296015,37.5,16.666666666666668,0.625,40.14598540145985,42.16,0.5123339658444023,0.7685009487666035,36.0,1.537001897533207,1.7077798861480076,0.4269449715370019,25.0,2.3055028462998104,0.5977229601518027,25.925925925925927,0.5123339658444023,0.8538899430740038,0.3415559772296015,0.0,20.0,1.1954459203036054,74.84848484848484,33.93939393939394,46.66666666666666,18.811881188118804,48.51755175517551,58.25082508250824,25.346534653465348,21.485148514851485,52.727272727272734,33.33333333333333,,0.0,2.1386138613861387,50.65616561656165,44.70718855697045,3.81036319820506,1.90518159910253,2.800665644165377,53.223398998443415,4,high-volume finishers (variant 2)
24817153,Iurie Iovu,Istra 1961,Defender,24,1043.0,6.94,0.0,0.0862895493767977,0.4314477468839885,0.0,36.50047938638543,2.6749760306807286,1.2943432406519657,0.2588686481303931,0.0,0.0,0.773,65.83333333333333,74.5,0.0862895493767977,0.1725790987535954,66.66666666666667,0.4314477468839885,0.0,0.0,0.0,6.903163950143816,2.329817833173538,33.75,0.3451581975071908,3.537871524448706,4.14189837008629,0.0,14.285714285714286,1.8983700862895487,21.527777777777786,52.31481481481481,86.11111111111113,34.653465346534645,51.45145764576458,42.32673267326732,43.366336633663366,85.94059405940594,54.86111111111112,63.19444444444445,,0.0,2.0792079207920797,53.53066556655666,49.340686507175306,2.110771138589272,1.0553855692946357,0.4839166690629497,52.99075988412216,1,ball-playing defenders
338593,Stjepan Loncar,Istra 1961,Midfielder,29,1043.0,7.38,0.5177372962607862,0.0862895493767977,1.4669223394055608,0.7766059443911792,33.22147651006711,0.862895493767977,0.2588686481303931,0.1725790987535954,52.94117647058823,35.294117647058826,0.8156,52.05479452054794,74.5,0.6040268456375839,1.4669223394055608,62.96296296296296,0.5177372962607862,4.228187919463087,1.5532118887823585,36.734693877551024,3.537871524448706,2.070949185043145,58.53658536585366,1.984659635666347,0.6040268456375839,0.7766059443911792,0.0,57.142857142857146,0.6903163950143816,96.72131147540983,54.64480874316939,24.590163934426236,59.4059405940594,58.72747930530758,66.00660066006601,74.75247524752476,25.297029702970296,74.18032786885246,44.67213114754099,,0.0,2.0792079207920797,60.80668722609966,49.340686507175306,9.386792798132277,4.693396399066138,0.4839166690629497,63.90479237343667,3,high-volume finishers
37613457,Beyatt Lekoueiry,Istra 1961,Midfielder,21,1036.0,7.01,0.2606177606177606,0.4343629343629344,1.8243243243243243,0.3474903474903475,23.8030888030888,1.2162162162162162,0.4343629343629344,0.3474903474903475,19.047619047619047,14.285714285714286,0.7226,41.935483870967744,64.75,0.6949806949806949,1.0424710424710424,42.85714285714285,1.7374517374517375,0.694980694980695,0.2606177606177606,37.5,2.345559845559845,0.9555984555984556,40.74074074074074,1.5637065637065637,0.5212355212355212,0.7818532818532818,0.0,18.75,1.5637065637065637,76.775956284153,42.07650273224044,15.846994535519128,18.31683168316832,42.24151923389059,69.3069306930693,43.26732673267327,19.97524752475248,71.31147540983606,23.702185792349727,,4.0,2.01980198019802,48.26132121408861,49.340686507175306,-7.0991672732847135,0.0,0.4839166690629497,42.72543590295354,3,high-volume finishers
73887,Leonardo Sigali,Lokomotiva Zagreb,Defender,39,1022.0,7.06,0.0,0.0,0.1761252446183953,0.0,47.465753424657535,1.8493150684931507,1.4090019569471623,0.3522504892367906,0.0,0.0,0.8590000000000001,62.65060240963855,78.61538461538461,0.0,0.0880626223091976,50.0,1.2328767123287672,0.0880626223091976,0.0,0.0,7.573385518590998,3.522504892367906,46.51162790697674,0.2641878669275929,1.4970645792563602,5.724070450097847,0.0,23.07692307692308,1.4970645792563602,21.527777777777786,59.25925925925926,75.0,16.83168316831683,48.4192794279428,47.1947194719472,57.22772277227723,75.14851485148516,37.15277777777778,70.83333333333334,,0.0,1.98019801980198,50.39947744774478,47.31337146692811,1.1059079610146867,0.5529539805073433,1.4975741891865475,50.46980759763669,1,ball-playing defenders
37600601,Marin Prekodravac,Šibenik,Midfielder,21,1012.0,6.6,0.0889328063241106,0.0889328063241106,1.245059288537549,0.3557312252964427,22.055335968379445,1.33399209486166,0.6225296442687747,0.3557312252964427,28.571428571428573,7.142857142857143,0.7097,37.37373737373738,46.0,0.1778656126482213,0.1778656126482213,20.0,0.7114624505928854,0.1778656126482213,0.0,0.0,2.2233201581027666,0.8003952569169961,36.0,0.6225296442687747,1.067193675889328,1.867588932806324,0.0,22.727272727272727,2.2233201581027666,53.82513661202186,26.22950819672131,19.672131147540984,15.84158415841584,31.50219120272683,22.93729372937294,22.871287128712872,32.52475247524753,30.32786885245901,17.008196721311474,,4.0,1.9405940594059403,37.44278526213277,45.37125340014588,-13.869062197419051,0.0,2.4686332225776617,33.97082442530449,4,high-volume finishers (variant 2)
1525043,Matej Vuk,Istra 1961,Attacker,26,1010.0,7.11,0.1782178217821782,0.0,2.584158415841584,0.8910891089108911,24.059405940594058,0.801980198019802,0.6237623762376238,0.0891089108910891,34.48275862068966,6.896551724137931,0.7,41.1764705882353,72.14285714285714,0.1782178217821782,0.6237623762376238,33.333333333333336,0.9801980198019802,3.5643564356435644,0.6237623762376238,17.5,1.0693069306930694,0.3564356435643564,33.333333333333336,1.0693069306930694,1.3366336633663367,1.0693069306930694,0.0,42.85714285714285,0.5346534653465347,46.060606060606055,36.96969696969697,44.24242424242424,80.6930693069307,46.25112511251125,44.636963696369634,39.5049504950495,31.21287128712871,33.63636363636363,43.93939393939394,,0.0,1.900990099009901,48.15211521152115,49.340686507175306,-3.0895613946640594,0.0,0.4839166690629497,46.7350417815742,4,high-volume finishers (variant 2)
37688968,Anton Matkovic,Osijek,Attacker,20,1002.0,6.89,0.0,0.0898203592814371,1.526946107784431,0.4491017964071856,14.10179640718563,0.9880239520958084,0.1796407185628742,0.3592814371257485,29.41176470588235,0.0,0.5732,51.61290322580645,66.8,0.0898203592814371,1.2574850299401197,38.888888888888886,1.7964071856287425,2.335329341317365,0.2694610778443114,11.538461538461538,0.9880239520958084,0.3592814371257485,36.36363636363637,0.8982035928143712,3.143712574850299,0.6287425149700598,0.0,20.0,1.2574850299401197,10.303030303030305,16.363636363636363,51.51515151515151,14.851485148514854,24.939693969396934,68.64686468646865,24.75247524752475,35.64356435643565,47.72727272727273,34.848484848484844,,6.0,1.8613861386138613,32.8010801080108,52.198656341043936,-27.258962371647,0.0,0.0,24.939693969396934,0,balanced profile
37266383,Marco Boras,Slaven Koprivnica,Defender,24,982.0,6.87,0.0916496945010183,0.0,0.5498981670061099,0.0916496945010183,54.073319755600814,1.4663951120162932,0.824847250509165,0.1832993890020366,16.666666666666668,16.666666666666668,0.7458,65.47619047619048,44.63636363636363,0.0916496945010183,0.0,0.0,0.2749490835030549,0.1832993890020366,0.1832993890020366,100.0,15.855397148676172,7.606924643584521,47.97687861271676,0.3665987780040733,3.29938900203666,4.39918533604888,0.0,22.727272727272727,1.5580448065173116,69.9074074074074,45.37037037037037,54.629629629629626,55.94059405940594,56.56628162816281,5.775577557755775,61.18811881188119,72.84653465346534,44.270833333333336,59.953703703703695,,0.0,1.821782178217822,58.38806380638064,51.30896541384557,5.2573162143172425,2.628658107158621,0.0,59.19493973532144,6,progressive distributors
37719908,Bruno Durdov,Hajduk Split,Attacker,18,979.0,6.88,0.2757916241062308,0.0919305413687436,2.9417773237997955,1.2870275791624106,23.62614913176711,1.6547497446373851,0.2757916241062308,0.1838610827374872,43.75,9.375,0.6654000000000001,38.53211009174312,36.25925925925926,0.3677221654749745,1.0112359550561798,36.66666666666666,0.5515832482124617,2.574055158324821,1.1031664964249237,42.85714285714285,3.033707865168539,1.2870275791624106,42.42424242424242,1.195097037793667,0.7354443309499489,0.3677221654749744,0.0,37.03703703703704,0.6435137895812053,71.2121212121212,37.57575757575757,44.84848484848485,55.445544554455445,51.63546354635463,44.88448844884488,45.94059405940594,21.23762376237624,65.0,49.6969696969697,,10.0,1.7821782178217822,63.41764176417641,49.584473497440825,2.0509900489138038,1.0254950244569017,0.36202317393019,53.02298174474172,4,high-volume finishers (variant 2)
73222,D. Štiglec,Gorica,Defender,35,967.0,6.81,0.0,0.2792140641158221,0.5584281282316442,0.186142709410548,30.15511892450879,0.8376421923474664,0.9307135470527405,0.2792140641158221,33.333333333333336,0.0,0.7222,47.45762711864407,56.88235294117647,0.2792140641158221,0.3722854188210961,50.0,0.2792140641158221,3.44364012409514,0.7445708376421923,21.62162162162162,4.932781799379525,1.3029989658738366,26.41509433962264,0.8376421923474664,1.1168562564632885,2.605997931747673,0.0,23.529411764705884,1.5822130299896588,42.59259259259259,44.90740740740741,16.666666666666664,30.693069306930692,34.31930693069307,38.613861386138616,50.1980198019802,41.18811881188119,65.97222222222223,23.95833333333333,,0.0,1.7425742574257428,36.06188118811881,44.70718855697045,-10.387881626277384,0.0,2.800665644165377,37.11997257485845,2,balanced profile
37596447,Filip Cuic,Lokomotiva Zagreb,Attacker,23,962.0,6.78,0.0935550935550935,0.0935550935550935,1.4033264033264032,0.5613305613305614,21.89189189189189,0.841995841995842,0.4677754677754678,0.2806652806652807,40.0,6.666666666666667,0.5982999999999999,39.57219251336898,60.125,0.1871101871101871,0.5613305613305614,54.54545454545455,1.4033264033264032,0.5613305613305614,0.0935550935550935,16.666666666666668,1.683991683991684,0.841995841995842,50.0,0.841995841995842,4.20997920997921,0.6548856548856549,0.0,43.75,1.029106029106029,21.21212121212121,30.90909090909091,36.96969696969697,30.19801980198021,29.747074707470748,67.65676567656766,25.049504950495045,31.75742574257426,44.09090909090909,36.21212121212121,,0.0,1.702970297029703,31.450045004500453,47.31337146692811,-17.566296759457362,0.0,1.4975741891865475,31.244648896657296,4,high-volume finishers (variant 2)
13239047,Mario Mladenovski,Varaždin,Defender,25,937.0,7.13,0.0,0.0,0.6723585912486659,0.096051227321238,54.26894343649947,1.056563500533618,1.536819637139808,0.288153681963714,14.285714285714286,0.0,0.8018000000000001,60.294117647058826,72.07692307692308,0.0,0.48025613660619,83.33333333333333,0.096051227321238,0.192102454642476,0.096051227321238,50.0,13.062966915688367,5.474919957310566,41.91176470588236,0.192102454642476,2.305229455709712,5.667022411953042,0.0,46.15384615384615,0.48025613660619,32.40740740740741,56.01851851851851,59.25925925925926,29.702970297029708,47.27585258525853,49.009900990099005,60.89108910891089,72.52475247524752,52.77777777777778,62.094907407407405,,0.0,1.6633663366336635,48.93921892189219,48.29913047958605,-1.0232778943275207,0.0,1.0046946828575791,48.28054726811611,1,ball-playing defenders
73558,Slavko Bralic,Gorica,Defender,33,924.0,7.13,0.0,0.0,0.3896103896103896,0.1948051948051948,46.16883116883117,1.5584415584415583,1.8506493506493509,0.3896103896103896,50.0,0.0,0.7722,57.25806451612903,66.0,0.0,0.5844155844155844,100.0,1.3636363636363635,0.2922077922077922,0.0974025974025974,33.333333333333336,9.155844155844155,3.409090909090909,37.234042553191486,0.487012987012987,3.603896103896104,7.889610389610389,0.0,42.85714285714285,1.1688311688311688,44.44444444444445,40.27777777777778,68.05555555555556,11.881188118811878,47.021452145214525,74.66996699669967,56.73267326732673,79.85148514851487,62.15277777777778,63.020833333333336,,0.0,1.623762376237624,48.64521452145215,44.70718855697045,2.3142635882440743,1.1571317941220371,2.800665644165377,50.97924958350194,1,ball-playing defenders
24838180,Stipe Biuk,Hajduk Split,Attacker,23,904.0,6.98,0.1991150442477876,0.0995575221238938,2.190265486725664,0.3982300884955752,27.278761061946906,0.995575221238938,0.3982300884955752,0.2986725663716814,18.181818181818183,9.090909090909092,0.6934,49.21875,53.1764705882353,0.2986725663716814,2.3893805309734515,54.54545454545455,1.2942477876106195,1.991150442477876,0.497787610619469,25.0,1.4933628318584071,0.5973451327433629,40.0,1.2942477876106195,1.393805309734513,0.2986725663716814,0.0,41.1764705882353,0.8960176991150443,39.090909090909086,53.93939393939394,57.27272727272727,27.227722772277232,47.81368136813681,79.86798679867987,43.26732673267327,26.509900990099013,68.18181818181819,56.36363636363636,,0.0,1.5841584158415842,49.3978397839784,49.584473497440825,-1.770792129304013,0.0,0.36202317393019,48.175704542067,0,balanced profile
37619959,Luka Kapulica,Gorica,Midfielder,21,891.0,6.8,0.101010101010101,0.0,1.1111111111111112,0.202020202020202,35.656565656565654,1.2121212121212122,1.5151515151515151,0.202020202020202,18.181818181818183,9.090909090909092,0.8244,41.26984126984127,55.6875,0.101010101010101,1.818181818181818,45.0,1.414141414141414,0.8080808080808081,0.101010101010101,12.5,2.525252525252525,1.7171717171717171,68.0,0.7070707070707071,0.8080808080808081,1.3131313131313131,0.0,12.5,1.3131313131313131,48.90710382513661,43.98907103825136,39.34426229508196,49.50495049504951,44.622626197045925,71.86468646864687,52.07920792079208,40.64356435643565,44.467213114754095,43.44262295081967,,4.0,1.5445544554455446,50.16718065249147,44.70718855697045,-0.0845623599245257,0.0,2.800665644165377,47.4232918412113,0,balanced profile
37709571,Lovre Kulusic,Šibenik,Midfielder,19,890.0,6.85,0.4044943820224719,0.1011235955056179,2.5280898876404496,1.1123595505617978,16.179775280898877,1.4157303370786516,0.7078651685393258,0.1011235955056179,44.0,16.0,0.6188,45.833333333333336,30.6896551724138,0.5056179775280899,0.1011235955056179,16.666666666666668,0.9101123595505618,0.8089887640449438,0.2022471910112359,25.0,0.7078651685393258,0.1011235955056179,14.285714285714286,0.8089887640449438,3.134831460674157,0.9101123595505618,0.0,10.344827586206897,1.820224719101124,93.98907103825135,22.950819672131143,32.240437158469945,78.21782178217822,52.57588053887356,23.43234323432343,21.881188118811885,47.32673267326732,27.459016393442624,21.653005464480877,,8.0,1.504950495049505,62.08083103392306,45.37125340014588,7.204627138727673,3.6023135693638366,2.4686332225776617,58.64682733081506,4,high-volume finishers (variant 2)
5270357,Marko Vranjkovic,Lokomotiva Zagreb,Defender,27,889.0,6.9,0.1012373453318335,0.0,1.7210348706411698,0.6074240719910011,25.714285714285715,1.923509561304837,0.5061867266591676,0.3037120359955005,35.294117647058826,5.882352941176471,0.6731999999999999,39.516129032258064,49.388888888888886,0.1012373453318335,0.4049493813273341,50.0,0.5061867266591676,3.138357705286839,0.8098987626546682,25.806451612903224,2.7334083239595053,1.0123734533183353,37.03703703703704,1.2148481439820022,2.125984251968504,1.7210348706411698,0.0,11.11111111111111,1.6197975253093364,82.87037037037037,10.185185185185183,25.46296296296296,26.237623762376245,38.17931793179317,42.73927392739274,45.24752475247526,45.61881188118812,46.18055555555556,26.27314814814815,,0.0,1.465346534653465,39.64466446644664,47.31337146692811,-9.13405353513494,0.0,1.4975741891865475,39.67689212097972,0,balanced profile
37560492,Ivan Cvijanovic,Osijek,Defender,22,888.0,6.85,0.1013513513513513,0.1013513513513513,0.5067567567567568,0.304054054054054,35.270270270270274,2.939189189189189,1.114864864864865,0.2027027027027027,60.0,20.0,0.7040000000000001,56.0,49.333333333333336,0.2027027027027027,0.5067567567567568,45.45454545454545,0.8108108108108109,2.939189189189189,0.6081081081081081,20.6896551724138,6.081081081081081,2.027027027027027,33.333333333333336,0.2027027027027027,1.5202702702702702,4.054054054054054,0.0,22.22222222222222,1.722972972972973,92.3611111111111,44.44444444444445,64.81481481481482,49.00990099009901,65.38710121012102,48.43234323432343,45.54455445544555,73.39108910891089,57.638888888888886,44.56018518518519,,2.0,1.4257425742574257,68.81284378437844,52.198656341043936,13.18844486907708,6.5942224345385405,0.0,71.98132364465955,2,balanced profile
74068,Josip Elez,Hajduk Split,Defender,32,871.0,6.99,0.0,0.0,0.5166475315729047,0.1033295063145809,56.9345579793341,0.9299655568312284,0.8266360505166476,0.0,20.0,0.0,0.8875,54.71698113207548,54.4375,0.0,0.1033295063145809,100.0,0.4133180252583238,0.3099885189437428,0.0,0.0,8.369690011481056,4.856486796785304,58.02469135802469,0.3099885189437428,1.5499425947187142,4.546498277841561,0.1033295063145809,43.75,0.8266360505166476,34.25925925925926,69.9074074074074,23.14814814814815,96.2871287128713,47.82315731573157,42.82178217821782,63.66336633663366,57.537128712871294,40.625,50.98379629629631,,0.0,1.386138613861386,49.20929592959296,49.584473497440825,-1.7613161817092546,0.0,0.36202317393019,48.18518048966176,1,ball-playing defenders
37656051,Vito Caic,Gorica,Midfielder,21,870.0,6.66,0.0,0.0,0.7241379310344828,0.0,26.48275862068965,2.896551724137931,0.3103448275862069,0.4137931034482758,0.0,0.0,0.6992,50.37037037037037,39.54545454545455,0.0,0.4137931034482758,36.36363636363637,1.4482758620689655,0.5172413793103449,0.0,0.0,4.137931034482759,1.5517241379310345,37.5,0.3103448275862069,2.3793103448275863,1.6551724137931034,0.0,36.36363636363637,1.0344827586206895,12.021857923497263,15.57377049180328,50.81967213114754,9.900990099009904,24.51468917383541,49.17491749174917,25.14851485148515,55.495049504950494,30.12295081967213,34.42622950819673,,4.0,1.3465346534653466,29.86122382730076,44.70718855697045,-20.19249938313504,0.0,2.800665644165377,27.31535481800079,5,balanced profile
131838,Bruno Petkovic,Dinamo Zagreb,Attacker,31,865.0,7.17,0.4161849710982659,0.3121387283236994,2.7052023121387285,0.8323699421965318,32.25433526011561,0.8323699421965318,0.1040462427745664,0.1040462427745664,30.76923076923077,15.384615384615383,0.6968000000000001,48.80952380952381,43.25,0.7283236994219653,1.0404624277456649,50.0,2.913294797687861,1.2485549132947975,0.3121387283236994,25.0,1.76878612716763,1.3526011560693645,76.47058823529412,2.2890173410404624,3.84971098265896,2.2890173410404624,0.0,40.0,1.4566473988439306,76.36363636363636,77.27272727272727,36.96969696969697,77.72277227722772,64.95409540954094,82.50825082508251,52.42574257425743,45.123762376237615,82.27272727272727,57.91666666666666,,0.0,1.3069306930693072,66.26102610261024,63.406236779025285,1.5478586305156554,0.7739293152578277,0.0,65.72802472479877,3,high-volume finishers
22897215,Ivan Ćalušić,Istra 1961,Midfielder,26,862.0,6.75,0.0,0.1044083526682134,0.5220417633410673,0.0,42.7030162412993,1.2529002320185614,0.8352668213457076,0.1044083526682134,0.0,0.0,0.8117,56.92307692307692,41.04761904761905,0.1044083526682134,0.8352668213457076,61.53846153846154,0.7308584686774942,0.6264501160092807,0.1044083526682134,16.666666666666668,3.02784222737819,1.7749419953596288,58.62068965517241,1.2529002320185614,1.2529002320185614,1.148491879350348,0.0,42.85714285714285,1.566125290023202,12.021857923497263,66.12021857923497,51.91256830601092,76.98019801980197,46.714413244603136,64.1914191419142,60.79207920792079,50.33415841584158,59.42622950819671,56.693989071038246,,0.0,1.2673267326732671,47.981739977276405,49.340686507175306,-2.6262732625721696,0.0,0.4839166690629497,47.198329913666086,5,balanced profile
72614,Arijan Ademi,Dinamo Zagreb,Midfielder,35,837.0,7.13,0.3225806451612903,0.1075268817204301,1.935483870967742,0.6451612903225806,36.45161290322581,2.795698924731183,0.7526881720430108,0.3225806451612903,33.333333333333336,16.666666666666668,0.8584,61.81818181818182,46.5,0.4301075268817204,0.7526881720430108,46.66666666666666,2.150537634408602,0.6451612903225806,0.2150537634408602,33.333333333333336,0.967741935483871,0.5376344086021505,55.55555555555556,1.2903225806451613,1.6129032258064515,0.967741935483871,0.0,27.77777777777778,1.3978494623655917,88.25136612021856,68.85245901639344,77.04918032786885,22.27722772277228,72.47362441162149,72.1947194719472,57.92079207920792,61.75742574257425,51.22950819672131,65.3688524590164,,0.0,1.2277227722772277,73.70134718389872,63.406236779025285,9.0673876325962,4.533693816298101,0.0,77.00731822791958,0,balanced profile
37538546,Pedro Lima Barros,Osijek,Midfielder,23,834.0,6.82,0.2158273381294964,0.0,3.129496402877698,1.079136690647482,26.8705035971223,2.4820143884892087,0.4316546762589928,0.2158273381294964,34.48275862068966,6.896551724137931,0.6627,45.23809523809524,32.07692307692308,0.2158273381294964,0.539568345323741,26.31578947368421,1.618705035971223,1.4028776978417266,0.0,0.0,2.805755395683453,1.079136690647482,38.46153846153846,1.1870503597122302,1.5107913669064748,1.2949640287769784,0.0,23.07692307692308,1.7266187050359711,75.68306010928961,13.934426229508198,40.98360655737705,44.8019801980198,43.66052588865444,49.83498349834984,30.643564356435643,46.64603960396039,40.57377049180328,33.91393442622951,,0.0,1.188118811881188,44.84864470053563,52.198656341043936,-8.538130452389495,0.0,0.0,43.66052588865444,4,high-volume finishers (variant 2)
102012,Wilfried Kanga,Dinamo Zagreb,Attacker,28,827.0,6.86,0.3264812575574365,0.0,2.9383313180169286,0.9794437726723096,13.276904474002418,0.1088270858524788,0.1088270858524788,0.1088270858524788,33.333333333333336,11.11111111111111,0.7459,50.0,55.13333333333333,0.3264812575574365,0.5441354292623942,62.5,1.305925030229746,0.1088270858524788,0.0,0.0,0.2176541717049576,0.2176541717049576,100.0,0.3264812575574365,1.958887545344619,0.5441354292623942,0.0,40.0,0.7617896009673518,70.60606060606061,27.27272727272727,30.3030303030303,74.75247524752476,45.92979297929793,68.56435643564356,16.435643564356432,28.490099009900987,12.272727272727272,25.83333333333333,,0.0,1.1485148514851484,47.07830783078308,63.406236779025285,-17.476443799727356,0.0,0.0,45.92979297929793,4,high-volume finishers (variant 2)
73451,Danijel Zagorac,Dinamo Zagreb,Goalkeeper,39,810.0,6.73,0.0,0.0,0.0,0.0,27.33333333333333,0.0,0.0,0.1111111111111111,0.0,0.0,0.6829000000000001,100.0,90.0,0.0,0.0,0.0,0.3333333333333333,0.0,0.0,0.0,13.11111111111111,4.555555555555555,34.74576271186441,0.0,0.4444444444444444,0.5555555555555556,1.8888888888888888,33.333333333333336,1.0,53.57142857142858,58.333333333333336,60.7142857142857,73.76237623762376,59.161951909476656,7.1782178217821775,31.03960396039604,25.47029702970297,42.85714285714286,53.12499999999999,56.42857142857142,0.0,1.108910891089109,60.270862800565766,63.406236779025285,-4.244284869548629,0.0,0.0,59.161951909476656,9,goalkeeper distributors
37596446,Mate Antunovic,Hajduk Split,Attacker,22,791.0,6.73,0.11378002528445,0.0,1.592920353982301,0.7964601769911505,13.312262958280655,0.2275600505689001,0.3413400758533502,0.2275600505689001,50.0,7.142857142857143,0.5811999999999999,33.333333333333336,46.52941176470589,0.11378002528445,0.4551201011378002,50.0,0.4551201011378002,0.3413400758533502,0.0,0.0,0.6826801517067004,0.2275600505689001,33.333333333333336,0.5689001264222503,1.706700379266751,0.4551201011378002,0.0,41.1764705882353,0.5689001264222503,33.333333333333336,7.272727272727272,16.363636363636363,42.079207920792086,21.2988298829883,43.72937293729373,11.88118811881188,18.78712871287129,14.09090909090909,12.727272727272728,,2.0,1.0693069306930694,24.36813681368137,49.584473497440825,-28.285643614452525,0.0,0.36202317393019,21.66085305691849,4,high-volume finishers (variant 2)
31625999,Josip Gačić,Šibenik,Defender,28,744.0,6.69,0.0,0.1209677419354838,1.4516129032258065,0.0,30.36290322580645,2.540322580645161,1.3306451612903225,0.3629032258064516,0.0,0.0,0.6812999999999999,48.97959183673469,57.23076923076923,0.1209677419354838,0.0,0.0,1.2096774193548387,0.0,0.967741935483871,0.0,7.137096774193548,3.1451612903225805,44.067796610169495,0.0,1.0887096774193548,2.056451612903226,0.0,23.07692307692308,1.2096774193548387,21.527777777777786,39.351851851851855,59.72222222222223,13.366336633663366,37.51718921892189,23.1023102310231,45.693069306930695,58.242574257425744,40.27777777777778,41.57986111111112,,0.0,1.0297029702970295,38.54689218921892,45.37125340014588,-7.85406418122399,0.0,2.4686332225776617,39.98582244149955,5,balanced profile
432894,Maxime Bernauer,Dinamo Zagreb,Defender,28,735.0,6.98,0.0,0.0,0.3673469387755102,0.0,68.57142857142857,0.979591836734694,1.1020408163265305,0.1224489795918367,0.0,0.0,0.8695999999999999,60.0,81.66666666666667,0.0,0.1224489795918367,25.0,1.1020408163265305,0.3673469387755102,0.2448979591836734,66.66666666666667,11.755102040816327,6.122448979591836,52.083333333333336,0.3673469387755102,1.836734693877551,3.306122448979592,0.0,22.22222222222222,1.5918367346938775,21.527777777777786,71.75925925925925,45.37037037037037,70.29702970297029,48.62692519251925,28.87788778877888,73.56435643564357,63.069306930693074,48.26388888888889,64.87268518518519,,0.0,0.99009900990099,49.61702420242024,63.406236779025285,-14.779311586506031,0.0,0.0,48.62692519251925,6,progressive distributors
37569839,Lukas Kacavenda,Dinamo Zagreb,Midfielder,23,733.0,7.01,0.2455661664392905,0.3683492496589359,0.859481582537517,0.4911323328785811,36.46657571623465,2.08731241473397,0.9822646657571624,0.1227830832196452,57.142857142857146,28.571428571428573,0.7946,54.3859649122807,30.541666666666668,0.6139154160982265,1.3506139154160983,50.0,2.946793997271487,1.4733969986357436,0.4911323328785811,33.333333333333336,1.1050477489768076,0.7366984993178718,66.66666666666667,1.84174624829468,0.859481582537517,0.4911323328785811,0.0,41.66666666666666,0.859481582537517,86.88524590163934,65.02732240437159,64.48087431693989,69.8019801980198,71.89823080668721,85.47854785478548,60.4950495049505,47.00495049504951,70.08196721311475,56.4207650273224,,0.0,0.9504950495049505,72.84872585619216,63.406236779025285,8.491994027661924,4.245997013830962,0.0,76.14422782051817,3,high-volume finishers
69675,Luka Menalo,Rijeka,Attacker,29,727.0,6.81,0.123796423658872,0.0,1.114167812929849,0.3713892709766162,27.97799174690509,2.1045392022008254,0.8665749656121046,0.2475928473177441,33.333333333333336,11.11111111111111,0.708,51.42857142857143,42.76470588235294,0.123796423658872,0.7427785419532325,31.57894736842105,1.980742778541953,2.1045392022008254,0.3713892709766162,17.647058823529413,3.3425034387895463,1.237964236588721,37.03703703703704,0.8665749656121046,1.980742778541953,1.609353507565337,0.0,47.05882352941177,0.8665749656121046,33.03030303030303,46.06060606060606,89.09090909090908,37.12871287128713,54.16741674167417,59.24092409240924,43.56435643564357,59.03465346534654,48.18181818181818,75.22727272727272,,0.0,0.910891089108911,55.07830783078308,51.55523601085063,2.612180730823539,1.3060903654117697,0.0,55.473507107085936,0,balanced profile
73159,Ante Erceg,Gorica,Attacker,36,717.0,6.7,0.1255230125523012,0.1255230125523012,1.6317991631799162,0.502092050209205,26.86192468619247,1.1297071129707112,0.2510460251046025,0.6276150627615062,30.76923076923077,7.6923076923076925,0.7709999999999999,34.12698412698413,59.75,0.2510460251046025,0.6276150627615062,29.41176470588235,1.6317991631799162,0.3765690376569037,0.1255230125523012,33.333333333333336,1.506276150627615,0.8786610878661087,58.333333333333336,0.6276150627615062,2.00836820083682,0.3765690376569037,0.0,41.66666666666666,1.506276150627615,26.666666666666668,72.12121212121212,29.6969696969697,1.4851485148514882,38.69396939693969,52.97029702970298,37.52475247524752,22.3019801980198,40.90909090909091,44.3939393939394,,0.0,0.8712871287128714,39.565256525652565,44.70718855697045,-6.013219160030758,0.0,2.800665644165377,41.49463504110507,0,balanced profile
37529443,Enes Alic,Varaždin,Defender,26,713.0,6.85,0.0,0.0,1.3884992987377278,0.3786816269284712,41.40252454417952,2.14586255259467,0.3786816269284712,0.5049088359046283,27.27272727272728,0.0,0.7835,45.34883720930232,39.61111111111112,0.0,0.5049088359046283,33.333333333333336,1.3884992987377278,4.417952314165498,1.0098176718092566,22.857142857142858,6.05890603085554,2.2720897615708275,37.5,0.5049088359046283,1.0098176718092566,2.524544179523142,0.0,38.888888888888886,0.6311360448807855,50.92592592592592,36.11111111111112,29.62962962962963,3.960396039603964,35.3960396039604,48.26732673267327,63.46534653465346,42.52475247524752,50.0,38.0787037037037,,0.0,0.8316831683168318,36.227722772277225,48.29913047958605,-12.90309087562565,0.0,1.0046946828575791,36.40073428681798,2,balanced profile
37545139,Stephane Keller,Istra 1961,Defender,24,694.0,6.8,0.0,0.0,0.6484149855907781,0.2593659942363112,49.79827089337176,2.4639769452449567,1.2968299711815563,0.7780979827089337,40.0,0.0,0.8281000000000001,63.38028169014085,46.266666666666666,0.0,0.6484149855907781,71.42857142857143,0.5187319884726225,1.037463976945245,0.2593659942363112,25.0,7.262247838616715,3.5014409221902016,48.21428571428572,0.2593659942363112,2.334293948126801,2.8530259365994235,0.0,33.333333333333336,1.5561959654178674,47.68518518518518,55.55555555555555,81.94444444444444,0.4950495049505008,55.605060506050606,58.333333333333336,63.16831683168316,78.0940594059406,51.73611111111111,72.56944444444444,,0.0,0.7920792079207921,56.3971397139714,49.340686507175306,6.2643739988753,3.13218699943765,0.4839166690629497,59.221164174551205,1,ball-playing defenders
537305,Nazariy Rusyn,Hajduk Split,Attacker,27,692.0,6.72,0.0,0.130057803468208,1.430635838150289,0.2601156069364161,20.54913294797688,1.170520231213873,0.3901734104046243,0.0,18.181818181818183,0.0,0.7658,43.05555555555556,43.25,0.130057803468208,0.3901734104046243,27.27272727272728,1.8208092485549128,1.6907514450867052,0.2601156069364161,15.384615384615383,0.6502890173410405,0.130057803468208,20.0,1.170520231213873,0.9104046242774566,0.2601156069364161,0.0,31.25,0.7803468208092486,6.06060606060606,58.18181818181819,46.66666666666666,96.2871287128713,42.9014401440144,47.35973597359736,38.11881188118812,22.98267326732673,38.18181818181818,45.83333333333333,,0.0,0.7524752475247525,43.65391539153915,49.584473497440825,-6.683033353426424,0.0,0.36202317393019,43.26346331794459,0,balanced profile
75098,Dario Spikic,Dinamo Zagreb,Attacker,27,624.0,6.92,0.1442307692307692,0.0,2.5961538461538463,1.0096153846153846,32.88461538461539,1.5865384615384617,1.5865384615384617,0.0,38.888888888888886,5.555555555555555,0.7807,51.16279069767442,44.57142857142857,0.1442307692307692,1.2980769230769231,56.25,1.1538461538461535,2.7403846153846154,0.2884615384615384,10.526315789473683,0.8653846153846154,0.1442307692307692,16.666666666666668,0.7211538461538461,2.019230769230769,0.8653846153846154,0.0,28.571428571428573,1.1538461538461535,40.30303030303031,66.66666666666667,86.66666666666667,96.2871287128713,67.71962196219623,75.74257425742574,42.47524752475248,61.150990099009896,32.72727272727273,70.15151515151516,,0.0,0.7128712871287128,68.43249324932493,63.406236779025285,4.313385183170944,2.156692591585472,0.0,69.8763145537817,0,balanced profile
37571660,Simun Mikolcic,Osijek,Midfielder,22,622.0,6.87,0.0,0.0,1.7363344051446945,0.4340836012861736,49.05144694533762,2.459807073954984,1.5916398713826367,0.2893890675241157,25.0,0.0,0.8024,61.72839506172839,32.73684210526316,0.0,0.7234726688102894,55.55555555555556,1.5916398713826367,4.919614147909968,1.5916398713826367,32.35294117647059,6.945337620578778,3.472668810289389,50.0,1.302250803858521,2.459807073954984,0.7234726688102894,0.0,26.31578947368421,1.157556270096463,34.42622950819672,52.185792349726775,90.7103825136612,28.960396039603964,56.09276091543581,75.08250825082509,82.97029702970296,71.59653465346534,60.040983606557376,82.65027322404372,,2.0,0.6732673267326733,58.76602824216848,52.198656341043936,3.894104574391868,1.947052287195934,0.0,58.03981320263173,2,balanced profile
73858,Marko Rog,Dinamo Zagreb,Midfielder,30,616.0,6.9,0.1461038961038961,0.2922077922077922,2.4837662337662336,0.2922077922077922,49.675324675324674,2.191558441558441,0.7305194805194806,0.4383116883116883,11.764705882352942,5.882352941176471,0.8734999999999999,46.93877551020408,28.0,0.4383116883116883,0.8766233766233766,42.85714285714285,1.899350649350649,3.6525974025974026,1.6071428571428572,44.0,3.6525974025974026,1.899350649350649,52.0,1.899350649350649,1.899350649350649,0.2922077922077922,0.0,31.818181818181817,0.7305194805194806,50.27322404371584,91.8032786885246,49.18032786885246,7.425742574257427,58.11962343775361,68.48184818481847,84.85148514851485,42.8960396039604,76.22950819672131,64.95901639344262,,0.0,0.6336633663366337,58.75328680409024,63.406236779025285,-5.286613341271675,0.0,0.0,58.11962343775361,3,high-volume finishers
5270348,Jon Mersinaj,Lokomotiva Zagreb,Defender,27,606.0,7.0,0.1485148514851485,0.0,0.1485148514851485,0.1485148514851485,33.415841584158414,1.0396039603960396,0.8910891089108911,0.594059405940594,100.0,100.0,0.9067,49.09090909090909,75.75,0.1485148514851485,0.0,0.0,1.6336633663366336,0.0,0.0,0.0,2.8217821782178216,1.3366336633663367,47.36842105263158,0.1485148514851485,1.4851485148514851,7.574257425742574,0.0,37.5,1.188118811881188,86.11111111111113,48.61111111111111,18.98148148148148,1.9801980198019749,46.30913091309131,29.207920792079207,42.17821782178218,50.54455445544554,11.631944444444445,28.06712962962963,,0.0,0.594059405940594,46.9031903190319,47.31337146692811,-1.0042405538368016,0.0,1.4975741891865475,47.80670510227786,7,safe passers
37656551,Jakov Gurlica,Gorica,Defender,22,598.0,6.72,0.0,0.1505016722408027,0.1505016722408027,0.0,26.337792642140467,1.0535117056856187,1.6555183946488294,0.3010033444816054,0.0,0.0,0.6743000000000001,48.14814814814815,39.86666666666667,0.1505016722408027,0.451505016722408,100.0,0.0,0.451505016722408,0.0,0.0,5.869565217391305,2.5585284280936453,43.58974358974359,0.1505016722408027,2.408026755852843,4.063545150501672,0.0,53.333333333333336,0.903010033444816,21.527777777777786,35.18518518518519,39.351851851851855,26.73267326732673,31.492711771177124,48.51485148514851,25.346534653465348,62.574257425742566,53.47222222222223,28.703703703703702,,2.0,0.5544554455445545,34.04716721672168,44.70718855697045,-13.214476785793329,0.0,2.800665644165377,34.293377415342505,1,ball-playing defenders
37604564,Matej Sakota,Slaven Koprivnica,Attacker,21,592.0,6.66,0.304054054054054,0.0,1.8243243243243243,1.2162162162162162,28.429054054054053,1.5202702702702702,0.6081081081081081,0.4560810810810811,66.66666666666667,16.666666666666668,0.7005,34.375,26.90909090909091,0.304054054054054,1.0641891891891893,25.925925925925927,1.2162162162162162,4.10472972972973,0.9121621621621622,22.22222222222222,2.8885135135135136,1.2162162162162162,42.10526315789474,0.7601351351351351,1.2162162162162162,1.0641891891891893,0.0,31.818181818181817,2.1283783783783785,83.33333333333333,46.06060606060606,49.696969696969695,6.435643564356425,54.37083708370836,53.46534653465346,46.68316831683169,31.361386138613856,47.27272727272727,53.59848484848485,,4.0,0.5148514851485149,58.88568856885687,51.30896541384557,3.061871669862789,1.5309358349313946,0.0,55.90177291863975,4,high-volume finishers (variant 2)
37607123,Juan Córdoba,Dinamo Zagreb,Attacker,22,551.0,6.99,0.1633393829401088,0.3266787658802177,2.450090744101633,1.1433756805807622,34.954627949183305,0.9800362976406534,0.8166969147005445,0.4900181488203267,46.66666666666666,6.666666666666667,0.8223999999999999,40.298507462686565,50.09090909090909,0.4900181488203267,0.6533575317604355,30.76923076923077,2.450090744101633,2.123411978221416,0.4900181488203267,23.07692307692308,1.47005444646098,0.8166969147005445,55.55555555555556,0.8166969147005445,0.4900181488203267,0.0,0.0,45.45454545454545,0.6533575317604355,47.87878787878788,98.7878787878788,50.30303030303031,4.455445544554465,59.53645364536454,59.48844884488449,54.950495049504944,14.628712871287131,55.45454545454545,60.83333333333333,,2.0,0.4554455445544555,61.991899189919,63.406236779025285,-3.8697831336607456,0.0,0.0,59.53645364536454,3,high-volume finishers
67094,B. Radošević,Gorica,Goalkeeper,37,551.0,7.27,0.0,0.0,0.0,0.0,29.074410163339383,0.0,0.0,0.0,0.0,0.0,0.6517000000000001,66.66666666666667,78.71428571428571,0.0,0.0,0.0,0.1633393829401088,0.0,0.0,0.0,14.7005444646098,4.900181488203267,33.333333333333336,0.0,0.1633393829401088,2.123411978221416,3.756805807622504,14.285714285714286,1.47005444646098,53.57142857142858,51.1904761904762,36.9047619047619,96.2871287128713,52.12871287128713,5.115511551155115,30.544554455445542,33.13118811881189,51.78571428571429,40.32738095238095,40.0,0.0,0.4554455445544555,52.58415841584159,44.70718855697045,7.421524314316677,3.7107621571583382,2.800665644165377,58.64014067261084,8,balanced profile
1485781,Zvonimir Sarlija,Hajduk Split,Defender,29,537.0,6.99,0.0,0.0,0.6703910614525139,0.1675977653631284,57.82122905027933,0.3351955307262569,1.005586592178771,0.8379888268156425,25.0,0.0,0.8609,69.64285714285714,76.71428571428571,0.0,0.1675977653631284,100.0,1.675977653631285,0.0,0.0,0.0,3.184357541899441,1.005586592178771,31.57894736842105,0.3351955307262569,4.35754189944134,2.8491620111731844,0.0,14.285714285714286,1.005586592178771,39.81481481481481,67.5925925925926,47.22222222222223,0.0,46.388888888888886,66.41914191419143,49.60396039603961,62.82178217821783,26.38888888888889,51.73611111111112,,0.0,0.396039603960396,46.78492849284928,49.584473497440825,-3.19558460855194,0.0,0.36202317393019,46.75091206281908,1,ball-playing defenders
37571435,Ante Suto,Slaven Koprivnica,Attacker,26,518.0,6.93,0.694980694980695,0.1737451737451737,2.606177606177606,1.38996138996139,25.1930501930502,2.0849420849420848,0.1737451737451737,0.694980694980695,53.333333333333336,26.666666666666668,0.6759000000000001,52.38095238095238,25.9,0.8687258687258688,1.5637065637065637,50.0,2.4324324324324325,1.9111969111969112,0.5212355212355212,27.27272727272728,0.3474903474903475,0.1737451737451737,50.0,1.2162162162162162,3.6486486486486487,1.0424710424710424,0.0,20.0,1.2162162162162162,97.57575757575758,53.93939393939394,69.09090909090908,0.9900990099009874,66.28082808280827,84.65346534653465,37.72277227722772,51.48514851485149,58.63636363636364,54.99999999999999,,0.0,0.3366336633663366,66.61746174617461,51.30896541384557,14.9718626689627,7.48593133448135,0.0,73.76675941728962,3,high-volume finishers
74885,Karlo Butic,Slaven Koprivnica,Attacker,27,518.0,6.86,0.1737451737451737,0.0,2.606177606177606,0.694980694980695,19.80694980694981,0.5212355212355212,0.0,0.1737451737451737,26.666666666666668,6.666666666666667,0.7105,47.05882352941177,47.09090909090909,0.1737451737451737,0.5212355212355212,37.5,2.606177606177606,0.1737451737451737,0.0,0.0,1.7374517374517375,1.2162162162162162,70.0,1.0424710424710424,1.9111969111969112,0.5212355212355212,0.0,9.090909090909092,1.5637065637065637,35.15151515151515,29.09090909090909,26.96969696969697,58.91089108910892,33.25472547254726,61.55115511551156,29.75247524752475,24.52970297029703,39.54545454545454,39.05303030303031,,0.0,0.3366336633663366,33.59135913591359,51.30896541384557,-18.054239941298317,0.0,0.0,33.25472547254726,4,high-volume finishers (variant 2)
31640157,Kristian Fucak,Istra 1961,Attacker,27,498.0,6.67,0.180722891566265,0.0,2.3493975903614457,0.9036144578313252,15.542168674698797,1.4457831325301205,0.0,0.3614457831325301,38.46153846153846,7.6923076923076925,0.6859999999999999,29.41176470588235,31.125,0.180722891566265,0.3614457831325301,20.0,0.7228915662650602,0.5421686746987951,0.0,0.0,0.3614457831325301,0.180722891566265,50.0,0.180722891566265,1.0843373493975903,1.4457831325301205,0.0,56.25,0.7228915662650602,50.30303030303031,19.393939393939394,23.939393939393938,14.356435643564351,29.52655265526552,28.21782178217822,10.297029702970296,24.777227722772277,7.272727272727272,19.01515151515152,,0.0,0.2772277227722772,29.8037803780378,49.340686507175306,-19.814133851909784,0.0,0.4839166690629497,30.010469324328472,4,high-volume finishers (variant 2)
22136685,Nathanaël Mbuku,Dinamo Zagreb,Attacker,24,496.0,6.98,0.3629032258064516,0.1814516129032258,2.3588709677419355,1.0887096774193548,30.120967741935484,1.6330645161290325,0.7258064516129032,0.0,46.15384615384615,15.384615384615383,0.8133,50.0,31.0,0.5443548387096775,0.7258064516129032,28.571428571428573,4.354838709677419,4.536290322580645,1.4516129032258065,32.0,1.4516129032258065,1.0887096774193548,75.0,1.4516129032258065,0.907258064516129,0.5443548387096774,0.0,43.75,1.2701612903225807,82.42424242424242,87.27272727272727,78.7878787878788,96.2871287128713,84.17416741674168,61.7986798679868,64.95049504950495,39.17079207920793,63.18181818181819,80.75757575757575,,0.0,0.2376237623762376,84.41179117911791,63.406236779025285,20.7679306377164,10.383965318858198,0.0,94.55813273559988,3,high-volume finishers
85690,Luka Bogdan,Istra 1961,Defender,30,494.0,6.86,0.0,0.0,0.3643724696356275,0.1821862348178137,35.526315789473685,1.0931174089068827,3.097165991902834,0.5465587044534413,50.0,0.0,0.7384999999999999,64.81481481481481,70.57142857142857,0.0,0.1821862348178137,100.0,0.9109311740890688,0.0,0.0,0.0,7.287449392712551,2.3684210526315788,32.5,0.0,4.190283400809717,5.101214574898785,0.0,0.0,1.639676113360324,42.129629629629626,26.38888888888889,71.06481481481482,3.465346534653463,42.22153465346535,55.85808580858086,34.702970297029694,77.6980198019802,31.423611111111107,47.945601851851855,,0.0,0.198019801980198,42.41955445544554,49.340686507175306,-7.119151853709958,0.0,0.4839166690629497,42.7054513225283,1,ball-playing defenders
72813,Domagoj Antolic,Lokomotiva Zagreb,Midfielder,36,480.0,6.79,0.0,0.0,0.375,0.0,62.625,2.0625,1.6875,0.1875,0.0,0.0,0.8892,42.85714285714285,36.92307692307692,0.0,0.0,0.0,0.1875,1.5,0.75,50.0,4.5,2.25,50.0,0.5625,0.375,0.9375,0.0,30.76923076923077,1.875,12.021857923497263,72.95081967213115,58.469945355191264,54.45544554455445,48.47833143970134,5.528052805280527,75.84158415841586,44.257425742574256,27.663934426229503,65.09562841530055,,0.0,0.1584158415841584,48.6367472812855,47.31337146692811,1.1649599727732325,0.5824799863866161,1.4975741891865475,50.5583856152745,5,balanced profile
37530358,Ante Orec,Rijeka,Defender,24,464.0,7.04,0.0,0.0,0.5818965517241379,0.1939655172413793,27.349137931034484,3.4913793103448274,0.3879310344827586,0.5818965517241379,33.333333333333336,0.0,0.695,70.37037037037037,66.28571428571429,0.0,0.7758620689655172,50.0,1.9396551724137927,2.7155172413793105,0.5818965517241379,21.428571428571427,4.073275862068965,0.5818965517241379,14.285714285714286,1.3577586206896552,1.1637931034482758,2.909482758620689,0.0,57.142857142857146,0.9698275862068966,43.981481481481474,13.888888888888888,67.5925925925926,2.475247524752476,37.886413641364136,74.33993399339933,45.049504950495056,62.648514851485146,56.59722222222222,48.55324074074074,,0.0,0.1188118811881188,38.00522552255225,51.55523601085063,-13.668822369486492,0.0,0.0,37.886413641364136,2,balanced profile
37708547,Mirko Susak,Lokomotiva Zagreb,Attacker,22,452.0,6.76,0.3982300884955752,0.0,2.588495575221239,0.995575221238938,22.898230088495577,1.1946902654867255,0.3982300884955752,0.1991150442477876,38.46153846153846,15.384615384615383,0.7043,36.0,21.52380952380953,0.3982300884955752,0.1991150442477876,20.0,0.5973451327433629,0.7964601769911505,0.0,0.0,2.3893805309734515,1.393805309734513,58.333333333333336,0.1991150442477876,1.7920353982300885,0.5973451327433629,0.0,9.523809523809524,1.592920353982301,80.60606060606061,33.333333333333336,40.30303030303031,50.0,51.27272727272728,21.45214521452145,20.99009900990099,28.14356435643564,22.727272727272727,42.196969696969695,,2.0,0.0792079207920792,53.35193519351936,47.31337146692811,3.95935580579917,1.979677902899585,1.4975741891865475,54.74997936481341,4,high-volume finishers (variant 2)
132583,Marijan Ćorić,Istra 1961,Goalkeeper,31,450.0,6.53,0.0,0.0,0.0,0.0,27.0,0.0,0.0,0.0,0.0,0.0,0.3037,75.0,90.0,0.0,0.0,0.0,0.0,0.0,0.0,0.0,23.8,5.2,21.84873949579832,0.0,0.6,0.8,1.8,20.0,1.6,53.57142857142858,32.14285714285714,39.285714285714285,96.2871287128713,47.12871287128713,3.3828382838283826,27.77227722772277,29.467821782178216,58.92857142857143,37.94642857142857,20.71428571428571,0.0,0.0396039603960396,47.16831683168317,49.340686507175306,-2.211973635888178,0.0,0.4839166690629497,47.61262954035008,8,balanced profile
