player_id,player_name,team_name,position,age,nationality,appearances,minutes,goals,assists,shots,shots_on_target,passes,pass_accuracy,tackles,interceptions,duels,duels_won,yellow_cards,red_cards,rating,dribble_attempts,successful_dribbles,dribbled_past,fouls_drawn,crosses,accurate_crosses,long_balls,accurate_long_balls,key_passes,aerials_won,clearances,saves,saves_inside_box,goals_conceded,clean_sheets,penalties_saved,goals_per90,assists_per90,shots_per90,shots_on_target_per90,passes_per90,tackles_per90,interceptions_per90,cards_per90,dribble_attempts_per90,successful_dribbles_per90,dribbled_past_per90,fouls_drawn_per90,crosses_per90,accurate_crosses_per90,long_balls_per90,accurate_long_balls_per90,key_passes_per90,aerials_won_per90,clearances_per90,saves_per90,goals_conceded_per90,clean_sheet_rate,shot_accuracy,goal_conversion,pass_accuracy_ratio,duel_success_rate,minutes_per_appearance,goal_contribution_per90,dribble_success_rate,cross_accuracy,long_ball_accuracy,attacking_score,creative_score,defensive_score,discipline_score,dribbling_score,passing_score,duel_defending_score,progressive_midfielder_score,passer_defender_score,goalkeeper_score,overall_score
16120385,Davor Matijas,Gorica,Goalkeeper,26.0,Croatia,36.0,3240.0,0.0,0.0,0.0,0.0,1030.0,67.28,1.0,2.0,23.0,17.0,3.0,0.0,6.81,6.0,5.0,2.0,3.0,0.0,0.0,483.0,151.0,0.0,10.0,48.0,102.0,60.0,48.0,8.0,0.0,0.0,0.0,0.0,0.0,28.61111111111111,0.0277777777777777,0.0555555555555555,0.0833333333333333,0.1666666666666666,0.1388888888888889,0.0555555555555555,0.0833333333333333,0.0,0.0,13.416666666666666,4.194444444444445,0.0,0.2777777777777778,1.3333333333333333,2.833333333333333,1.3333333333333333,22.22222222222222,0.0,0.0,0.6728000000000001,73.91304347826087,90.0,0.0,83.33333333333333,0.0,31.26293995859213,52.94117647058824,62.745098039215684,52.94117647058823,78.44036697247707,37.920489296636084,30.091743119266056,30.84862385321101,67.64705882352942,52.205882352941174,49.411764705882355,58.432271991365354
37341949,Franko Kolic,Istra 1961,Goalkeeper,23.0,Croatia,35.0,3150.0,0.0,0.0,0.0,0.0,871.0,65.33,3.0,0.0,19.0,17.0,2.0,0.0,6.94,1.0,1.0,0.0,6.0,0.0,0.0,435.0,139.0,0.0,8.0,24.0,122.0,75.0,49.0,6.0,1.0,0.0,0.0,0.0,0.0,24.88571428571429,0.0857142857142857,0.0,0.0571428571428571,0.0285714285714285,0.0285714285714285,0.0,0.1714285714285714,0.0,0.0,12.428571428571429,3.971428571428572,0.0,0.2285714285714285,0.6857142857142857,3.4857142857142858,1.4,17.142857142857142,0.0,0.0,0.6533,89.47368421052632,90.0,0.0,100.0,0.0,31.95402298850575,52.94117647058824,37.254901960784316,56.86274509803922,84.86238532110092,37.920489296636084,26.376146788990827,24.977064220183486,48.529411764705884,43.13725490196079,53.52941176470589,52.60388559093363
37660075,Ante Kavelj,Gorica,Midfielder,20.0,Croatia,36.0,3106.0,3.0,2.0,24.0,10.0,983.0,76.5,67.0,49.0,325.0,184.0,3.0,0.0,6.87,18.0,6.0,21.0,38.0,19.0,1.0,122.0,53.0,17.0,77.0,117.0,0.0,0.0,42.0,8.0,0.0,0.0869285254346426,0.0579523502897617,0.6954282034771411,0.2897617514488088,28.4835801674179,1.9414037347070188,1.4198325820991629,0.0869285254346426,0.5215711526078558,0.1738570508692852,0.6084996780424984,1.1010946555054733,0.5505473277527366,0.0289761751448808,3.535093367675467,1.5357372826786864,0.4925949774629748,2.2311654861558274,3.3902124919510626,0.0,1.2169993560849968,22.22222222222222,41.66666666666666,12.5,0.765,56.61538461538461,86.27777777777777,0.1448808757244044,33.333333333333336,5.2631578947368425,43.44262295081968,55.641025641025635,27.179487179487182,77.43589743589745,77.06422018348624,32.87461773700306,34.49541284403669,76.8348623853211,33.07692307692308,49.48717948717949,,55.783345095271706
74082,Jakov Filipovic,Gorica,Defender,33.0,Croatia,34.0,3027.0,2.0,0.0,15.0,7.0,1374.0,85.88,33.0,44.0,227.0,146.0,3.0,0.0,6.8,6.0,2.0,8.0,27.0,1.0,1.0,164.0,72.0,4.0,88.0,210.0,0.0,0.0,46.0,7.0,0.0,0.0594648166501486,0.0,0.4459861248761149,0.2081268582755203,40.85232903865213,0.981169474727453,1.3082259663032705,0.0891972249752229,0.1783944499504459,0.0594648166501486,0.2378592666005946,0.8027750247770069,0.0297324083250743,0.0297324083250743,4.876114965312191,2.140733399405352,0.1189296333002973,2.616451932606541,6.2438057482656095,0.0,1.3676907829534193,20.58823529411765,46.66666666666666,13.333333333333334,0.8588,64.31718061674009,89.02941176470588,0.0594648166501486,33.333333333333336,100.0,43.90243902439025,81.70731707317073,48.57723577235773,58.53658536585366,75.6880733944954,23.700305810397555,49.35779816513762,75.94036697247705,21.49390243902439,51.3719512195122,,64.21514880286418
1193792,Martin Zlomislic,Rijeka,Goalkeeper,27.0,Bosnia and Herzegovina,33.0,2970.0,0.0,0.0,0.0,0.0,958.0,68.89,0.0,1.0,17.0,12.0,1.0,0.0,6.68,0.0,0.0,1.0,6.0,0.0,0.0,433.0,138.0,0.0,8.0,25.0,71.0,38.0,36.0,11.0,1.0,0.0,0.0,0.0,0.0,29.03030303030303,0.0,0.0303030303030303,0.0303030303030303,0.0,0.0,0.0303030303030303,0.1818181818181818,0.0,0.0,13.12121212121212,4.181818181818182,0.0,0.2424242424242424,0.7575757575757576,2.1515151515151514,1.0909090909090908,33.333333333333336,0.0,0.0,0.6889,70.58823529411765,90.0,0.0,0.0,0.0,31.87066974595843,52.94117647058824,66.66666666666667,38.23529411764706,86.23853211009174,5.810397553516819,30.59633027522936,25.642201834862384,46.3235294117647,45.58823529411765,60.588235294117645,55.976794387479764
73926,Josip Posavec,Lokomotiva Zagreb,Goalkeeper,30.0,Croatia,33.0,2970.0,0.0,0.0,0.0,0.0,1116.0,74.82,2.0,0.0,14.0,13.0,2.0,0.0,6.7,0.0,0.0,0.0,8.0,0.0,0.0,441.0,166.0,0.0,3.0,43.0,81.0,48.0,51.0,6.0,1.0,0.0,0.0,0.0,0.0,33.81818181818182,0.0606060606060606,0.0,0.0606060606060606,0.0,0.0,0.0,0.2424242424242424,0.0,0.0,13.363636363636363,5.03030303030303,0.0,0.0909090909090909,1.303030303030303,2.4545454545454546,1.5454545454545454,18.181818181818183,0.0,0.0,0.7482,92.85714285714286,90.0,0.0,0.0,0.0,37.641723356009074,52.94117647058824,78.4313725490196,54.90196078431373,83.4862385321101,6.574923547400612,38.48623853211009,28.944954128440372,49.264705882352935,64.2156862745098,54.705882352941174,64.23097679438747
73867,Dominik Kovacic,Slaven Koprivnica,Defender,32.0,Croatia,33.0,2968.0,0.0,2.0,11.0,2.0,1585.0,86.37,61.0,42.0,224.0,128.0,4.0,0.0,6.8,12.0,11.0,23.0,13.0,8.0,3.0,224.0,108.0,14.0,45.0,157.0,0.0,0.0,56.0,5.0,0.0,0.0,0.0606469002695417,0.3335579514824798,0.0606469002695417,48.06266846361186,1.8497304582210243,1.2735849056603774,0.1212938005390835,0.3638814016172507,0.3335579514824798,0.6974393530997305,0.3942048517520216,0.2425876010781671,0.0909703504043126,6.79245283018868,3.274932614555256,0.4245283018867924,1.36455525606469,4.760781671159029,0.0,1.69811320754717,15.151515151515152,18.181818181818183,0.0,0.8637,57.142857142857146,89.93939393939394,0.0606469002695417,91.66666666666669,37.5,48.21428571428572,32.92682926829268,69.10569105691057,63.41463414634146,67.43119266055047,49.38837920489297,62.8440366972477,70.71100917431191,60.0609756097561,66.76829268292683,,56.37726560751846
5968017,Zan Trontelj,Gorica,Defender,26.0,Slovenia,33.0,2960.0,3.0,4.0,12.0,7.0,1129.0,75.2,67.0,23.0,288.0,132.0,4.0,0.0,6.93,42.0,14.0,41.0,29.0,183.0,41.0,156.0,79.0,51.0,25.0,85.0,0.0,0.0,43.0,8.0,0.0,0.0912162162162162,0.1216216216216216,0.3648648648648648,0.2128378378378378,34.3277027027027,2.0371621621621623,0.6993243243243243,0.1216216216216216,1.277027027027027,0.4256756756756756,1.2466216216216215,0.8817567567567568,5.5641891891891895,1.2466216216216215,4.743243243243243,2.402027027027027,1.5506756756756757,0.7601351351351351,2.58445945945946,0.0,1.3074324324324325,24.24242424242424,58.333333333333336,25.0,0.752,45.833333333333336,89.6969696969697,0.2128378378378378,33.333333333333336,22.40437158469945,50.64102564102564,89.22764227642277,39.43089430894309,31.70731707317073,66.97247706422019,36.69724770642202,65.59633027522935,47.43119266055045,67.98780487804878,39.78658536585366,,54.807003803982994
37648988,Robin González,Vukovar,Midfielder,27.0,Colombia,35.0,2946.0,7.0,5.0,51.0,19.0,879.0,82.48,51.0,14.0,411.0,208.0,6.0,0.0,6.91,112.0,66.0,23.0,82.0,39.0,13.0,63.0,41.0,36.0,9.0,8.0,0.0,0.0,66.0,4.0,0.0,0.2138492871690427,0.1527494908350305,1.5580448065173116,0.5804480651731161,26.85336048879837,1.5580448065173116,0.4276985743380855,0.1832993890020366,3.4215885947046845,2.016293279022403,0.7026476578411406,2.505091649694501,1.1914460285132382,0.3971486761710794,1.924643584521385,1.2525458248472503,1.09979633401222,0.2749490835030549,0.2443991853360488,0.0,2.016293279022403,11.428571428571429,37.25490196078432,13.72549019607843,0.8248000000000001,50.60827250608273,84.17142857142858,0.3665987780040733,58.92857142857143,33.333333333333336,65.07936507936508,77.94871794871796,49.743589743589745,36.92307692307693,48.1651376146789,89.60244648318042,52.018348623853214,25.022935779816514,61.53846153846155,36.53846153846154,,54.201129146083275
73640,Oliver Zelenika,Varaždin,Goalkeeper,33.0,Croatia,32.0,2880.0,0.0,0.0,0.0,0.0,774.0,65.76,0.0,0.0,13.0,11.0,2.0,0.0,6.92,1.0,1.0,1.0,6.0,1.0,1.0,404.0,143.0,0.0,5.0,33.0,103.0,72.0,40.0,9.0,1.0,0.0,0.0,0.0,0.0,24.1875,0.0,0.0,0.0625,0.03125,0.03125,0.03125,0.1875,0.03125,0.03125,12.625,4.46875,0.0,0.15625,1.03125,3.21875,1.25,28.125,0.0,0.0,0.6576000000000001,84.61538461538461,90.0,0.0,100.0,100.0,35.3960396039604,52.94117647058824,37.254901960784316,36.27450980392157,83.02752293577981,38.379204892966364,29.678899082568808,27.087155963302756,52.94117647058823,37.25490196078431,64.11764705882354,46.24392876416622
52889,Josip Radosevic,Istra 1961,Midfielder,32.0,Croatia,32.0,2836.0,1.0,0.0,16.0,5.0,1429.0,84.39,84.0,35.0,251.0,137.0,4.0,0.0,6.88,21.0,8.0,27.0,24.0,51.0,17.0,146.0,82.0,29.0,23.0,49.0,0.0,0.0,43.0,6.0,0.0,0.0317348377997179,0.0,0.5077574047954866,0.1586741889985895,45.349083215796895,2.6657263751763045,1.1107193229901269,0.1269393511988716,0.6664315937940761,0.2538787023977433,0.8568406205923836,0.7616361071932299,1.6184767277856136,0.5394922425952046,4.633286318758815,2.602256699576869,0.9203102961918196,0.729901269393512,1.5550070521861776,0.0,1.3645980253878702,18.75,31.25,6.25,0.8439,54.581673306772906,88.625,0.0317348377997179,38.095238095238095,33.333333333333336,56.16438356164384,30.25641025641026,53.07692307692309,77.94871794871796,65.59633027522935,31.116207951070336,70.27522935779817,60.29816513761468,37.11538461538461,70.51282051282053,,54.94424841213832
338593,Stjepan Loncar,Istra 1961,Midfielder,29.0,Bosnia and Herzegovina,33.0,2784.0,3.0,6.0,36.0,9.0,1056.0,80.87,27.0,9.0,254.0,106.0,6.0,0.0,6.87,74.0,38.0,15.0,25.0,84.0,32.0,87.0,41.0,52.0,19.0,21.0,0.0,0.0,42.0,5.0,0.0,0.0969827586206896,0.1939655172413793,1.1637931034482758,0.2909482758620689,34.13793103448276,0.8728448275862069,0.2909482758620689,0.1939655172413793,2.3922413793103448,1.228448275862069,0.4849137931034483,0.8081896551724138,2.7155172413793105,1.0344827586206895,2.8125,1.325431034482759,1.6810344827586208,0.6142241379310345,0.6788793103448276,0.0,1.3577586206896552,15.151515151515152,25.0,8.333333333333334,0.8087000000000001,41.732283464566926,84.36363636363636,0.2909482758620689,51.35135135135136,38.095238095238095,47.12643678160919,50.0,57.43589743589744,7.692307692307693,43.57798165137615,62.538226299694195,64.95412844036697,14.334862385321099,70.76923076923077,28.07692307692308,,38.89625970359915
73481,Jakov Puljic,Vukovar,Attacker,32.0,Croatia,31.0,2743.0,16.0,0.0,76.0,31.0,651.0,67.28,20.0,11.0,365.0,156.0,7.0,0.0,7.04,32.0,17.0,9.0,39.0,24.0,1.0,55.0,26.0,28.0,84.0,31.0,0.0,0.0,60.0,4.0,0.0,0.5249726576740795,0.0,2.4936201239518776,1.017134524243529,21.359825009114108,0.6562158220925993,0.3609187021509296,0.2296755377324097,1.049945315348159,0.5577834487787094,0.2952971199416697,1.2796208530805686,0.7874589865111192,0.0328107911046299,1.804593510754648,0.8530805687203792,0.918702150929639,2.7561064527889174,1.017134524243529,0.0,1.968647466277798,12.903225806451612,40.78947368421053,21.05263157894737,0.6728000000000001,42.73972602739726,88.48387096774194,0.5249726576740795,53.125,4.166666666666667,47.27272727272727,86.41975308641976,26.543209876543212,33.95061728395061,35.321100917431195,60.091743119266056,26.009174311926603,31.720183486238533,39.351851851851855,40.35493827160494,,47.6061841658172
540670,Iker Pozo,Gorica,Midfielder,25.0,Spain,32.0,2716.0,4.0,6.0,15.0,7.0,1302.0,87.17,79.0,47.0,374.0,214.0,11.0,0.0,7.12,79.0,51.0,25.0,64.0,13.0,1.0,94.0,49.0,29.0,24.0,53.0,0.0,0.0,41.0,8.0,0.0,0.1325478645066274,0.198821796759941,0.4970544918998527,0.2319587628865979,43.144329896907216,2.617820324005891,1.557437407952872,0.3645066273932253,2.617820324005891,1.6899852724594993,0.8284241531664213,2.1207658321060383,0.430780559646539,0.0331369661266568,3.114874815905744,1.6237113402061856,0.9609720176730486,0.7952871870397643,1.756259204712813,0.0,1.3586156111929308,25.0,46.66666666666666,26.666666666666668,0.8717,57.2192513368984,84.875,0.3313696612665684,64.55696202531645,7.6923076923076925,52.12765957446808,68.71794871794872,79.48717948717949,89.23076923076924,10.091743119266056,89.14373088685015,59.174311926605505,65.87155963302753,68.46153846153847,74.03846153846155,,72.23994354269583
73710,Marko Malenica,Osijek,Goalkeeper,32.0,Croatia,30.0,2700.0,0.0,0.0,0.0,0.0,835.0,70.18,1.0,0.0,12.0,11.0,0.0,0.0,6.92,0.0,0.0,0.0,2.0,0.0,0.0,396.0,151.0,1.0,8.0,34.0,91.0,59.0,41.0,13.0,0.0,0.0,0.0,0.0,0.0,27.83333333333333,0.0333333333333333,0.0,0.0,0.0,0.0,0.0,0.0666666666666666,0.0,0.0,13.2,5.033333333333333,0.0333333333333333,0.2666666666666666,1.1333333333333333,3.033333333333333,1.3666666666666667,43.333333333333336,0.0,0.0,0.7018000000000001,91.66666666666669,90.0,0.0,0.0,0.0,38.13131313131313,52.94117647058824,58.82352941176472,50.98039215686274,93.11926605504587,3.516819571865444,32.660550458715605,29.793577981651374,59.55882352941176,61.51960784313725,60.0,58.1354560172693
37528365,Nail Omerovic,Osijek,Attacker,23.0,Bosnia and Herzegovina,35.0,2694.0,9.0,1.0,86.0,27.0,989.0,79.07,52.0,13.0,442.0,190.0,5.0,0.0,6.91,157.0,64.0,19.0,64.0,119.0,18.0,81.0,42.0,37.0,11.0,21.0,0.0,0.0,43.0,15.0,0.0,0.3006681514476614,0.0334075723830735,2.8730512249443207,0.9020044543429844,33.04008908685969,1.7371937639198218,0.4342984409799554,0.1670378619153674,5.244988864142539,2.138084632516704,0.6347438752783965,2.138084632516704,3.975501113585746,0.6013363028953229,2.706013363028953,1.4031180400890868,1.2360801781737194,0.3674832962138085,0.7015590200445434,0.0,1.4365256124721604,42.85714285714285,31.3953488372093,10.465116279069768,0.7907,42.98642533936651,76.97142857142858,0.3340757238307349,40.76433121019108,15.126050420168069,51.851851851851855,56.172839506172835,68.51851851851852,58.02469135802469,51.8348623853211,74.31192660550458,57.1559633027523,24.472477064220186,69.44444444444444,70.9104938271605,,59.99830105334692
73585,Denis Kolinger,Lokomotiva Zagreb,Defender,32.0,Croatia,30.0,2693.0,0.0,0.0,16.0,5.0,1367.0,83.1,56.0,44.0,279.0,171.0,8.0,1.0,6.77,7.0,4.0,16.0,12.0,7.0,1.0,224.0,100.0,3.0,100.0,168.0,0.0,0.0,41.0,7.0,0.0,0.0,0.0,0.5347196435202377,0.1670998886000742,45.6851095432603,1.871518752320832,1.4704790196806536,0.3007797994801336,0.2339398440401039,0.1336799108800594,0.5347196435202377,0.4010397326401782,0.2339398440401039,0.0334199777200148,7.486075009283327,3.341997772001485,0.1002599331600445,3.341997772001485,5.614556256962495,0.0,1.370219086520609,23.33333333333333,31.25,0.0,0.831,61.29032258064516,89.76666666666667,0.0,57.142857142857146,14.285714285714286,44.642857142857146,43.90243902439024,46.95121951219512,77.23577235772358,17.43119266055045,35.932721712538225,53.57798165137615,82.29357798165138,35.51829268292683,64.22764227642276,,52.169948534347725
73972,Ante Majstorovic,Rijeka,Defender,32.0,Croatia,31.0,2679.0,0.0,1.0,22.0,5.0,1806.0,85.38,32.0,44.0,210.0,133.0,7.0,1.0,6.9,8.0,6.0,8.0,24.0,13.0,7.0,281.0,116.0,8.0,73.0,161.0,0.0,0.0,32.0,11.0,0.0,0.0,0.0335946248600224,0.7390817469204927,0.167973124300112,60.671892497200446,1.0750279955207167,1.478163493840985,0.2687569988801792,0.2687569988801792,0.2015677491601343,0.2687569988801792,0.8062709966405375,0.4367301231802911,0.2351623740201567,9.440089585666293,3.896976483762598,0.2687569988801792,2.452407614781635,5.408734602463606,0.0,1.0750279955207167,35.483870967741936,22.727272727272727,0.0,0.8538,63.333333333333336,86.41935483870968,0.0335946248600224,75.0,53.84615384615385,41.281138790035584,44.30894308943089,71.95121951219511,64.63414634146342,27.52293577981652,51.75840978593272,67.70642201834862,75.0,53.04878048780488,68.75,,57.02058626090848
75072,Marijan Cabraja,Gorica,Defender,29.0,Croatia,31.0,2661.0,1.0,4.0,22.0,5.0,1505.0,80.47,57.0,34.0,263.0,141.0,8.0,0.0,7.06,41.0,18.0,19.0,37.0,148.0,51.0,294.0,151.0,40.0,32.0,117.0,0.0,0.0,39.0,6.0,0.0,0.0338218714768883,0.1352874859075535,0.7440811724915445,0.1691093573844419,50.90191657271702,1.927846674182638,1.1499436302142052,0.2705749718151071,1.3866967305524238,0.608793686583991,0.6426155580608793,1.2514092446448704,5.005636978579481,1.7249154453213078,9.943630214205186,5.107102593010146,1.3528748590755355,1.0822998872604284,3.957158962795941,0.0,1.3190529875986472,19.35483870967742,22.727272727272727,4.545454545454546,0.8047,53.61216730038023,85.83870967741936,0.1691093573844419,43.90243902439025,34.45945945945946,51.36054421768708,68.08943089430893,66.26016260162602,55.28455284552846,27.064220183486242,52.293577981651374,83.0275229357798,63.142201834862384,85.67073170731706,65.59959349593497,,59.59666592078764
73519,Josip Misic,Dinamo Zagreb,Midfielder,32.0,Croatia,31.0,2658.0,2.0,3.0,29.0,10.0,1564.0,88.24,67.0,51.0,230.0,130.0,8.0,0.0,7.26,24.0,17.0,17.0,23.0,39.0,14.0,169.0,128.0,39.0,23.0,47.0,0.0,0.0,20.0,15.0,0.0,0.0677200902934537,0.1015801354401805,0.981941309255079,0.3386004514672686,52.957110609480814,2.2686230248307,1.72686230248307,0.2708803611738149,0.8126410835214447,0.5756207674943566,0.5756207674943566,0.7787810383747178,1.3205417607223475,0.474040632054176,5.72234762979684,4.334085778781039,1.3205417607223475,0.7787810383747178,1.5914221218961626,0.0,0.6772009029345373,48.38709677419355,34.48275862068966,6.896551724137931,0.8824,56.52173913043478,85.74193548387096,0.1693002257336343,70.83333333333333,35.8974358974359,75.7396449704142,45.12820512820513,81.02564102564104,85.64102564102564,26.605504587155963,59.32721712538227,83.57798165137615,63.94495412844037,66.15384615384615,85.32051282051282,,66.19901199717712
173047,Scott McKenna,Dinamo Zagreb,Defender,29.0,Scotland,30.0,2628.0,2.0,3.0,27.0,8.0,1986.0,89.93,28.0,18.0,236.0,154.0,3.0,0.0,7.11,5.0,5.0,1.0,11.0,0.0,0.0,183.0,89.0,11.0,112.0,150.0,0.0,0.0,23.0,13.0,0.0,0.0684931506849315,0.1027397260273972,0.9246575342465754,0.273972602739726,68.01369863013699,0.958904109589041,0.6164383561643836,0.1027397260273972,0.1712328767123287,0.1712328767123287,0.0342465753424657,0.3767123287671233,0.0,0.0,6.267123287671233,3.047945205479452,0.3767123287671233,3.835616438356164,5.136986301369863,0.0,0.7876712328767124,43.333333333333336,29.62962962962963,7.407407407407407,0.8993000000000001,65.2542372881356,87.6,0.1712328767123287,100.0,0.0,48.63387978142077,83.739837398374,88.61788617886178,37.80487804878049,71.3302752293578,45.25993883792049,62.8440366972477,66.2729357798165,53.963414634146346,58.079268292682926,,70.18180801074065
37705033,Aleks Stojakovic,Lokomotiva Zagreb,Attacker,22.0,Slovenia,34.0,2620.0,8.0,2.0,56.0,25.0,537.0,71.88,26.0,10.0,305.0,116.0,5.0,0.0,6.78,38.0,20.0,8.0,30.0,30.0,8.0,31.0,17.0,23.0,46.0,16.0,0.0,0.0,43.0,6.0,0.0,0.2748091603053435,0.0687022900763358,1.923664122137405,0.8587786259541985,18.446564885496183,0.8931297709923665,0.3435114503816794,0.1717557251908397,1.3053435114503815,0.6870229007633588,0.2748091603053435,1.0305343511450382,1.0305343511450382,0.2748091603053435,1.0648854961832062,0.583969465648855,0.7900763358778626,1.5801526717557253,0.549618320610687,0.0,1.4770992366412214,17.647058823529413,44.642857142857146,14.285714285714286,0.7188,38.03278688524591,77.05882352941177,0.3435114503816794,52.63157894736842,26.666666666666668,54.83870967741935,58.641975308641975,37.654320987654316,27.777777777777782,50.45871559633027,58.94495412844037,29.724770642201833,21.926605504587155,36.111111111111114,34.02777777777778,,42.26809378185525
22878483,Dion Beljo,Dinamo Zagreb,Attacker,24.0,Croatia,36.0,2619.0,31.0,5.0,102.0,56.0,505.0,77.43,7.0,5.0,270.0,130.0,2.0,0.0,7.47,58.0,28.0,6.0,45.0,5.0,3.0,5.0,4.0,54.0,50.0,18.0,0.0,0.0,23.0,16.0,0.0,1.0652920962199313,0.1718213058419244,3.5051546391752577,1.924398625429553,17.353951890034363,0.2405498281786941,0.1718213058419244,0.0687285223367697,1.993127147766323,0.9621993127147768,0.2061855670103092,1.5463917525773196,0.1718213058419244,0.1030927835051546,0.1718213058419244,0.1374570446735395,1.855670103092784,1.718213058419244,0.6185567010309279,0.0,0.7903780068728522,44.44444444444444,54.90196078431372,30.392156862745097,0.7743000000000001,48.14814814814815,72.75,1.2371134020618555,48.27586206896552,60.0,80.0,99.38271604938272,51.85185185185185,32.098765432098766,80.27522935779817,66.20795107033639,35.50458715596331,27.775229357798167,52.77777777777777,39.891975308641975,,63.027522935779814
21072870,Jurica Prsir,Gorica,Midfielder,26.0,Croatia,33.0,2601.0,7.0,3.0,57.0,19.0,897.0,82.16,62.0,16.0,381.0,181.0,8.0,0.0,6.94,63.0,24.0,31.0,65.0,86.0,23.0,57.0,30.0,39.0,30.0,27.0,0.0,0.0,39.0,7.0,0.0,0.2422145328719723,0.1038062283737024,1.972318339100346,0.657439446366782,31.038062283737023,2.1453287197231834,0.5536332179930796,0.2768166089965398,2.179930795847751,0.8304498269896193,1.0726643598615917,2.2491349480968856,2.9757785467128026,0.7958477508650519,1.972318339100346,1.038062283737024,1.3494809688581315,1.038062283737024,0.9342560553633218,0.0,1.3494809688581315,21.21212121212121,33.333333333333336,12.280701754385966,0.8216,47.506561679790025,78.81818181818181,0.3460207612456747,38.095238095238095,26.74418604651163,52.63157894736842,78.97435897435896,49.743589743589745,44.10256410256411,24.77064220183486,63.07339449541285,59.357798165137616,40.64220183486238,53.07692307692308,43.01282051282051,,54.32321806633733
32786881,Tomislav Duvnjak,Varaždin,Midfielder,23.0,Croatia,34.0,2600.0,1.0,2.0,25.0,8.0,1226.0,81.65,70.0,33.0,291.0,151.0,8.0,0.0,6.8,51.0,27.0,33.0,40.0,20.0,4.0,195.0,106.0,28.0,17.0,44.0,0.0,0.0,39.0,9.0,0.0,0.0346153846153846,0.0692307692307692,0.8653846153846154,0.2769230769230769,42.43846153846154,2.423076923076923,1.1423076923076922,0.2769230769230769,1.765384615384615,0.9346153846153846,1.1423076923076922,1.3846153846153846,0.6923076923076923,0.1384615384615384,6.75,3.669230769230769,0.9692307692307692,0.5884615384615385,1.523076923076923,0.0,1.35,26.47058823529412,32.0,4.0,0.8165,51.89003436426117,76.47058823529412,0.1038461538461538,52.94117647058823,20.0,54.35897435897436,33.333333333333336,55.89743589743589,68.20512820512822,24.082568807339456,69.34250764525994,64.95412844036699,53.36009174311927,65.0,66.41025641025641,,49.63902611150317
37596354,Sergi Domínguez,Dinamo Zagreb,Defender,21.0,Spain,30.0,2576.0,2.0,3.0,25.0,6.0,2099.0,87.09,56.0,38.0,251.0,158.0,4.0,0.0,7.08,17.0,8.0,16.0,8.0,4.0,2.0,213.0,110.0,11.0,87.0,134.0,0.0,0.0,23.0,13.0,0.0,0.0698757763975155,0.1048136645962733,0.8734472049689441,0.2096273291925466,73.33462732919254,1.9565217391304348,1.3276397515527951,0.139751552795031,0.593944099378882,0.2795031055900621,0.5590062111801242,0.2795031055900621,0.139751552795031,0.0698757763975155,7.441770186335404,3.843167701863354,0.3843167701863354,3.039596273291925,4.681677018633541,0.0,0.8035714285714286,43.333333333333336,24.0,8.0,0.8709,62.94820717131474,85.86666666666666,0.1746894409937888,47.05882352941177,50.0,51.64319248826291,81.09756097560975,87.39837398373983,76.01626016260163,60.55045871559633,31.269113149847097,67.43119266055047,82.24770642201835,63.41463414634147,79.01422764227644,,79.40870440814498
73278,Marko Pajac,Lokomotiva Zagreb,Defender,33.0,Croatia,30.0,2550.0,6.0,5.0,24.0,9.0,1274.0,78.1,35.0,13.0,211.0,111.0,8.0,0.0,7.08,55.0,28.0,12.0,45.0,253.0,60.0,194.0,96.0,53.0,5.0,30.0,0.0,0.0,35.0,7.0,0.0,0.2117647058823529,0.1764705882352941,0.8470588235294118,0.3176470588235294,44.96470588235294,1.2352941176470589,0.4588235294117647,0.2823529411764706,1.9411764705882355,0.9882352941176472,0.4235294117647059,1.588235294117647,8.929411764705883,2.117647058823529,6.847058823529411,3.388235294117647,1.8705882352941177,0.1764705882352941,1.0588235294117647,0.0,1.2352941176470589,23.33333333333333,37.5,25.0,0.7809999999999999,52.60663507109005,85.0,0.388235294117647,50.90909090909091,23.715415019762847,49.48453608247423,96.13821138211382,59.756097560975604,21.544715447154474,22.935779816513758,70.9480122324159,79.44954128440368,28.532110091743117,90.85365853658536,44.3089430894309,,55.52528529872454
52461,Osman Hadzikic,Slaven Koprivnica,Goalkeeper,30.0,Bosnia and Herzegovina,29.0,2544.0,0.0,0.0,0.0,0.0,748.0,58.69,2.0,1.0,15.0,13.0,2.0,0.0,6.57,0.0,0.0,0.0,2.0,0.0,0.0,457.0,152.0,2.0,11.0,23.0,73.0,51.0,50.0,5.0,1.0,0.0,0.0,0.0,0.0,26.4622641509434,0.070754716981132,0.035377358490566,0.070754716981132,0.0,0.0,0.0,0.070754716981132,0.0,0.0,16.16745283018868,5.377358490566038,0.070754716981132,0.3891509433962264,0.8136792452830188,2.582547169811321,1.768867924528302,17.24137931034483,0.0,0.0,0.5869,86.66666666666667,87.72413793103448,0.0,0.0,0.0,33.26039387308534,52.94117647058824,35.29411764705883,68.62745098039215,79.81651376146789,3.6697247706422016,29.357798165137616,28.715596330275233,68.38235294117648,62.99019607843137,39.41176470588236,55.040474905558554
34529,Smail Prevljak,Istra 1961,Attacker,31.0,Bosnia and Herzegovina,32.0,2534.0,14.0,3.0,64.0,30.0,448.0,74.78,9.0,3.0,283.0,113.0,4.0,0.0,6.93,36.0,16.0,8.0,49.0,13.0,3.0,9.0,7.0,21.0,40.0,24.0,0.0,0.0,36.0,6.0,0.0,0.4972375690607735,0.10655090765588,2.273086029992107,1.0655090765588002,15.911602209944752,0.3196527229676401,0.10655090765588,0.1420678768745067,1.2786108918705603,0.5682715074980268,0.2841357537490134,1.7403314917127073,0.4617205998421468,0.10655090765588,0.3196527229676401,0.2486187845303867,0.7458563535911602,1.420678768745067,0.8524072612470402,0.0,1.2786108918705603,18.75,46.875,21.875,0.7478,39.92932862190813,79.1875,0.6037884767166535,44.44444444444444,23.07692307692308,77.77777777777777,87.03703703703705,42.59259259259259,12.962962962962962,59.174311926605505,58.56269113149847,24.31192660550459,20.894495412844037,26.388888888888886,20.833333333333332,,48.69520897043833
7346393,Aleksa Latkovic,Varaždin,Midfielder,25.0,Montenegro,35.0,2492.0,8.0,6.0,63.0,25.0,663.0,80.69,39.0,8.0,275.0,127.0,6.0,0.0,7.09,70.0,41.0,22.0,41.0,97.0,29.0,25.0,12.0,71.0,7.0,9.0,0.0,0.0,32.0,10.0,0.0,0.2889245585874799,0.2166934189406099,2.2752808988764044,0.9028892455858748,23.9446227929374,1.4085072231139646,0.2889245585874799,0.2166934189406099,2.5280898876404496,1.4807383627608346,0.7945425361155698,1.4807383627608346,3.5032102728731944,1.0473515248796148,0.9028892455858748,0.4333868378812199,2.5642054574638844,0.2528089887640449,0.3250401284109149,0.0,1.1556982343499198,28.571428571428573,39.68253968253968,12.698412698412698,0.8069,46.18181818181818,71.2,0.5056179775280899,58.57142857142857,29.89690721649485,48.0,85.12820512820512,45.641025641025635,22.564102564102566,39.90825688073395,77.217125382263,54.12844036697247,18.279816513761467,67.6923076923077,28.782051282051285,,49.990825688073386
4536487,Tiago Dantas,Rijeka,Midfielder,25.0,Portugal,31.0,2487.0,7.0,6.0,39.0,16.0,1211.0,87.28,15.0,16.0,108.0,51.0,4.0,0.0,7.31,12.0,3.0,12.0,20.0,123.0,48.0,149.0,100.0,76.0,14.0,32.0,0.0,0.0,23.0,13.0,0.0,0.2533172496984318,0.2171290711700844,1.4113389626055488,0.5790108564535585,43.82388419782871,0.5428226779252111,0.5790108564535585,0.1447527141133896,0.4342581423401688,0.1085645355850422,0.4342581423401688,0.7237635705669482,4.451145958986731,1.7370325693606754,5.392038600723764,3.618817852834741,2.750301568154403,0.5066344993968637,1.158021712907117,0.0,0.8323281061519904,41.935483870967744,41.02564102564103,17.94871794871795,0.8728,47.22222222222222,80.2258064516129,0.4704463208685162,25.0,39.02439024390244,67.11409395973155,81.53846153846153,82.56410256410255,23.076923076923077,58.25688073394495,20.795107033639145,88.57798165137615,25.344036697247706,69.61538461538461,54.23076923076923,,61.97953422724064
37328039,Blaz Boskovic,Lokomotiva Zagreb,Midfielder,24.0,Bosnia and Herzegovina,33.0,2459.0,3.0,0.0,35.0,10.0,912.0,76.86,69.0,45.0,450.0,235.0,8.0,0.0,6.9,45.0,23.0,26.0,41.0,6.0,2.0,79.0,46.0,20.0,106.0,64.0,0.0,0.0,37.0,6.0,0.0,0.10980073200488,0.0,1.2810085400569338,0.3660024400162667,33.37942252948353,2.5254168361122407,1.6470109800732005,0.2928019520130134,1.6470109800732005,0.8418056120374136,0.9516063440422936,1.500610004066694,0.21960146400976,0.0732004880032533,2.891419276128508,1.683611224074827,0.7320048800325335,3.879625864172428,2.342415616104107,0.0,1.354209028060187,18.181818181818183,28.571428571428573,8.571428571428571,0.7686,52.22222222222222,74.51515151515152,0.10980073200488,51.11111111111112,33.333333333333336,58.22784810126582,56.41025641025641,26.41025641025641,78.97435897435896,20.64220183486239,66.81957186544342,42.29357798165138,76.21559633027522,37.5,56.217948717948715,,50.602681721947775
37596443,Rokas Pukstas,Hajduk Split,Midfielder,21.0,United States,31.0,2455.0,9.0,1.0,73.0,32.0,724.0,72.65,67.0,22.0,493.0,282.0,6.0,0.0,7.26,70.0,38.0,16.0,70.0,19.0,4.0,49.0,26.0,36.0,108.0,21.0,0.0,0.0,25.0,13.0,0.0,0.329938900203666,0.0366598778004073,2.6761710794297358,1.1731160896130346,26.54175152749491,2.4562118126272914,0.8065173116089613,0.219959266802444,2.566191446028513,1.3930753564154783,0.5865580448065173,2.566191446028513,0.6965376782077393,0.1466395112016293,1.7963340122199594,0.9531568228105908,1.319755600814664,3.959266802443992,0.769857433808554,0.0,0.9164969450101832,41.935483870967744,43.83561643835616,12.32876712328767,0.7265,57.20081135902637,79.19354838709677,0.3665987780040733,54.285714285714285,21.05263157894737,53.06122448979592,86.15384615384615,18.461538461538463,70.76923076923077,38.07339449541285,84.70948012232417,38.71559633027523,63.05045871559633,49.61538461538461,46.53846153846154,,56.4227240649259
37583387,Lovro Banovec,Vukovar,Attacker,24.0,Croatia,31.0,2394.0,4.0,5.0,34.0,9.0,592.0,68.41,59.0,24.0,392.0,167.0,5.0,0.0,6.75,49.0,19.0,45.0,48.0,39.0,12.0,41.0,12.0,37.0,45.0,52.0,0.0,0.0,48.0,3.0,0.0,0.150375939849624,0.18796992481203,1.2781954887218046,0.3383458646616541,22.25563909774436,2.218045112781955,0.9022556390977444,0.18796992481203,1.8421052631578947,0.7142857142857143,1.6917293233082706,1.8045112781954888,1.466165413533835,0.4511278195488721,1.5413533834586466,0.4511278195488721,1.3909774436090223,1.6917293233082706,1.954887218045113,0.0,1.8045112781954888,9.67741935483871,26.47058823529412,11.764705882352942,0.6840999999999999,42.60204081632653,77.2258064516129,0.3383458646616541,38.775510204081634,30.76923076923077,29.26829268292683,29.62962962962963,48.148148148148145,76.5432098765432,46.330275229357795,57.95107033639143,36.60550458715597,54.6559633027523,61.57407407407407,60.956790123456784,,50.92932381923207
1872745,Mladen Devetak,Rijeka,Defender,27.0,Serbia,29.0,2376.0,1.0,6.0,16.0,3.0,939.0,84.13,26.0,18.0,205.0,93.0,8.0,0.0,6.72,13.0,4.0,14.0,29.0,57.0,9.0,91.0,30.0,10.0,36.0,55.0,0.0,0.0,22.0,13.0,0.0,0.0378787878787878,0.2272727272727272,0.6060606060606061,0.1136363636363636,35.56818181818182,0.9848484848484848,0.6818181818181818,0.303030303030303,0.4924242424242424,0.1515151515151515,0.5303030303030303,1.0984848484848484,2.159090909090909,0.3409090909090909,3.446969696969697,1.1363636363636365,0.3787878787878788,1.3636363636363635,2.083333333333333,0.0,0.8333333333333334,44.82758620689656,18.75,6.25,0.8412999999999999,45.36585365853659,81.93103448275862,0.2651515151515151,30.76923076923077,15.789473684210526,32.967032967032964,62.19512195121951,64.22764227642277,11.38211382113821,16.972477064220186,30.581039755351686,50.27522935779816,38.784403669724774,47.5609756097561,24.898373983739837,,43.03871112105616
23707307,Luka Jelenic,Osijek,Defender,26.0,Croatia,28.0,2363.0,3.0,0.0,11.0,7.0,1229.0,89.75,26.0,37.0,180.0,104.0,5.0,0.0,6.79,4.0,1.0,10.0,15.0,0.0,0.0,126.0,58.0,0.0,63.0,126.0,0.0,0.0,35.0,12.0,0.0,0.1142615319509098,0.0,0.4189589504866695,0.2666102412187897,46.80914092255608,0.9902666102412188,1.4092255607278883,0.1904358865848497,0.1523487092678798,0.0380871773169699,0.3808717731696995,0.5713076597545493,0.0,0.0,4.798984341938215,2.2090562843842574,0.0,2.3994921709691077,4.798984341938215,0.0,1.3330512060939483,42.85714285714285,63.63636363636363,27.272727272727277,0.8975,57.77777777777778,84.39285714285714,0.1142615319509098,25.0,0.0,46.03174603174603,93.90243902439026,59.959349593495936,51.21951219512195,44.03669724770643,16.513761467889907,50.22935779816514,70.13761467889908,17.53048780487805,50.91463414634147,,65.92805996867308
37742,Stefan Peric,Gorica,Defender,29.0,Austria,29.0,2359.0,0.0,0.0,3.0,2.0,1153.0,83.52,39.0,20.0,188.0,113.0,5.0,1.0,6.74,11.0,7.0,11.0,17.0,9.0,1.0,195.0,88.0,1.0,50.0,146.0,0.0,0.0,30.0,8.0,0.0,0.0,0.0,0.1144552776600254,0.0763035184400169,43.98897838066978,1.4879186095803307,0.7630351844001696,0.2289105553200508,0.4196693514200932,0.2670623145400593,0.4196693514200932,0.6485799067401441,0.3433658329800763,0.0381517592200084,7.439593047901654,3.357354811360746,0.0381517592200084,1.907587961000424,5.570156846121238,0.0,1.1445527766002543,27.58620689655172,66.66666666666667,0.0,0.8351999999999999,60.1063829787234,81.34482758620689,0.0,63.63636363636363,11.11111111111111,45.12820512820513,34.146341463414636,44.512195121951216,44.71544715447154,36.23853211009175,47.24770642201835,52.56880733944954,66.72018348623853,38.26219512195122,46.59552845528455,,40.63604833296039
19970146,Josip Mitrovic,Slaven Koprivnica,Attacker,26.0,Croatia,30.0,2346.0,8.0,2.0,44.0,17.0,603.0,77.61,36.0,20.0,279.0,140.0,4.0,0.0,6.96,48.0,24.0,26.0,57.0,67.0,18.0,49.0,15.0,31.0,26.0,29.0,0.0,0.0,46.0,4.0,0.0,0.3069053708439898,0.0767263427109974,1.6879795396419437,0.6521739130434783,23.132992327365727,1.381074168797954,0.7672634271099744,0.1534526854219949,1.8414322250639383,0.9207161125319692,0.9974424552429668,2.186700767263427,2.5703324808184145,0.690537084398977,1.8797953964194372,0.5754475703324808,1.1892583120204605,0.9974424552429668,1.1125319693094629,0.0,1.7647058823529411,13.333333333333334,38.63636363636363,18.181818181818183,0.7761,50.17921146953405,78.2,0.3836317135549872,50.0,26.86567164179105,30.612244897959183,66.35802469135803,56.17283950617284,78.39506172839508,56.42201834862385,73.54740061162079,44.403669724770644,42.22477064220184,57.40740740740741,69.29012345679013,,65.91997961264018
27066735,Tino Jukic,Lokomotiva Zagreb,Defender,24.0,Germany,30.0,2339.0,0.0,0.0,14.0,2.0,1440.0,85.76,47.0,37.0,204.0,125.0,4.0,2.0,6.77,12.0,9.0,10.0,17.0,15.0,3.0,174.0,92.0,8.0,52.0,148.0,0.0,0.0,38.0,6.0,0.0,0.0,0.0,0.5386917486105173,0.0769559640872167,55.40829414279607,1.808465156049594,1.42368533561351,0.2308678922616502,0.4617357845233005,0.3463018383924754,0.3847798204360838,0.6541256947413424,0.5771697306541257,0.1154339461308251,6.695168875587858,3.5399743480119708,0.307823856348867,2.000855066267636,5.69474134245404,0.0,1.4621633176571185,20.0,14.285714285714286,0.0,0.8576,61.27450980392157,77.96666666666667,0.0,75.0,20.0,52.87356321839081,34.552845528455286,63.617886178861795,73.17073170731707,34.862385321100916,52.522935779816514,64.77064220183486,79.31192660550458,48.323170731707314,72.8658536585366,,54.88867755650034
37530358,Ante Orec,Rijeka,Defender,24.0,Croatia,30.0,2338.0,2.0,5.0,25.0,6.0,906.0,81.57,68.0,24.0,263.0,144.0,6.0,0.0,7.0,57.0,20.0,8.0,40.0,111.0,25.0,117.0,62.0,27.0,17.0,52.0,0.0,0.0,21.0,12.0,0.0,0.0769888793840889,0.1924721984602224,0.962360992301112,0.2309666381522669,34.875962360992304,2.6176218990590248,0.9238665526090676,0.2309666381522669,2.194183062446536,0.7698887938408896,0.3079555175363558,1.5397775876817792,4.272882805816938,0.962360992301112,4.503849443969204,2.3866552609067577,1.039349871685201,0.6544054747647562,2.0017108639863133,0.0,0.8083832335329342,40.0,24.0,8.0,0.8157,54.752851711026615,77.93333333333334,0.2694610778443114,35.08771929824562,22.52252252252252,52.99145299145299,83.9430894308943,57.72357723577236,58.53658536585366,34.40366972477065,53.211009174311926,66.33027522935781,57.087155963302756,72.5609756097561,55.94512195121952,,63.501342582233164
75000,Antonio Borsic,Varaždin,Defender,30.0,Croatia,30.0,2330.0,2.0,1.0,14.0,5.0,1053.0,78.16,39.0,19.0,189.0,95.0,3.0,1.0,6.64,28.0,14.0,13.0,24.0,39.0,9.0,164.0,68.0,15.0,20.0,92.0,0.0,0.0,36.0,7.0,0.0,0.0772532188841201,0.03862660944206,0.5407725321888412,0.1931330472103004,40.67381974248927,1.5064377682403434,0.7339055793991416,0.1545064377682403,1.0815450643776825,0.5407725321888412,0.5021459227467812,0.927038626609442,1.5064377682403434,0.3476394849785407,6.334763948497854,2.6266094420600856,0.5793991416309013,0.7725321888412017,3.553648068669528,0.0,1.390557939914163,23.33333333333333,35.714285714285715,14.285714285714286,0.7816,50.264550264550266,77.66666666666667,0.1158798283261802,50.0,23.07692307692308,41.46341463414634,82.92682926829269,39.83739837398374,29.268292682926827,55.96330275229357,50.30581039755352,56.60550458715596,48.07339449541284,60.670731707317074,38.8719512195122,,51.20608637279033
73090,Tomislav Bozic,Slaven Koprivnica,Defender,38.0,Croatia,27.0,2320.0,1.0,0.0,12.0,3.0,1142.0,81.26,47.0,25.0,212.0,119.0,2.0,0.0,6.79,9.0,4.0,12.0,15.0,18.0,2.0,203.0,78.0,8.0,55.0,133.0,0.0,0.0,39.0,5.0,0.0,0.0387931034482758,0.0,0.4655172413793103,0.1163793103448275,44.30172413793103,1.8232758620689653,0.9698275862068966,0.0775862068965517,0.3491379310344827,0.1551724137931034,0.4655172413793103,0.5818965517241379,0.6982758620689655,0.0775862068965517,7.875,3.0258620689655173,0.3103448275862069,2.1336206896551726,5.1594827586206895,0.0,1.512931034482759,18.51851851851852,25.0,8.333333333333334,0.8126000000000001,56.13207547169812,85.92592592592592,0.0387931034482758,44.44444444444444,11.11111111111111,38.423645320197046,66.26016260162602,42.479674796747965,50.40650406504065,79.35779816513761,30.122324159021414,54.587155963302756,72.54587155963303,44.96951219512194,52.1849593495935,,55.679682255538154
24838185,Ivan Cubelic,Slaven Koprivnica,Midfielder,23.0,Croatia,34.0,2311.0,2.0,0.0,43.0,8.0,1031.0,74.3,66.0,34.0,305.0,155.0,3.0,1.0,6.77,45.0,26.0,42.0,23.0,24.0,2.0,136.0,70.0,18.0,40.0,39.0,0.0,0.0,39.0,6.0,0.0,0.0778883600173085,0.0,1.674599740372133,0.3115534400692341,40.15144958892255,2.570315880571181,1.324102120294245,0.155776720034617,1.7524881003894417,1.0125486802250108,1.635655560363479,0.895716140199048,0.9346603202077024,0.0778883600173085,5.29640848117698,2.7260926006057984,0.7009952401557767,1.5577672003461704,1.518823020337516,0.0,1.518823020337516,17.647058823529413,18.6046511627907,4.651162790697675,0.743,50.81967213114754,67.97058823529412,0.0778883600173085,57.77777777777778,8.333333333333334,51.47058823529412,42.05128205128205,30.512820512820515,72.82051282051282,55.04587155963303,65.29051987767583,47.981651376146786,65.45871559633026,49.80769230769231,58.141025641025635,,49.11997177134792
21404430,Emil Frederiksen,Istra 1961,Attacker,25.0,Denmark,33.0,2260.0,4.0,6.0,37.0,14.0,814.0,71.87,33.0,16.0,214.0,100.0,2.0,0.0,6.92,43.0,22.0,21.0,29.0,109.0,25.0,76.0,39.0,37.0,17.0,17.0,0.0,0.0,36.0,4.0,0.0,0.1592920353982301,0.2389380530973451,1.4734513274336285,0.5575221238938053,32.415929203539825,1.3141592920353982,0.6371681415929203,0.079646017699115,1.7123893805309736,0.8761061946902655,0.8362831858407079,1.154867256637168,4.34070796460177,0.995575221238938,3.0265486725663715,1.5530973451327434,1.4734513274336285,0.6769911504424779,0.6769911504424779,0.0,1.4336283185840708,12.12121212121212,37.83783783783784,10.81081081081081,0.7187,46.728971962616825,68.48484848484848,0.3982300884955752,51.16279069767442,22.93577981651376,51.31578947368421,36.41975308641975,74.07407407407408,69.75308641975307,78.89908256880733,62.53822629969418,55.68807339449542,29.403669724770637,77.77777777777777,73.99691358024691,,61.96398233095479
37596430,Simun Hrgovic,Hajduk Split,Defender,22.0,Croatia,29.0,2238.0,0.0,3.0,11.0,1.0,1027.0,79.55,29.0,16.0,134.0,67.0,0.0,0.0,6.74,27.0,14.0,11.0,7.0,115.0,35.0,120.0,29.0,30.0,20.0,58.0,0.0,0.0,29.0,10.0,0.0,0.0,0.1206434316353887,0.4423592493297587,0.0402144772117962,41.30026809651474,1.1662198391420913,0.6434316353887399,0.0,1.0857908847184987,0.5630026809651475,0.4423592493297587,0.2815013404825737,4.624664879356568,1.407506702412869,4.825737265415549,1.1662198391420913,1.206434316353887,0.8042895442359249,2.3324396782841825,0.0,1.1662198391420913,34.48275862068966,9.090909090909092,0.0,0.7955,50.0,77.17241379310344,0.1206434316353887,51.851851851851855,30.43478260869565,24.166666666666668,31.300813008130078,53.2520325203252,18.29268292682927,93.11926605504587,43.11926605504587,64.1743119266055,43.64678899082569,67.3780487804878,32.01219512195122,,40.16558514208995
37690641,Filip Kruselj,Slaven Koprivnica,Defender,21.0,Croatia,26.0,2226.0,2.0,3.0,19.0,5.0,787.0,75.22,64.0,31.0,229.0,114.0,4.0,0.0,6.8,32.0,16.0,22.0,14.0,89.0,20.0,88.0,28.0,20.0,22.0,59.0,0.0,0.0,39.0,6.0,0.0,0.0808625336927223,0.1212938005390835,0.7681940700808625,0.2021563342318059,31.81940700808625,2.587601078167116,1.2533692722371967,0.1617250673854447,1.293800539083558,0.6469002695417789,0.889487870619946,0.5660377358490566,3.598382749326145,0.8086253369272237,3.557951482479784,1.1320754716981132,0.8086253369272237,0.889487870619946,2.38544474393531,0.0,1.5768194070080863,23.07692307692308,26.31578947368421,10.526315789473683,0.7522,49.78165938864629,85.61538461538461,0.2021563342318059,50.0,22.471910112359552,31.818181818181817,82.92682926829269,35.77235772357724,59.34959349593496,53.211009174311926,46.48318042813455,48.1651376146789,61.78899082568807,61.890243902439025,43.546747967479675,,58.73573506377266
37694071,Niko Sigur,Hajduk Split,Midfielder,22.0,Canada,29.0,2224.0,1.0,2.0,11.0,2.0,1371.0,90.3,69.0,33.0,252.0,144.0,4.0,1.0,6.97,24.0,11.0,23.0,43.0,10.0,3.0,105.0,65.0,18.0,21.0,43.0,0.0,0.0,19.0,13.0,0.0,0.0404676258992805,0.0809352517985611,0.4451438848920863,0.0809352517985611,55.48111510791367,2.79226618705036,1.335431654676259,0.2023381294964028,0.9712230215827338,0.4451438848920863,0.9307553956834532,1.7401079136690647,0.4046762589928057,0.1214028776978417,4.249100719424461,2.6303956834532376,0.7284172661870504,0.8498201438848921,1.7401079136690647,0.0,0.7688848920863309,44.82758620689656,18.181818181818183,9.090909090909092,0.903,57.142857142857146,76.6896551724138,0.1214028776978417,45.833333333333336,30.0,61.90476190476191,32.82051282051282,81.28205128205128,87.17948717948718,42.201834862385326,57.415902140672785,69.12844036697248,66.23853211009174,45.38461538461539,80.03205128205128,,64.60479887085391
1485781,Zvonimir Sarlija,Hajduk Split,Defender,29.0,Croatia,27.0,2211.0,1.0,1.0,13.0,2.0,1654.0,91.96,40.0,24.0,253.0,149.0,9.0,0.0,6.95,8.0,7.0,11.0,40.0,0.0,0.0,86.0,39.0,9.0,64.0,110.0,0.0,0.0,19.0,13.0,0.0,0.0407055630936228,0.0407055630936228,0.5291723202170964,0.0814111261872456,67.32700135685211,1.6282225237449115,0.9769335142469472,0.3663500678426051,0.3256445047489824,0.2849389416553595,0.4477611940298507,1.6282225237449115,0.0,0.0,3.5006784260515604,1.587516960651289,0.3663500678426051,2.605156037991859,4.477611940298507,0.0,0.7734056987788331,48.14814814814815,15.384615384615383,7.6923076923076925,0.9196,58.89328063241107,81.88888888888889,0.0814111261872456,87.5,0.0,45.34883720930232,62.195121951219505,82.3170731707317,53.2520325203252,9.633027522935777,66.97247706422019,56.834862385321095,69.88532110091744,40.548780487804876,60.23882113821138,,60.2925710449765
496680,Arnel Jakupovic,Osijek,Attacker,28.0,Austria,30.0,2179.0,3.0,1.0,63.0,17.0,488.0,73.16,20.0,5.0,251.0,109.0,3.0,0.0,6.87,14.0,9.0,8.0,31.0,7.0,1.0,18.0,9.0,20.0,52.0,44.0,0.0,0.0,34.0,11.0,0.0,0.1239100504818724,0.0413033501606241,2.602111060119321,0.7021569527306104,20.15603487838458,0.8260670032124828,0.2065167508031207,0.1239100504818724,0.578246902248738,0.3717301514456173,0.3304268012849931,1.2804038549793484,0.289123451124369,0.0413033501606241,0.7434603028912345,0.3717301514456173,0.8260670032124828,2.147774208352456,1.8173474070674625,0.0,1.4043139054612208,36.66666666666666,26.984126984126984,4.761904761904762,0.7315999999999999,43.42629482071713,72.63333333333334,0.1652134006424965,64.28571428571429,14.285714285714286,50.0,29.012345679012345,40.74074074074074,34.5679012345679,66.05504587155963,62.30886850152905,24.403669724770644,37.018348623853214,24.537037037037038,36.03395061728395,,37.90180088345225
37538351,Eniss Shabani,Vukovar,Midfielder,23.0,Albania,27.0,2165.0,0.0,2.0,19.0,6.0,819.0,74.24,44.0,26.0,270.0,148.0,6.0,0.0,6.78,60.0,38.0,16.0,40.0,31.0,7.0,126.0,46.0,19.0,26.0,34.0,0.0,0.0,46.0,3.0,0.0,0.0,0.0831408775981524,0.789838337182448,0.2494226327944572,34.046189376443415,1.829099307159353,1.0808314087759816,0.2494226327944572,2.4942263279445727,1.579676674364896,0.6651270207852193,1.6628175519630486,1.2886836027713626,0.2909930715935335,5.237875288683603,1.9122401847575057,0.789838337182448,1.0808314087759816,1.4133949191685913,0.0,1.9122401847575057,11.11111111111111,31.57894736842105,0.0,0.7424,54.81481481481482,80.18518518518519,0.0831408775981524,63.333333333333336,22.580645161290324,36.507936507936506,22.564102564102566,36.92307692307693,67.6923076923077,31.19266055045871,83.02752293577981,47.33944954128441,56.10091743119266,66.53846153846153,51.15384615384615,,41.27311220889202
73871,Filip Krovinovic,Hajduk Split,Midfielder,30.0,Croatia,29.0,2140.0,1.0,0.0,51.0,17.0,1281.0,87.59,31.0,12.0,185.0,101.0,0.0,0.0,7.09,19.0,8.0,5.0,31.0,57.0,19.0,64.0,31.0,35.0,33.0,33.0,0.0,0.0,20.0,13.0,0.0,0.0420560747663551,0.0,2.1448598130841123,0.7149532710280374,53.873831775700936,1.3037383177570094,0.5046728971962616,0.0,0.7990654205607477,0.3364485981308411,0.2102803738317757,1.3037383177570094,2.397196261682243,0.7990654205607477,2.691588785046729,1.3037383177570094,1.47196261682243,1.3878504672897196,1.3878504672897196,0.0,0.8411214953271028,44.82758620689656,33.333333333333336,1.96078431372549,0.8759,54.5945945945946,73.79310344827586,0.0420560747663551,42.10526315789474,33.333333333333336,48.4375,49.230769230769226,65.3846153846154,41.53846153846154,93.11926605504587,46.330275229357795,76.97247706422019,47.17889908256881,37.88461538461539,55.769230769230774,,56.158080451658435
37543226,Toni Fruk,Rijeka,Midfielder,25.0,Croatia,31.0,2131.0,12.0,3.0,74.0,25.0,712.0,78.93,37.0,10.0,283.0,148.0,2.0,0.0,7.2,75.0,39.0,8.0,59.0,61.0,14.0,72.0,42.0,45.0,13.0,9.0,0.0,0.0,22.0,13.0,0.0,0.5068043172219615,0.1267010793054903,3.125293289535429,1.0558423275457531,30.07038948850305,1.5626466447677148,0.4223369310183013,0.0844673862036602,3.16752698263726,1.647114030971375,0.337869544814641,2.4917878930079773,2.576255279211637,0.5912717034256217,3.0408259033317693,1.7738151102768651,1.900516189582356,0.5490380103237916,0.3801032379164711,0.0,0.9291412482402628,41.935483870967744,33.78378378378378,16.216216216216218,0.7893000000000001,52.29681978798587,68.74193548387096,0.6335053965274519,52.0,22.950819672131143,58.333333333333336,93.33333333333333,42.05128205128205,41.02564102564103,77.98165137614679,84.86238532110092,60.825688073394495,30.458715596330272,74.23076923076923,43.97435897435898,,60.7212420606916
46031,Marcel Heister,Istra 1961,Defender,33.0,Germany,31.0,2107.0,1.0,2.0,22.0,6.0,769.0,80.75,63.0,39.0,224.0,127.0,8.0,0.0,6.71,33.0,18.0,31.0,22.0,57.0,11.0,72.0,27.0,12.0,26.0,78.0,0.0,0.0,36.0,5.0,0.0,0.0427147603227337,0.0854295206454675,0.9397247271001424,0.2562885619364025,32.84765068818225,2.691029900332226,1.665875652586616,0.34171808258187,1.4095870906502137,0.7688656858092074,1.324157570004746,0.9397247271001424,2.434741338395824,0.4698623635500712,3.0754627432368298,1.153298528713811,0.512577123872805,1.1105837683910773,3.331751305173232,0.0,1.5377313716184149,16.129032258064516,27.272727272727277,4.545454545454546,0.8075,56.69642857142857,67.96774193548387,0.1281442809682012,54.54545454545455,19.29824561403509,37.5,77.4390243902439,43.4959349593496,81.70731707317073,12.844036697247702,59.785932721712534,48.53211009174312,72.61467889908256,55.79268292682927,57.46951219512195,,62.07708659655404
37582792,Luka Mamic,Varaždin,Midfielder,23.0,Croatia,30.0,2103.0,8.0,1.0,54.0,24.0,650.0,76.62,23.0,7.0,256.0,103.0,2.0,0.0,6.73,63.0,23.0,17.0,23.0,10.0,0.0,40.0,27.0,26.0,40.0,33.0,0.0,0.0,36.0,8.0,0.0,0.3423680456490727,0.042796005706134,2.310984308131241,1.0271041369472182,27.81740370898716,0.9843081312410842,0.2995720399429387,0.0855920114122681,2.696148359486448,0.9843081312410842,0.7275320970042796,0.9843081312410842,0.4279600570613409,0.0,1.7118402282453635,1.1554921540656204,1.1126961483594864,1.7118402282453635,1.412268188302425,0.0,1.5406562054208277,26.666666666666668,44.44444444444444,14.814814814814817,0.7662,40.234375,70.1,0.3851640513552068,36.507936507936506,0.0,67.5,89.23076923076923,25.128205128205128,9.743589743589745,77.52293577981652,50.91743119266056,35.779816513761475,33.646788990825684,42.30769230769231,17.94871794871795,,44.98306280875088
37414398,Iuri Tavares,Varaždin,Attacker,25.0,Cape Verde,31.0,2065.0,6.0,2.0,37.0,12.0,570.0,74.04,45.0,11.0,350.0,194.0,3.0,0.0,6.94,107.0,46.0,17.0,58.0,28.0,4.0,29.0,16.0,24.0,46.0,31.0,0.0,0.0,21.0,8.0,0.0,0.261501210653753,0.0871670702179176,1.612590799031477,0.5230024213075061,24.84261501210654,1.961259079903148,0.4794188861985472,0.1307506053268765,4.663438256658596,2.0048426150121066,0.7409200968523002,2.5278450363196128,1.2203389830508475,0.1743341404358353,1.2639225181598064,0.6973365617433414,1.046004842615012,2.0048426150121066,1.351089588377724,0.0,0.9152542372881356,25.806451612903224,32.432432432432435,16.216216216216218,0.7404000000000001,55.42857142857143,66.61290322580645,0.3486682808716707,42.99065420560748,14.285714285714286,55.172413793103445,51.85185185185185,55.555555555555564,77.77777777777777,63.76146788990826,77.67584097859327,35.137614678899084,56.72018348623853,58.79629629629629,68.75,,61.93170234454638
37719905,Matija Subotic,Lokomotiva Zagreb,Midfielder,18.0,Croatia,32.0,2055.0,0.0,2.0,6.0,1.0,948.0,90.3,26.0,30.0,124.0,71.0,0.0,0.0,6.65,21.0,14.0,6.0,29.0,6.0,0.0,49.0,24.0,4.0,6.0,20.0,0.0,0.0,33.0,7.0,0.0,0.0,0.0875912408759124,0.2627737226277372,0.0437956204379562,41.518248175182485,1.1386861313868613,1.313868613138686,0.0,0.9197080291970804,0.6131386861313869,0.2627737226277372,1.27007299270073,0.2627737226277372,0.0,2.145985401459854,1.051094890510949,0.1751824817518248,0.2627737226277372,0.8759124087591241,0.0,1.4452554744525548,21.875,16.666666666666668,0.0,0.903,57.25806451612903,64.21875,0.0875912408759124,66.66666666666667,0.0,48.97959183673469,11.282051282051283,75.12820512820512,63.58974358974359,93.11926605504587,67.43119266055045,45.275229357798175,45.16055045871559,32.69230769230769,55.16025641025641,,54.31192660550459
3568423,Michele Sego,Hajduk Split,Attacker,25.0,Croatia,32.0,2051.0,13.0,5.0,61.0,28.0,445.0,75.73,9.0,10.0,186.0,85.0,4.0,0.0,6.99,29.0,11.0,6.0,32.0,98.0,27.0,22.0,13.0,35.0,35.0,17.0,0.0,0.0,24.0,11.0,0.0,0.5704534373476353,0.2194051682106289,2.676743052169673,1.2286689419795225,19.527059970745977,0.3949293027791321,0.4388103364212579,0.1755241345685031,1.272549975621648,0.4826913700633837,0.2632862018527547,1.4041930765480253,4.300341296928328,1.1847879083373964,0.9653827401267674,0.5704534373476353,1.5358361774744027,1.5358361774744027,0.7459775719161384,0.0,1.053144807411019,34.375,45.90163934426229,21.311475409836067,0.7573000000000001,45.69892473118279,64.09375,0.7898586055582643,37.93103448275862,27.551020408163264,59.09090909090909,93.20987654320987,60.49382716049382,43.82716049382716,49.54128440366973,47.55351681957186,46.60550458715596,26.92660550458715,55.55555555555556,51.5432098765432,,64.21338769962622
68104,Advan Kadusic,Istra 1961,Defender,28.0,Bosnia and Herzegovina,29.0,2046.0,1.0,2.0,9.0,2.0,912.0,69.3,98.0,24.0,261.0,153.0,5.0,0.0,6.8,20.0,11.0,38.0,24.0,70.0,13.0,152.0,56.0,17.0,21.0,73.0,0.0,0.0,33.0,6.0,0.0,0.0439882697947214,0.0879765395894428,0.3958944281524926,0.0879765395894428,40.11730205278592,4.310850439882698,1.0557184750733135,0.219941348973607,0.8797653958944281,0.4838709677419355,1.6715542521994136,1.0557184750733135,3.0791788856304985,0.5718475073313783,6.686217008797654,2.463343108504399,0.7478005865102639,0.9237536656891496,3.2111436950146626,0.0,1.4516129032258065,20.689655172413797,22.22222222222222,11.11111111111111,0.693,58.62068965517241,70.55172413793103,0.1319648093841642,55.0,18.571428571428573,36.8421052631579,66.66666666666667,37.39837398373984,72.76422764227642,38.53211009174312,55.96330275229358,52.75229357798165,69.4954128440367,68.59756097560975,57.266260162601625,,56.901991496979186
74038,Marko Vesovic,Lokomotiva Zagreb,Defender,34.0,Montenegro,26.0,2012.0,1.0,4.0,15.0,4.0,629.0,81.24,36.0,15.0,198.0,95.0,3.0,0.0,6.82,43.0,20.0,11.0,24.0,104.0,25.0,68.0,38.0,32.0,16.0,53.0,0.0,0.0,31.0,4.0,0.0,0.0447316103379721,0.1789264413518886,0.6709741550695825,0.1789264413518886,28.13618290258449,1.610337972166998,0.6709741550695825,0.1341948310139165,1.9234592445328031,0.8946322067594433,0.4920477137176938,1.073558648111332,4.652087475149106,1.1182902584493042,3.0417495029821078,1.6998011928429424,1.4314115308151094,0.7157057654075547,2.3707753479125246,0.0,1.3866799204771372,15.384615384615383,26.666666666666668,6.666666666666667,0.8123999999999999,47.97979797979798,77.38461538461539,0.2236580516898608,46.51162790697674,24.03846153846154,55.88235294117647,72.96747967479675,49.59349593495934,25.609756097560975,62.38532110091743,57.64525993883792,62.018348623853214,43.71559633027523,71.03658536585365,34.603658536585364,,50.68975162228686
47589,Stjepan Radeljic,Rijeka,Defender,28.0,Bosnia and Herzegovina,25.0,1977.0,2.0,1.0,22.0,5.0,1298.0,85.59,34.0,31.0,171.0,101.0,8.0,0.0,7.01,13.0,8.0,8.0,17.0,11.0,1.0,194.0,84.0,11.0,46.0,113.0,0.0,0.0,15.0,12.0,0.0,0.0910470409711684,0.0455235204855842,1.0015174506828528,0.2276176024279211,59.08952959028832,1.5477996965098637,1.4112291350531108,0.3641881638846737,0.5918057663125948,0.3641881638846737,0.3641881638846737,0.7738998482549317,0.5007587253414264,0.0455235204855842,8.831562974203338,3.8239757207890746,0.5007587253414264,2.094081942336874,5.144157814871017,0.0,0.6828528072837633,48.0,22.727272727272727,9.090909090909092,0.8559,59.06432748538012,79.08,0.1365705614567526,61.53846153846154,9.090909090909092,43.29896907216495,86.58536585365853,73.17073170731707,64.22764227642277,10.550458715596335,52.599388379204896,65.68807339449542,73.60091743119266,64.9390243902439,71.4430894308943,,68.25016782277913
28912771,Adrion Pajaziti,Hajduk Split,Midfielder,23.0,Albania,31.0,1970.0,1.0,1.0,22.0,5.0,1295.0,91.2,48.0,19.0,207.0,108.0,6.0,0.0,6.86,36.0,21.0,26.0,38.0,27.0,5.0,91.0,64.0,16.0,1.0,13.0,0.0,0.0,21.0,12.0,0.0,0.0456852791878172,0.0456852791878172,1.0050761421319796,0.2284263959390862,59.16243654822335,2.1928934010152283,0.868020304568528,0.2741116751269035,1.6446700507614214,0.9593908629441624,1.1878172588832487,1.736040609137056,1.233502538071066,0.2284263959390862,4.157360406091371,2.9238578680203045,0.7309644670050761,0.0456852791878172,0.5939086294416244,0.0,0.9593908629441624,38.70967741935484,22.727272727272727,4.545454545454546,0.912,52.17391304347826,63.54838709677419,0.0913705583756345,58.333333333333336,18.51851851851852,70.32967032967034,32.820512820512825,80.0,59.743589743589745,26.146788990825684,75.7645259938838,73.21100917431193,36.674311926605505,51.53846153846154,69.1025641025641,,54.38390966831334
37544959,Moris Valincic,Dinamo Zagreb,Defender,23.0,Croatia,27.0,1967.0,0.0,1.0,11.0,3.0,980.0,84.29,23.0,23.0,174.0,93.0,3.0,0.0,6.82,51.0,27.0,10.0,27.0,45.0,7.0,71.0,41.0,19.0,19.0,37.0,0.0,0.0,16.0,12.0,0.0,0.0,0.0457549567869852,0.5033045246568378,0.1372648703609557,44.83985765124555,1.052364006100661,1.052364006100661,0.1372648703609557,2.333502796136248,1.235383833248602,0.4575495678698525,1.235383833248602,2.0589730554143366,0.3202846975088968,3.248601931875953,1.8759532282663955,0.8693441789527199,0.8693441789527199,1.6929334011184545,0.0,0.7320793085917641,44.44444444444444,27.272727272727277,0.0,0.8429000000000001,53.44827586206897,72.85185185185185,0.0457549567869852,52.94117647058823,15.555555555555555,57.74647887323944,41.05691056910569,59.756097560975604,35.36585365853659,61.46788990825688,70.41284403669724,63.62385321100918,48.34862385321101,59.146341463414636,47.40853658536585,,47.000447527411055
74322,Frane Maglica,Varaždin,Defender,29.0,Croatia,24.0,1955.0,0.0,6.0,4.0,2.0,728.0,75.0,51.0,18.0,208.0,107.0,2.0,0.0,6.83,33.0,14.0,15.0,12.0,87.0,22.0,86.0,37.0,25.0,31.0,55.0,0.0,0.0,21.0,8.0,0.0,0.0,0.2762148337595907,0.1841432225063938,0.0920716112531969,33.514066496163686,2.347826086956522,0.8286445012787724,0.0920716112531969,1.5191815856777493,0.6445012787723785,0.690537084398977,0.5524296675191815,4.005115089514066,1.0127877237851663,3.959079283887468,1.7033248081841432,1.1508951406649617,1.4271099744245523,2.5319693094629154,0.0,0.9667519181585678,33.333333333333336,50.0,0.0,0.75,51.44230769230769,81.45833333333333,0.2762148337595907,42.42424242424242,25.28735632183908,43.02325581395349,36.17886178861789,44.3089430894309,48.17073170731707,74.31192660550458,40.0611620795107,56.834862385321095,62.61467889908256,71.95121951219512,42.53048780487805,,46.02875363616021
21054111,David Colina,Osijek,Defender,25.0,Croatia,29.0,1951.0,0.0,3.0,11.0,2.0,699.0,77.4,43.0,23.0,230.0,102.0,2.0,0.0,6.69,44.0,20.0,15.0,18.0,58.0,12.0,52.0,26.0,24.0,23.0,51.0,0.0,0.0,34.0,11.0,0.0,0.0,0.1383905689390056,0.5074320861096874,0.0922603792926704,32.245002562788315,1.9835981547924144,1.0609943618657098,0.0922603792926704,2.029728344438749,0.9226037929267042,0.6919528446950282,0.8303434136340339,2.6755509994874425,0.5535622757560226,2.398769861609431,1.1993849308047155,1.1071245515120451,1.0609943618657098,2.352639671963096,0.0,1.568426447975397,37.93103448275862,18.181818181818183,0.0,0.774,44.34782608695652,67.27586206896552,0.1383905689390056,45.45454545454545,20.689655172413797,50.0,36.58536585365854,40.24390243902439,39.83739837398374,73.85321100917432,53.82262996941896,51.46788990825688,53.371559633027516,65.2439024390244,36.99186991869918,,42.38532110091743
73733,Domagoj Pavicic,Gorica,Midfielder,32.0,Croatia,32.0,1933.0,3.0,2.0,28.0,11.0,694.0,84.15,26.0,11.0,205.0,101.0,4.0,0.0,6.77,31.0,19.0,10.0,36.0,19.0,5.0,40.0,22.0,24.0,20.0,13.0,0.0,0.0,27.0,8.0,0.0,0.1396792550439731,0.0931195033626487,1.3036730470770823,0.512157268494568,32.31246766683911,1.2105535437144337,0.512157268494568,0.1862390067252974,1.4433523021210553,0.8846352819451629,0.4655975168132437,1.6761510605276773,0.8846352819451629,0.2327987584066218,1.8623900672529747,1.024314536989136,1.1174340403517848,0.9311950336264874,0.6052767718572167,0.0,1.2571132953957578,25.0,39.285714285714285,10.714285714285714,0.8415,49.26829268292683,60.40625,0.2327987584066218,61.29032258064516,26.31578947368421,55.0,68.2051282051282,51.794871794871796,29.74358974358974,47.247706422018354,75.68807339449542,53.486238532110086,30.022935779816514,47.30769230769231,34.87179487179487,,49.64784756527875
37581526,Domagoj Bukvic,Osijek,Attacker,22.0,Croatia,34.0,1923.0,0.0,0.0,39.0,10.0,614.0,77.85,61.0,23.0,276.0,128.0,2.0,0.0,6.75,79.0,44.0,26.0,12.0,83.0,18.0,45.0,19.0,31.0,12.0,30.0,0.0,0.0,26.0,14.0,0.0,0.0,0.0,1.825273010920437,0.4680187207488299,28.73634945397816,2.854914196567863,1.076443057722309,0.093603744149766,3.6973478939157567,2.059282371294852,1.216848673946958,0.5616224648985959,3.884555382215289,0.8424336973478939,2.1060842433697347,0.8892355694227769,1.4508580343213728,0.5616224648985959,1.4040561622464898,0.0,1.216848673946958,41.1764705882353,25.64102564102564,0.0,0.7785,46.3768115942029,56.55882352941177,0.0,55.69620253164557,21.686746987951807,42.22222222222222,12.962962962962962,56.17283950617284,90.12345679012346,73.39449541284404,63.76146788990826,53.211009174311926,51.1467889908257,66.2037037037037,83.9506172839506,,55.117227319062174
21072869,Kristijan Pavicic,Vukovar,Defender,27.0,Croatia,24.0,1903.0,0.0,0.0,6.0,1.0,639.0,74.8,41.0,45.0,154.0,82.0,5.0,0.0,6.62,6.0,2.0,14.0,16.0,40.0,9.0,119.0,37.0,4.0,24.0,134.0,0.0,0.0,40.0,2.0,0.0,0.0,0.0,0.2837624802942722,0.047293746715712,30.22070415133999,1.9390436153441932,2.128218602207041,0.2364687335785601,0.2837624802942722,0.094587493431424,0.6621124540199684,0.7566999474513926,1.8917498686284813,0.4256437204414083,5.627955859169732,1.7498686284813452,0.1891749868628481,1.1350499211770888,6.337362059905413,0.0,1.8917498686284813,8.333333333333334,16.666666666666668,0.0,0.748,53.24675324675325,79.29166666666667,0.0,33.333333333333336,22.5,31.09243697478992,31.707317073170728,15.24390243902439,67.47967479674797,33.48623853211009,22.93577981651376,40.36697247706422,71.99541284403671,27.28658536585366,42.88617886178862,,37.677892145893935
37555802,Toni Silic,Hajduk Split,Goalkeeper,22.0,Croatia,21.0,1890.0,0.0,0.0,1.0,0.0,580.0,73.79,2.0,0.0,14.0,10.0,1.0,0.0,6.93,1.0,1.0,3.0,3.0,0.0,0.0,240.0,93.0,0.0,3.0,9.0,55.0,31.0,20.0,6.0,0.0,0.0,0.0,0.0476190476190476,0.0,27.61904761904762,0.0952380952380952,0.0,0.0476190476190476,0.0476190476190476,0.0476190476190476,0.1428571428571428,0.1428571428571428,0.0,0.0,11.428571428571429,4.428571428571429,0.0,0.1428571428571428,0.4285714285714285,2.619047619047619,0.9523809523809524,28.571428571428573,0.0,0.0,0.7379000000000001,71.42857142857143,90.0,0.0,100.0,0.0,38.75,52.94117647058824,60.7843137254902,45.09803921568627,85.77981651376146,37.69113149847095,32.61467889908257,22.54587155963303,48.529411764705884,49.75490196078431,61.17647058823529,56.225040474905555
37542102,Marino Bulat,Vukovar,Goalkeeper,27.0,Croatia,21.0,1890.0,0.0,0.0,0.0,0.0,498.0,51.0,0.0,0.0,4.0,3.0,2.0,0.0,6.77,0.0,0.0,1.0,0.0,0.0,0.0,340.0,98.0,0.0,3.0,26.0,74.0,55.0,40.0,2.0,0.0,0.0,0.0,0.0,0.0,23.714285714285715,0.0,0.0,0.0952380952380952,0.0,0.0,0.0476190476190476,0.0,0.0,0.0,16.19047619047619,4.666666666666667,0.0,0.1428571428571428,1.238095238095238,3.523809523809524,1.9047619047619049,9.523809523809524,0.0,0.0,0.51,75.0,90.0,0.0,0.0,0.0,28.823529411764707,52.94117647058824,23.52941176470588,31.372549019607842,72.93577981651376,3.287461773700306,25.825688073394495,27.408256880733948,56.61764705882352,31.127450980392155,30.588235294117645,39.64651915812196
62670,Ljuban Crepulja,Slaven Koprivnica,Midfielder,32.0,Croatia,29.0,1841.0,3.0,5.0,14.0,6.0,1336.0,89.6,36.0,11.0,142.0,77.0,1.0,0.0,7.05,17.0,10.0,29.0,10.0,89.0,26.0,132.0,89.0,36.0,22.0,28.0,0.0,0.0,41.0,6.0,0.0,0.1466594242259641,0.2444323737099402,0.6844106463878327,0.2933188484519283,65.31233025529603,1.75991309071157,0.5377512221618685,0.048886474741988,0.8310700706137969,0.4888647474198805,1.4177077675176537,0.4888647474198805,4.350896252036937,1.2710483432916893,6.453014665942423,4.350896252036937,1.75991309071157,1.075502444323737,1.368821292775665,0.0,2.00434546442151,20.689655172413797,42.85714285714285,21.428571428571427,0.8959999999999999,54.225352112676056,63.48275862068966,0.3910917979359044,58.8235294117647,29.21348314606741,67.42424242424242,72.82051282051282,95.3846153846154,51.794871794871796,85.3211009174312,48.01223241590214,93.02752293577983,49.633027522935784,76.92307692307693,72.62820512820514,,74.53211009174312
32636,Ante Rebić,Hajduk Split,Attacker,32.0,Croatia,26.0,1828.0,7.0,5.0,48.0,23.0,500.0,61.4,34.0,13.0,272.0,122.0,6.0,0.0,7.02,78.0,38.0,13.0,28.0,70.0,16.0,26.0,13.0,30.0,25.0,14.0,0.0,0.0,20.0,10.0,0.0,0.3446389496717724,0.2461706783369803,2.363238512035011,1.1323851203501094,24.61706783369803,1.673960612691466,0.6400437636761488,0.2954048140043763,3.840262582056893,1.8708971553610505,0.6400437636761488,1.3785557986870898,3.446389496717724,0.787746170678337,1.2800875273522976,0.6400437636761488,1.4770240700218815,1.2308533916849016,0.6892778993435449,0.0,0.9846827133479212,38.46153846153846,47.91666666666666,14.583333333333334,0.614,44.85294117647059,70.3076923076923,0.5908096280087527,48.71794871794872,22.857142857142858,50.0,75.92592592592594,52.46913580246913,67.90123456790123,19.724770642201833,70.9480122324159,40.91743119266055,34.059633027522935,77.31481481481481,60.3395061728395,,60.86136595310907
37616075,Antonio Mauric,Istra 1961,Midfielder,22.0,Croatia,29.0,1825.0,2.0,0.0,21.0,4.0,826.0,87.41,28.0,21.0,140.0,74.0,5.0,0.0,6.79,29.0,15.0,17.0,25.0,14.0,2.0,48.0,27.0,18.0,8.0,20.0,0.0,0.0,25.0,6.0,0.0,0.0986301369863013,0.0,1.0356164383561643,0.1972602739726027,40.73424657534247,1.3808219178082193,1.0356164383561643,0.2465753424657534,1.4301369863013698,0.7397260273972602,0.8383561643835616,1.2328767123287672,0.6904109589041096,0.0986301369863013,2.367123287671233,1.3315068493150686,0.8876712328767123,0.3945205479452054,0.9863013698630136,0.0,1.2328767123287672,20.689655172413797,19.047619047619047,9.523809523809524,0.8741,52.85714285714285,62.93103448275862,0.0986301369863013,51.72413793103448,14.285714285714286,56.25,49.743589743589745,56.15384615384615,52.82051282051282,32.110091743119256,61.850152905198776,57.43119266055046,39.99999999999999,34.03846153846154,53.717948717948715,,50.82639378969654
1486200,Arbër Hoxha,Dinamo Zagreb,Attacker,27.0,Kosovo,31.0,1818.0,7.0,5.0,54.0,19.0,462.0,83.12,19.0,5.0,245.0,107.0,3.0,0.0,6.97,95.0,49.0,5.0,33.0,50.0,10.0,7.0,5.0,21.0,6.0,5.0,0.0,0.0,16.0,15.0,0.0,0.3465346534653465,0.2475247524752475,2.6732673267326734,0.9405940594059404,22.871287128712872,0.9405940594059404,0.2475247524752475,0.1485148514851485,4.702970297029703,2.4257425742574257,0.2475247524752475,1.6336633663366336,2.4752475247524752,0.495049504950495,0.3465346534653465,0.2475247524752475,1.0396039603960396,0.297029702970297,0.2475247524752475,0.0,0.7920792079207921,48.38709677419355,35.18518518518518,12.962962962962964,0.8312,43.67346938775511,58.64516129032258,0.594059405940594,51.578947368421055,20.0,71.42857142857143,68.51851851851852,80.24691358024693,42.592592592592595,57.798165137614674,79.20489296636084,44.220183486238525,12.477064220183488,60.18518518518518,47.68518518518519,,63.18722392116888
37656051,Vito Caic,Vukovar,Midfielder,21.0,Croatia,25.0,1813.0,1.0,1.0,15.0,2.0,757.0,77.68,28.0,19.0,171.0,86.0,5.0,1.0,6.55,11.0,7.0,17.0,17.0,10.0,2.0,112.0,35.0,9.0,36.0,106.0,0.0,0.0,42.0,3.0,0.0,0.0496414782129067,0.0496414782129067,0.7446221731936018,0.0992829564258135,37.57859900717044,1.38996138996139,0.9431880860452287,0.2978488692774407,0.5460562603419746,0.3474903474903475,0.8439051296194153,0.8439051296194153,0.4964147821290678,0.0992829564258135,5.55984555984556,1.7374517374517375,0.446773303916161,1.7870932156646442,5.261996690568119,0.0,2.0849420849420848,12.0,13.333333333333334,6.666666666666667,0.7768,50.29239766081872,72.52,0.0992829564258135,63.63636363636363,20.0,31.25,29.74358974358974,42.05128205128205,45.64102564102564,19.266055045871553,54.434250764526006,44.31192660550458,60.642201834862384,43.07692307692308,40.32051282051282,,37.157374735356385
37563601,Luka Stojkovic,Dinamo Zagreb,Midfielder,22.0,Croatia,29.0,1812.0,7.0,12.0,72.0,26.0,920.0,84.57,31.0,17.0,215.0,96.0,3.0,2.0,7.23,47.0,16.0,23.0,36.0,109.0,36.0,67.0,45.0,61.0,14.0,8.0,0.0,0.0,16.0,14.0,0.0,0.347682119205298,0.5960264900662252,3.576158940397351,1.2913907284768211,45.6953642384106,1.5397350993377483,0.8443708609271523,0.2483443708609271,2.334437086092715,0.7947019867549668,1.1423841059602649,1.7880794701986755,5.413907284768212,1.7880794701986755,3.327814569536424,2.2350993377483444,3.0298013245033117,0.695364238410596,0.3973509933774834,0.0,0.7947019867549668,48.27586206896552,36.11111111111112,9.72222222222222,0.8456999999999999,44.65116279069768,62.48275862068966,0.9437086092715232,34.04255319148936,33.027522935779814,67.16417910447761,85.12820512820512,81.02564102564102,36.92307692307693,31.65137614678899,56.80428134556575,82.56880733944955,28.784403669724767,74.61538461538461,55.96153846153847,,64.08821453775582
52801,Dario Maresic,Istra 1961,Defender,26.0,Austria,20.0,1798.0,1.0,2.0,7.0,1.0,1267.0,81.69,35.0,20.0,144.0,87.0,7.0,0.0,6.92,5.0,1.0,8.0,24.0,12.0,2.0,252.0,114.0,5.0,28.0,105.0,0.0,0.0,29.0,3.0,0.0,0.050055617352614,0.100111234705228,0.3503893214682981,0.050055617352614,63.42046718576196,1.7519466073414904,1.0011123470522802,0.3503893214682981,0.25027808676307,0.050055617352614,0.4004449388209121,1.2013348164627364,0.6006674082313682,0.100111234705228,12.614015572858731,5.706340378197997,0.25027808676307,1.4015572858731924,5.255839822024472,0.0,1.4516129032258065,15.0,14.285714285714286,14.285714285714286,0.8169,60.41666666666666,89.9,0.150166852057842,20.0,16.666666666666668,45.23809523809524,65.04065040650407,73.57723577235772,57.3170731707317,11.926605504587144,26.299694189602448,63.57798165137615,67.24770642201835,53.65853658536585,63.109756097560975,,59.97314835533676
73913,Ilija Nestorovski,Slaven Koprivnica,Attacker,36.0,Macedonia,24.0,1767.0,6.0,3.0,66.0,21.0,543.0,66.67,11.0,2.0,294.0,136.0,8.0,0.0,7.06,14.0,6.0,4.0,47.0,4.0,1.0,49.0,27.0,17.0,75.0,20.0,0.0,0.0,28.0,5.0,0.0,0.3056027164685908,0.1528013582342954,3.3616298811545,1.069609507640068,27.65704584040747,0.5602716468590832,0.1018675721561969,0.4074702886247878,0.7130730050933786,0.3056027164685908,0.2037351443123939,2.3938879456706283,0.2037351443123939,0.0509337860780984,2.495755517826825,1.3752122241086588,0.865874363327674,3.820033955857385,1.0186757215619695,0.0,1.4261460101867571,20.83333333333333,31.818181818181817,9.090909090909092,0.6667000000000001,46.25850340136054,73.625,0.4584040747028862,42.85714285714285,25.0,55.10204081632653,59.87654320987654,50.925925925925924,31.481481481481477,5.963302752293572,55.81039755351682,31.926605504587155,31.72018348623853,47.22222222222223,43.1712962962963,,43.28151546041454
37561382,Cheikh Mbacke,Lokomotiva Zagreb,Midfielder,26.0,Senegal,21.0,1755.0,1.0,0.0,11.0,2.0,855.0,85.73,25.0,20.0,166.0,92.0,4.0,0.0,6.81,4.0,2.0,8.0,24.0,4.0,0.0,108.0,56.0,3.0,45.0,146.0,0.0,0.0,29.0,3.0,0.0,0.0512820512820512,0.0,0.5641025641025641,0.1025641025641025,43.84615384615385,1.2820512820512822,1.0256410256410255,0.2051282051282051,0.2051282051282051,0.1025641025641025,0.4102564102564102,1.2307692307692308,0.2051282051282051,0.0,5.538461538461538,2.871794871794872,0.1538461538461538,2.3076923076923075,7.487179487179487,0.0,1.4871794871794872,14.285714285714286,18.181818181818183,9.090909090909092,0.8573000000000001,55.42168674698795,83.57142857142857,0.0512820512820512,50.0,0.0,51.851851851851855,36.41025641025641,56.666666666666664,54.87179487179488,41.743119266055054,42.81345565749235,51.8348623853211,69.0137614678899,28.653846153846157,57.24358974358975,,48.55892731122089
129013,Marko Livaja,Hajduk Split,Attacker,32.0,Croatia,26.0,1744.0,9.0,6.0,60.0,28.0,410.0,70.0,7.0,0.0,198.0,89.0,6.0,0.0,7.06,38.0,20.0,6.0,38.0,20.0,6.0,33.0,14.0,34.0,24.0,16.0,0.0,0.0,16.0,10.0,0.0,0.4644495412844037,0.3096330275229357,3.096330275229358,1.444954128440367,21.158256880733944,0.3612385321100917,0.0,0.3096330275229357,1.961009174311927,1.0321100917431192,0.3096330275229357,1.961009174311927,1.0321100917431192,0.3096330275229357,1.7029816513761469,0.7224770642201835,1.7545871559633028,1.238532110091743,0.8256880733944955,0.0,0.8256880733944955,38.46153846153846,46.66666666666666,15.0,0.7,44.94949494949495,67.07692307692308,0.7740825688073394,52.63157894736842,30.0,42.42424242424242,82.71604938271604,56.17283950617284,24.691358024691358,16.513761467889907,76.98776758409787,38.53211009174312,19.174311926605508,79.16666666666667,41.51234567901235,,50.72545022086305
62691,Mario Tičinović,Vukovar,Defender,34.0,Croatia,24.0,1737.0,0.0,3.0,8.0,4.0,594.0,75.08,26.0,20.0,196.0,92.0,3.0,0.0,6.65,26.0,14.0,17.0,26.0,85.0,17.0,99.0,35.0,15.0,27.0,53.0,0.0,0.0,30.0,3.0,0.0,0.0,0.155440414507772,0.4145077720207253,0.2072538860103626,30.77720207253886,1.3471502590673574,1.0362694300518134,0.155440414507772,1.3471502590673574,0.7253886010362695,0.8808290155440415,1.3471502590673574,4.404145077720207,0.8808290155440415,5.129533678756476,1.8134715025906736,0.7772020725388601,1.3989637305699485,2.7461139896373057,0.0,1.5544041450777202,12.5,50.0,0.0,0.7508,46.93877551020408,72.375,0.155440414507772,53.84615384615385,20.0,35.35353535353536,48.78048780487804,37.39837398373984,29.26829268292683,55.5045871559633,65.13761467889908,51.00917431192661,52.270642201834875,68.29268292682926,30.182926829268293,,40.18460505705974
37704799,Adriano Jagusic,Slaven Koprivnica,Midfielder,20.0,Croatia,20.0,1728.0,7.0,4.0,56.0,22.0,733.0,81.17,36.0,15.0,268.0,135.0,0.0,0.0,7.34,78.0,34.0,20.0,52.0,96.0,26.0,60.0,42.0,35.0,14.0,8.0,0.0,0.0,28.0,2.0,0.0,0.3645833333333333,0.2083333333333333,2.9166666666666665,1.1458333333333333,38.177083333333336,1.875,0.78125,0.0,4.0625,1.7708333333333333,1.0416666666666667,2.708333333333333,5.0,1.3541666666666667,3.125,2.1875,1.8229166666666667,0.7291666666666666,0.4166666666666667,0.0,1.4583333333333333,10.0,39.285714285714285,12.5,0.8117,50.37313432835821,86.4,0.5729166666666666,43.58974358974359,27.08333333333333,70.0,88.46153846153845,64.1025641025641,50.769230769230774,93.11926605504587,78.13455657492354,72.93577981651376,40.022935779816514,79.61538461538461,55.769230769230774,,70.31192660550458
37732502,Raul Kumar,Istra 1961,Defender,18.0,Croatia,21.0,1716.0,0.0,0.0,7.0,3.0,1022.0,86.89,17.0,19.0,114.0,54.0,4.0,0.0,6.79,9.0,4.0,8.0,3.0,1.0,0.0,125.0,60.0,2.0,30.0,122.0,0.0,0.0,22.0,3.0,0.0,0.0,0.0,0.3671328671328671,0.1573426573426573,53.6013986013986,0.8916083916083916,0.9965034965034965,0.2097902097902098,0.472027972027972,0.2097902097902098,0.4195804195804196,0.1573426573426573,0.0524475524475524,0.0,6.555944055944056,3.1468531468531467,0.1048951048951049,1.573426573426573,6.398601398601398,0.0,1.1538461538461535,14.285714285714286,42.85714285714285,0.0,0.8689,47.36842105263158,81.71428571428571,0.0,44.44444444444444,0.0,48.0,42.27642276422764,64.43089430894308,19.91869918699187,41.28440366972477,25.993883792048933,56.513761467889914,53.48623853211009,36.4329268292683,41.97154471544715,,42.116245245021254
1525043,Matej Vuk,Varaždin,Attacker,26.0,Croatia,29.0,1699.0,3.0,1.0,31.0,7.0,473.0,72.52,31.0,16.0,212.0,130.0,4.0,0.0,6.85,67.0,40.0,7.0,46.0,47.0,8.0,40.0,14.0,22.0,15.0,14.0,0.0,0.0,29.0,7.0,0.0,0.1589170100058858,0.0529723366686286,1.6421424367274868,0.3708063566804002,25.05591524426133,1.6421424367274868,0.8475573866980577,0.2118893466745144,3.5491465567981164,2.118893466745144,0.3708063566804002,2.436727486756916,2.4896998234255445,0.4237786933490288,2.118893466745144,0.7416127133608005,1.1653914067098292,0.794585050029429,0.7416127133608005,0.0,1.5361977633902295,24.13793103448276,22.580645161290324,9.67741935483871,0.7252,61.320754716981135,58.58620689655172,0.2118893466745144,59.70149253731344,17.02127659574468,35.0,27.469135802469136,49.382716049382715,85.80246913580247,40.825688073394495,89.29663608562691,39.54128440366973,46.949541284403665,66.66666666666667,73.2253086419753,,52.87886510363574
24838179,Luka Skaricic,Varaždin,Defender,24.0,Croatia,23.0,1678.0,3.0,0.0,12.0,4.0,881.0,83.65,30.0,27.0,108.0,66.0,5.0,0.0,6.92,2.0,2.0,4.0,7.0,12.0,2.0,168.0,93.0,5.0,29.0,95.0,0.0,0.0,26.0,7.0,0.0,0.1609058402860548,0.0,0.6436233611442194,0.2145411203814064,47.25268176400477,1.6090584028605484,1.4481525625744935,0.268176400476758,0.1072705601907032,0.1072705601907032,0.2145411203814064,0.3754469606674612,0.6436233611442194,0.1072705601907032,9.01072705601907,4.988081048867699,0.268176400476758,1.555423122765197,5.095351609058403,0.0,1.394517282479142,30.43478260869565,33.333333333333336,25.0,0.8365,61.11111111111112,72.95652173913044,0.1609058402860548,100.0,16.666666666666668,55.35714285714285,92.47967479674797,49.79674796747967,70.73170731707317,27.981651376146786,42.6605504587156,61.46788990825687,72.91284403669725,41.61585365853659,66.92073170731707,,66.70060416200492
134041,Miha Zajc,Dinamo Zagreb,Midfielder,32.0,Slovenia,23.0,1656.0,8.0,7.0,36.0,14.0,799.0,84.98,24.0,14.0,131.0,57.0,2.0,0.0,7.46,34.0,22.0,16.0,7.0,94.0,32.0,51.0,34.0,58.0,6.0,19.0,0.0,0.0,13.0,11.0,0.0,0.4347826086956521,0.3804347826086957,1.9565217391304348,0.7608695652173914,43.42391304347826,1.3043478260869563,0.7608695652173914,0.108695652173913,1.8478260869565215,1.1956521739130437,0.8695652173913043,0.3804347826086957,5.108695652173913,1.7391304347826086,2.7717391304347827,1.8478260869565215,3.152173913043478,0.3260869565217391,1.0326086956521738,0.0,0.7065217391304348,47.82608695652174,38.888888888888886,22.22222222222222,0.8498,43.51145038167939,72.0,0.8152173913043479,64.70588235294117,34.04255319148936,66.66666666666667,95.3846153846154,80.0,29.74358974358974,69.72477064220183,61.620795107033636,80.55045871559633,28.71559633027523,77.6923076923077,51.6025641025641,,68.51093860268172
37598782,Matteo Pérez Vinlöf,Dinamo Zagreb,Defender,20.0,Sweden,25.0,1647.0,0.0,3.0,10.0,3.0,992.0,84.78,33.0,12.0,180.0,105.0,3.0,0.0,6.95,45.0,29.0,6.0,30.0,77.0,23.0,113.0,57.0,21.0,13.0,47.0,0.0,0.0,15.0,9.0,0.0,0.0,0.1639344262295081,0.546448087431694,0.1639344262295081,54.20765027322405,1.8032786885245904,0.6557377049180327,0.1639344262295081,2.459016393442623,1.5846994535519126,0.3278688524590163,1.639344262295082,4.207650273224044,1.2568306010928962,6.174863387978142,3.114754098360656,1.147540983606557,0.7103825136612022,2.568306010928962,0.0,0.819672131147541,36.0,30.0,0.0,0.8478,58.333333333333336,65.88,0.1639344262295081,64.44444444444444,29.87012987012987,50.4424778761062,43.49593495934959,82.92682926829268,45.1219512195122,52.75229357798165,83.94495412844036,81.74311926605506,53.41743119266055,83.84146341463415,62.19512195121951,,56.73864399194451
12393223,Mateo Les,Gorica,Defender,26.0,Croatia,23.0,1639.0,0.0,0.0,2.0,0.0,915.0,91.04,24.0,14.0,129.0,66.0,4.0,0.0,6.54,7.0,3.0,10.0,11.0,3.0,0.0,66.0,28.0,4.0,32.0,71.0,0.0,0.0,30.0,3.0,0.0,0.0,0.0,0.109823062843197,0.0,50.24405125076266,1.317876754118365,0.7687614399023796,0.2196461256863941,0.3843807199511898,0.1647345942647956,0.5491153142159854,0.6040268456375839,0.1647345942647956,0.0,3.624161073825504,1.537522879804759,0.2196461256863941,1.757169005491153,3.898718730933496,0.0,1.647345942647956,13.043478260869565,0.0,0.0,0.9104,51.16279069767442,71.26086956521739,0.0,42.85714285714285,0.0,42.42424242424242,27.235772357723572,64.83739837398373,27.23577235772358,39.449541284403665,29.510703363914374,51.92660550458716,56.05504587155963,24.847560975609756,41.20934959349594,,39.73763705526963
37596447,Filip Cuic,Gorica,Attacker,23.0,Bosnia and Herzegovina,22.0,1635.0,4.0,1.0,49.0,18.0,396.0,67.17,17.0,4.0,238.0,96.0,4.0,0.0,6.83,13.0,6.0,6.0,29.0,11.0,3.0,21.0,14.0,8.0,48.0,23.0,0.0,0.0,29.0,3.0,0.0,0.2201834862385321,0.055045871559633,2.697247706422018,0.9908256880733946,21.79816513761468,0.9357798165137616,0.2201834862385321,0.2201834862385321,0.7155963302752294,0.3302752293577982,0.3302752293577982,1.5963302752293578,0.6055045871559633,0.1651376146788991,1.1559633027522935,0.7706422018348624,0.4403669724770642,2.642201834862385,1.2660550458715596,0.0,1.5963302752293578,13.636363636363637,36.734693877551024,8.16326530612245,0.6717,40.33613445378151,74.31818181818181,0.2752293577981651,46.15384615384615,27.272727272727277,66.66666666666667,48.148148148148145,33.333333333333336,32.098765432098766,37.61467889908256,53.05810397553517,24.128440366972477,32.477064220183486,24.074074074074073,34.33641975308642,,37.83554196398233
75251,Bruno Goda,Dinamo Zagreb,Defender,28.0,Croatia,25.0,1587.0,0.0,2.0,9.0,0.0,874.0,78.95,48.0,24.0,191.0,116.0,2.0,0.0,6.8,28.0,13.0,12.0,21.0,40.0,4.0,101.0,37.0,16.0,36.0,32.0,0.0,0.0,13.0,12.0,0.0,0.0,0.1134215500945179,0.5103969754253308,0.0,49.56521739130435,2.722117202268431,1.3610586011342154,0.1134215500945179,1.5879017013232517,0.7372400756143668,0.6805293005671077,1.1909262759924386,2.268431001890359,0.2268431001890359,5.727788279773157,2.0982986767485823,0.9073724007561436,2.041587901701323,1.8147448015122876,0.0,0.7372400756143668,48.0,0.0,0.0,0.7895,60.73298429319372,63.48,0.1134215500945179,46.42857142857143,10.0,36.63366336633664,27.235772357723572,60.97560975609756,82.92682926829269,69.26605504587155,56.269113149847094,59.357798165137616,79.10550458715596,72.5609756097561,69.51219512195122,,58.26806891922131
67827,Amer Gojak,Rijeka,Midfielder,29.0,Bosnia and Herzegovina,30.0,1585.0,2.0,2.0,30.0,12.0,467.0,76.87,27.0,5.0,157.0,70.0,2.0,0.0,6.73,28.0,14.0,15.0,13.0,61.0,15.0,41.0,17.0,19.0,16.0,15.0,0.0,0.0,14.0,12.0,0.0,0.113564668769716,0.113564668769716,1.7034700315457414,0.6813880126182965,26.517350157728707,1.5331230283911672,0.2839116719242902,0.113564668769716,1.5899053627760251,0.7949526813880127,0.8517350157728707,0.7381703470031545,3.4637223974763405,0.8517350157728707,2.32807570977918,0.9652996845425869,1.0788643533123028,0.9085173501577288,0.8517350157728707,0.0,0.7949526813880127,40.0,40.0,6.666666666666667,0.7687,44.5859872611465,52.833333333333336,0.2271293375394321,50.0,24.59016393442623,41.46341463414634,63.07692307692307,33.84615384615385,22.051282051282055,68.80733944954127,52.14067278287462,47.52293577981651,30.000000000000004,50.00000000000001,22.56410256410257,,42.57304163726182
37582788,Vinko Rozic,Istra 1961,Attacker,22.0,Bosnia and Herzegovina,27.0,1574.0,3.0,1.0,39.0,10.0,407.0,79.36,16.0,7.0,175.0,75.0,6.0,0.0,6.69,53.0,23.0,7.0,17.0,43.0,7.0,12.0,9.0,13.0,19.0,12.0,0.0,0.0,24.0,4.0,0.0,0.1715374841168996,0.0571791613722998,2.229987293519695,0.5717916137229987,23.27191867852605,0.914866581956798,0.4002541296060991,0.3430749682337992,3.0304955527318933,1.3151207115628971,0.4002541296060991,0.972045743329098,2.4587039390088945,0.4002541296060991,0.6861499364675985,0.5146124523506989,0.7433290978398983,1.0864040660736975,0.6861499364675985,0.0,1.372299872935197,14.814814814814817,25.64102564102564,7.6923076923076925,0.7936,42.85714285714285,58.2962962962963,0.2287166454891994,43.39622641509434,16.27906976744186,75.0,33.333333333333336,59.25925925925926,43.20987654320988,12.385321100917437,58.56269113149847,38.07339449541284,20.389908256880737,37.03703703703704,47.0679012345679,,41.97927285083249
74274,Mario Marina,Varaždin,Midfielder,36.0,Bosnia and Herzegovina,28.0,1572.0,1.0,0.0,12.0,2.0,576.0,76.74,60.0,24.0,186.0,109.0,2.0,0.0,6.75,7.0,6.0,13.0,11.0,4.0,1.0,78.0,31.0,3.0,38.0,65.0,0.0,0.0,26.0,8.0,0.0,0.0572519083969465,0.0,0.6870229007633588,0.1145038167938931,32.97709923664122,3.435114503816794,1.3740458015267176,0.1145038167938931,0.4007633587786259,0.3435114503816794,0.7442748091603053,0.6297709923664122,0.2290076335877862,0.0572519083969465,4.465648854961832,1.7748091603053435,0.1717557251908397,2.175572519083969,3.7213740458015274,0.0,1.4885496183206106,28.571428571428573,16.666666666666668,8.333333333333334,0.7674,58.60215053763441,56.142857142857146,0.0572519083969465,85.71428571428571,25.0,39.74358974358975,35.12820512820513,25.384615384615387,93.33333333333333,68.34862385321101,52.905198776758404,36.42201834862385,83.8302752293578,29.03846153846154,60.51282051282051,,52.98870853916725
37356253,Dušan Vuković,Lokomotiva Zagreb,Attacker,23.0,Montenegro,25.0,1571.0,3.0,2.0,32.0,15.0,282.0,60.64,14.0,12.0,228.0,91.0,4.0,0.0,6.6,77.0,28.0,13.0,27.0,28.0,6.0,18.0,9.0,16.0,24.0,13.0,0.0,0.0,24.0,6.0,0.0,0.1718650541056652,0.1145767027371101,1.833227243793762,0.8593252705283259,16.15531508593253,0.8020369191597708,0.6874602164226608,0.2291534054742202,4.411203055378739,1.6040738383195416,0.7447485677912158,1.5467854869509867,1.6040738383195416,0.3437301082113304,1.031190324633991,0.5155951623169955,0.916613621896881,1.3749204328453215,0.7447485677912158,0.0,1.3749204328453215,24.0,46.875,9.375,0.6064,39.91228070175438,62.84,0.2864417568427753,36.36363636363637,21.428571428571427,50.0,43.51851851851851,24.38271604938272,41.04938271604939,35.77981651376146,63.60856269113149,27.431192660550455,25.366972477064223,53.47222222222222,33.25617283950618,,36.26316683656133
37661771,Iker Almena,Hajduk Split,Attacker,22.0,Spain,21.0,1571.0,3.0,2.0,31.0,14.0,542.0,81.18,14.0,6.0,147.0,88.0,1.0,0.0,7.09,62.0,35.0,5.0,38.0,46.0,11.0,26.0,11.0,35.0,2.0,7.0,0.0,0.0,19.0,6.0,0.0,0.1718650541056652,0.1145767027371101,1.7759388924252069,0.8020369191597708,31.05028644175684,0.8020369191597708,0.3437301082113304,0.057288351368555,3.5518777848504137,2.0050922978994272,0.2864417568427753,2.1769573520050924,2.6352641629535327,0.6301718650541057,1.4894971355824316,0.6301718650541057,2.0050922978994272,0.1145767027371101,0.4010184595798854,0.0,1.0884786760025462,28.571428571428573,45.16129032258065,9.67741935483871,0.8118000000000001,59.863945578231295,74.80952380952381,0.2864417568427753,56.45161290322581,23.91304347826087,42.30769230769231,43.20987654320987,78.70370370370371,54.629629629629626,84.40366972477064,85.77981651376147,58.07339449541284,24.862385321100916,74.76851851851852,69.9074074074074,,61.40332993544003
74193,Ivan Mamut,Varaždin,Attacker,29.0,Croatia,25.0,1569.0,9.0,4.0,54.0,22.0,331.0,73.11,7.0,4.0,151.0,66.0,8.0,0.0,7.01,7.0,2.0,3.0,26.0,13.0,2.0,28.0,14.0,26.0,34.0,33.0,0.0,0.0,25.0,4.0,0.0,0.5162523900573613,0.2294455066921606,3.0975143403441683,1.2619502868068833,18.98661567877629,0.401529636711281,0.2294455066921606,0.4588910133843212,0.401529636711281,0.1147227533460803,0.1720841300191204,1.491395793499044,0.745697896749522,0.1147227533460803,1.6061185468451242,0.8030592734225621,1.491395793499044,1.9502868068833648,1.892925430210325,0.0,1.4340344168260035,16.0,40.74074074074074,16.666666666666668,0.7311,43.70860927152318,62.76,0.7456978967495219,28.571428571428573,15.384615384615383,50.0,86.41975308641975,56.172839506172835,31.48148148148148,5.045871559633028,34.09785932721713,35.68807339449542,32.5,58.79629629629629,46.2962962962963,,52.726809378185514
37608777,Daniel Adu-Adjei,Rijeka,Attacker,21.0,England,27.0,1556.0,6.0,3.0,54.0,18.0,141.0,66.67,19.0,7.0,204.0,82.0,1.0,0.0,6.82,11.0,7.0,5.0,26.0,9.0,4.0,3.0,3.0,11.0,32.0,13.0,0.0,0.0,17.0,10.0,0.0,0.3470437017994858,0.1735218508997429,3.1233933161953726,1.0411311053984575,8.155526992287918,1.0989717223650386,0.4048843187660668,0.0578406169665809,0.6362467866323908,0.4048843187660668,0.2892030848329049,1.5038560411311055,0.5205655526992288,0.2313624678663239,0.1735218508997429,0.1735218508997429,0.6362467866323908,1.8508997429305916,0.7519280205655527,0.0,0.9832904884318766,37.03703703703704,33.333333333333336,11.11111111111111,0.6667000000000001,40.19607843137255,57.629629629629626,0.5205655526992288,63.63636363636363,44.44444444444444,100.0,67.5925925925926,26.23456790123457,42.59259259259259,83.94495412844037,65.59633027522936,20.366972477064216,31.399082568807337,25.925925925925924,26.041666666666664,,49.32042133876996
28932717,Renan Guedes,Osijek,Defender,28.0,Brazil,22.0,1553.0,0.0,0.0,8.0,1.0,600.0,77.5,39.0,19.0,194.0,105.0,3.0,0.0,6.65,21.0,5.0,8.0,33.0,54.0,9.0,70.0,17.0,16.0,29.0,54.0,0.0,0.0,30.0,7.0,0.0,0.0,0.0,0.463618802318094,0.0579523502897617,34.77141017385705,2.2601416613007084,1.1010946555054733,0.1738570508692852,1.2169993560849968,0.2897617514488088,0.463618802318094,1.9124275595621376,3.1294269156471346,0.5215711526078558,4.056664520283323,0.9851899549259496,0.927237604636188,1.6806181584030908,3.1294269156471346,0.0,1.7385705086928525,31.818181818181817,12.5,0.0,0.775,54.123711340206185,70.5909090909091,0.0,23.80952380952381,16.666666666666668,24.285714285714285,32.52032520325203,23.983739837398375,60.569105691056905,50.0,43.88379204892966,50.22935779816514,69.70183486238531,44.66463414634146,46.824186991869915,,40.12195121951219
139181,Justas Lasickas,Rijeka,Defender,28.0,Lithuania,29.0,1541.0,0.0,1.0,10.0,2.0,662.0,74.17,36.0,25.0,208.0,107.0,5.0,0.0,6.73,36.0,15.0,11.0,33.0,35.0,15.0,52.0,20.0,23.0,24.0,49.0,0.0,0.0,23.0,11.0,0.0,0.0,0.0584036340038935,0.5840363400389358,0.1168072680077871,38.66320571057755,2.102530824140169,1.4600908500973393,0.2920181700194679,2.102530824140169,0.8760545100584036,0.6424399740428294,1.927319922128488,2.044127190136275,0.8760545100584036,3.0369889682024658,1.1680726800778716,1.3432835820895523,1.4016872160934457,2.861778066190785,0.0,1.3432835820895523,37.93103448275862,20.0,0.0,0.7417,51.44230769230769,53.13793103448276,0.0584036340038935,41.66666666666666,42.85714285714285,38.46153846153846,38.61788617886179,32.926829268292686,65.65040650406503,21.100917431192656,63.83792048929664,56.697247706422026,66.65137614678898,59.451219512195124,51.27032520325203,,43.268628328485114
37553141,Monsef Bakrar,Dinamo Zagreb,Attacker,25.0,Algeria,29.0,1511.0,10.0,4.0,53.0,19.0,365.0,70.96,22.0,15.0,215.0,82.0,6.0,0.0,6.87,52.0,17.0,20.0,17.0,37.0,5.0,10.0,5.0,16.0,26.0,12.0,0.0,0.0,14.0,11.0,0.0,0.5956320317670417,0.2382528127068166,3.156849768365321,1.1317008603573793,21.74056915949702,1.3103904698874915,0.8934480476505625,0.357379219060225,3.097286565188617,1.012574454003971,1.1912640635340834,1.012574454003971,2.2038385175380544,0.2978160158835208,0.5956320317670417,0.2978160158835208,0.9530112508272668,1.5486432825943084,0.71475843812045,0.0,0.8338848444738584,37.93103448275862,35.84905660377358,18.867924528301888,0.7095999999999999,38.13953488372093,52.10344827586207,0.8338848444738584,32.69230769230769,13.513513513513514,50.0,90.12345679012346,56.17283950617284,55.55555555555555,11.0091743119266,49.23547400611621,30.091743119266056,32.15596330275229,50.92592592592593,45.83333333333333,,61.65647298674821
75498,Mario Tadic,Vukovar,Defender,33.0,Croatia,22.0,1509.0,1.0,0.0,15.0,9.0,867.0,77.97,16.0,31.0,141.0,82.0,5.0,3.0,6.67,2.0,2.0,10.0,17.0,11.0,0.0,200.0,82.0,1.0,48.0,105.0,0.0,0.0,30.0,4.0,0.0,0.0596421471172962,0.0,0.8946322067594433,0.536779324055666,51.709741550695824,0.9542743538767396,1.848906560636183,0.4771371769383697,0.1192842942345924,0.1192842942345924,0.5964214711729622,1.013916500994036,0.6560636182902585,0.0,11.928429423459244,4.89065606361829,0.0596421471172962,2.862823061630219,6.262425447316104,0.0,1.7892644135188869,18.181818181818183,60.0,6.666666666666667,0.7797,58.15602836879432,68.5909090909091,0.0596421471172962,100.0,0.0,41.0,84.75609756097562,44.10569105691058,56.91056910569106,3.6697247706422047,54.587155963302756,49.90825688073395,73.53211009174312,37.34756097560975,54.52235772357724,,56.0986797941374
16488582,Ville Koski,Istra 1961,Defender,24.0,Finland,18.0,1506.0,0.0,0.0,2.0,0.0,974.0,88.09,21.0,17.0,110.0,64.0,3.0,0.0,6.85,2.0,2.0,6.0,14.0,0.0,0.0,104.0,44.0,3.0,28.0,119.0,0.0,0.0,22.0,3.0,0.0,0.0,0.0,0.1195219123505976,0.0,58.20717131474104,1.254980079681275,1.0159362549800797,0.1792828685258964,0.1195219123505976,0.1195219123505976,0.3585657370517928,0.8366533864541833,0.0,0.0,6.215139442231076,2.6294820717131477,0.1792828685258964,1.6733067729083666,7.111553784860558,0.0,1.3147410358565736,16.666666666666668,0.0,0.0,0.8809,58.18181818181818,83.66666666666667,0.0,100.0,0.0,42.30769230769231,27.235772357723572,68.4959349593496,44.3089430894309,49.082568807339456,52.14067278287462,57.33944954128441,67.36238532110092,31.859756097560975,55.081300813008134,,46.92045200268517
37570527,Anel Husic,Rijeka,Defender,25.0,Switzerland,19.0,1500.0,1.0,1.0,12.0,2.0,909.0,84.05,36.0,19.0,124.0,57.0,3.0,0.0,6.69,5.0,3.0,4.0,2.0,11.0,1.0,137.0,62.0,7.0,16.0,72.0,0.0,0.0,23.0,6.0,0.0,0.06,0.06,0.72,0.12,54.54,2.16,1.14,0.18,0.3,0.18,0.24,0.12,0.66,0.06,8.22,3.72,0.42,0.96,4.32,0.0,1.38,31.57894736842105,16.666666666666668,8.333333333333334,0.8405,45.96774193548387,78.94736842105263,0.12,60.0,9.090909090909092,45.25547445255474,70.32520325203251,69.71544715447155,47.5609756097561,48.62385321100917,35.16819571865444,62.61467889908257,58.89908256880734,57.012195121951216,60.44207317073171,,61.14287312597896
537274,Oleksandr Petrusenko,Osijek,Midfielder,28.0,Ukraine,24.0,1484.0,0.0,0.0,8.0,3.0,749.0,88.92,50.0,24.0,156.0,78.0,4.0,0.0,6.71,10.0,6.0,15.0,16.0,4.0,0.0,61.0,45.0,10.0,6.0,27.0,0.0,0.0,19.0,11.0,0.0,0.0,0.0,0.4851752021563342,0.1819407008086253,45.4245283018868,3.032345013477089,1.4555256064690028,0.2425876010781671,0.6064690026954178,0.3638814016172507,0.9097035040431268,0.9703504043126684,0.2425876010781671,0.0,3.6994609164420487,2.72911051212938,0.6064690026954178,0.3638814016172507,1.637466307277628,0.0,1.1522911051212938,45.833333333333336,37.5,0.0,0.8892,50.0,61.833333333333336,0.0,60.0,0.0,73.77049180327869,18.974358974358974,62.820512820512825,77.43589743589745,33.027522935779814,55.5045871559633,59.72477064220184,57.064220183486235,32.88461538461539,72.37179487179488,,51.071983062808755
37667333,Kristijan Cabrajic,Vukovar,Defender,22.0,Croatia,20.0,1449.0,0.0,1.0,6.0,0.0,485.0,77.53,32.0,23.0,138.0,72.0,3.0,0.0,6.43,30.0,15.0,22.0,12.0,31.0,5.0,48.0,13.0,12.0,16.0,44.0,0.0,0.0,39.0,2.0,0.0,0.0,0.062111801242236,0.3726708074534161,0.0,30.124223602484477,1.9875776397515528,1.4285714285714286,0.186335403726708,1.8633540372670807,0.9316770186335404,1.3664596273291925,0.7453416149068323,1.9254658385093169,0.3105590062111801,2.981366459627329,0.8074534161490683,0.7453416149068323,0.9937888198757764,2.732919254658385,0.0,2.422360248447205,10.0,0.0,0.0,0.7753,52.17391304347826,72.45,0.062111801242236,50.0,16.129032258064516,27.08333333333333,27.235772357723572,30.487804878048777,63.00813008130081,46.78899082568807,54.74006116207951,41.10091743119267,63.6697247706422,55.48780487804878,44.46138211382114,,40.898411277690755
37512280,Niko Galesic,Dinamo Zagreb,Defender,25.0,Croatia,22.0,1405.0,0.0,0.0,14.0,3.0,962.0,87.01,32.0,16.0,121.0,70.0,1.0,0.0,6.85,13.0,9.0,9.0,8.0,17.0,5.0,94.0,47.0,7.0,21.0,62.0,0.0,0.0,10.0,10.0,0.0,0.0,0.0,0.896797153024911,0.192170818505338,61.62277580071174,2.04982206405694,1.0249110320284698,0.0640569395017793,0.8327402135231317,0.5765124555160143,0.5765124555160143,0.5124555160142349,1.0889679715302492,0.3202846975088968,6.02135231316726,3.0106761565836297,0.4483985765124555,1.3451957295373669,3.97153024911032,0.0,0.6405693950177936,45.45454545454545,21.428571428571427,0.0,0.8701000000000001,57.85123966942149,63.86363636363637,0.0,69.23076923076923,29.41176470588235,50.0,46.34146341463414,68.4959349593496,60.56910569105691,82.56880733944953,54.43425076452599,70.59633027522936,69.31192660550458,52.59146341463414,68.54674796747967,,60.87883195345715
13239047,Mario Mladenovski,Varaždin,Defender,25.0,Macedonia,22.0,1399.0,0.0,1.0,9.0,2.0,696.0,79.6,25.0,25.0,115.0,55.0,5.0,1.0,6.58,2.0,1.0,5.0,4.0,1.0,0.0,156.0,66.0,1.0,27.0,92.0,0.0,0.0,24.0,4.0,0.0,0.0,0.0643316654753395,0.5789849892780558,0.128663330950679,44.77483917083631,1.6082916368834883,1.6082916368834883,0.3859899928520371,0.128663330950679,0.0643316654753395,0.3216583273766976,0.2573266619013581,0.0643316654753395,0.0,10.035739814152969,4.245889921372409,0.0643316654753395,1.7369549678341674,5.918513223731237,0.0,1.543959971408149,18.181818181818183,22.22222222222222,0.0,0.7959999999999999,47.82608695652174,63.59090909090909,0.0643316654753395,50.0,0.0,42.30769230769231,39.83739837398374,50.8130081300813,50.40650406504065,8.715596330275233,26.299694189602445,48.440366972477065,66.53669724770641,44.20731707317073,49.4410569105691,,43.188632803759226
183535,Dejan Petrovic,Rijeka,Midfielder,28.0,Slovenia,20.0,1396.0,1.0,1.0,8.0,1.0,580.0,84.66,16.0,28.0,108.0,46.0,4.0,2.0,6.64,7.0,2.0,12.0,18.0,6.0,2.0,57.0,33.0,7.0,13.0,35.0,0.0,0.0,18.0,6.0,0.0,0.0644699140401146,0.0644699140401146,0.5157593123209169,0.0644699140401146,37.39255014326648,1.0315186246418335,1.805157593123209,0.3868194842406877,0.4512893982808023,0.1289398280802292,0.7736389684813754,1.160458452722063,0.3868194842406877,0.1289398280802292,3.674785100286533,2.127507163323782,0.4512893982808023,0.83810888252149,2.2564469914040117,0.0,1.160458452722063,30.0,12.5,12.5,0.8466,42.5925925925926,69.8,0.1289398280802292,28.571428571428573,33.333333333333336,57.89473684210526,40.256410256410255,55.641025641025635,43.07692307692307,8.256880733944953,29.96941896024465,53.440366972477065,43.39449541284404,32.30769230769231,44.903846153846146,,42.51799576570218
74023,Leonard Žuta,Slaven Koprivnica,Defender,33.0,Macedonia,19.0,1394.0,2.0,1.0,8.0,2.0,552.0,71.2,21.0,7.0,88.0,51.0,2.0,0.0,6.62,4.0,3.0,4.0,3.0,42.0,12.0,106.0,36.0,7.0,25.0,57.0,0.0,0.0,22.0,3.0,0.0,0.1291248206599713,0.0645624103299856,0.5164992826398852,0.1291248206599713,35.63845050215208,1.3558106169296986,0.4519368723098996,0.1291248206599713,0.2582496413199426,0.1936872309899569,0.2582496413199426,0.1936872309899569,2.711621233859397,0.7747489239598279,6.843615494978479,2.3242467718794835,0.4519368723098996,1.6140602582496413,3.6800573888091823,0.0,1.4203730272596844,15.789473684210526,25.0,25.0,0.7120000000000001,57.95454545454545,73.36842105263158,0.1936872309899569,75.0,28.571428571428573,33.9622641509434,81.09756097560977,32.11382113821138,33.333333333333336,64.6788990825688,41.207951070336385,49.54128440366973,56.94954128440367,56.707317073170735,34.19715447154472,,50.431304542403225
37540937,Mateo Lisica,Dinamo Zagreb,Attacker,22.0,Croatia,25.0,1387.0,2.0,8.0,21.0,6.0,507.0,86.59,25.0,9.0,116.0,64.0,1.0,0.0,6.97,28.0,10.0,11.0,19.0,68.0,23.0,23.0,13.0,38.0,12.0,13.0,0.0,0.0,12.0,11.0,0.0,0.129776496034607,0.5191059841384282,1.3626532083633742,0.3893294881038212,32.89834174477289,1.6222062004325883,0.5839942321557318,0.0648882480173035,1.8168709444844988,0.6488824801730353,0.7137707281903388,1.2328767123287672,4.41240086517664,1.4924297043979813,1.4924297043979813,0.8435472242249459,2.4657534246575343,0.7786589762076424,0.8435472242249459,0.0,0.7786589762076424,44.0,28.571428571428573,9.523809523809524,0.8659,55.172413793103445,55.48,0.6488824801730353,35.714285714285715,33.8235294117647,56.52173913043478,26.543209876543205,98.76543209876543,76.5432098765432,82.11009174311927,47.400611620795104,70.00000000000001,42.86697247706422,75.46296296296296,85.49382716049382,,68.76656472986747
37538492,Gabriel Vidovic,Dinamo Zagreb,Attacker,22.0,Croatia,27.0,1380.0,7.0,4.0,38.0,15.0,534.0,86.52,21.0,13.0,157.0,78.0,1.0,0.0,7.0,43.0,19.0,4.0,31.0,10.0,3.0,21.0,15.0,26.0,9.0,5.0,0.0,0.0,10.0,13.0,0.0,0.4565217391304347,0.2608695652173913,2.4782608695652173,0.9782608695652174,34.82608695652174,1.3695652173913044,0.8478260869565217,0.0652173913043478,2.8043478260869565,1.2391304347826086,0.2608695652173913,2.0217391304347827,0.6521739130434783,0.1956521739130435,1.3695652173913044,0.9782608695652174,1.6956521739130437,0.5869565217391305,0.3260869565217391,0.0,0.6521739130434783,48.14814814814815,39.47368421052632,18.42105263157895,0.8652,49.681528662420384,51.11111111111112,0.717391304347826,44.18604651162791,30.0,71.42857142857143,79.62962962962963,96.2962962962963,80.86419753086419,81.65137614678899,71.55963302752293,61.10091743119267,32.8440366972477,76.3888888888889,86.7283950617284,,85.20217465171594
5641028,Hugo Guillamón,Hajduk Split,Midfielder,26.0,Spain,23.0,1377.0,0.0,0.0,11.0,3.0,1066.0,87.34,34.0,24.0,151.0,80.0,4.0,0.0,6.91,5.0,4.0,10.0,27.0,42.0,11.0,96.0,66.0,18.0,16.0,18.0,0.0,0.0,19.0,7.0,0.0,0.0,0.0,0.7189542483660131,0.196078431372549,69.67320261437908,2.2222222222222223,1.568627450980392,0.261437908496732,0.326797385620915,0.261437908496732,0.6535947712418301,1.7647058823529411,2.7450980392156863,0.7189542483660131,6.2745098039215685,4.313725490196078,1.1764705882352942,1.0457516339869282,1.1764705882352942,0.0,1.2418300653594772,30.43478260869565,27.272727272727277,0.0,0.8734000000000001,52.980132450331126,59.869565217391305,0.0,80.0,26.19047619047619,68.75,19.487179487179485,67.94871794871796,76.92307692307692,28.899082568807344,66.74311926605505,85.59633027522936,60.298165137614674,47.50000000000001,80.57692307692307,,52.197600564573044
24838178,Jakov-Anton Vasilj,Lokomotiva Zagreb,Midfielder,24.0,Croatia,25.0,1375.0,2.0,2.0,26.0,9.0,471.0,76.65,14.0,8.0,206.0,90.0,1.0,0.0,6.68,61.0,25.0,10.0,25.0,15.0,2.0,31.0,14.0,22.0,27.0,8.0,0.0,0.0,19.0,5.0,0.0,0.1309090909090909,0.1309090909090909,1.701818181818182,0.5890909090909091,30.829090909090908,0.9163636363636364,0.5236363636363637,0.0654545454545454,3.9927272727272727,1.6363636363636365,0.6545454545454545,1.6363636363636365,0.9818181818181818,0.1309090909090909,2.0290909090909093,0.9163636363636364,1.44,1.767272727272727,0.5236363636363637,0.0,1.2436363636363637,20.0,34.61538461538461,7.6923076923076925,0.7665000000000001,43.68932038834952,55.0,0.2618181818181818,40.98360655737705,13.333333333333334,45.16129032258065,63.58974358974359,40.51282051282052,17.948717948717952,81.19266055045871,68.34862385321101,44.862385321100916,30.52752293577982,65.76923076923077,24.35897435897436,,44.73465067043049
37535538,Luka Dajcer,Lokomotiva Zagreb,Defender,25.0,Croatia,23.0,1371.0,0.0,0.0,9.0,2.0,787.0,80.94,14.0,19.0,123.0,63.0,4.0,0.0,6.57,18.0,9.0,3.0,10.0,12.0,5.0,108.0,44.0,5.0,31.0,56.0,0.0,0.0,22.0,4.0,0.0,0.0,0.0,0.5908096280087527,0.1312910284463894,51.66301969365427,0.9190371991247264,1.2472647702407005,0.2625820568927789,1.1816192560175054,0.5908096280087527,0.1969365426695842,0.6564551422319475,0.787746170678337,0.3282275711159737,7.089715536105033,2.888402625820569,0.3282275711159737,2.035010940919037,3.676148796498906,0.0,1.4442013129102844,17.391304347826086,22.22222222222222,0.0,0.8094,51.21951219512195,59.60869565217392,0.0,50.0,41.66666666666666,40.74074074074074,40.65040650406504,50.20325203252033,35.36585365853659,28.440366972477065,47.24770642201835,62.20183486238532,58.71559633027523,55.640243902439025,47.713414634146346,,40.709890355784296
23277919,Kerim Çalhanoğlu,Vukovar,Defender,23.0,Germany,22.0,1350.0,1.0,2.0,12.0,4.0,482.0,67.01,33.0,19.0,132.0,65.0,2.0,0.0,6.73,21.0,11.0,19.0,5.0,87.0,17.0,89.0,21.0,16.0,18.0,66.0,0.0,0.0,26.0,3.0,0.0,0.0666666666666666,0.1333333333333333,0.8,0.2666666666666666,32.13333333333333,2.2,1.2666666666666666,0.1333333333333333,1.4,0.7333333333333333,1.2666666666666666,0.3333333333333333,5.8,1.1333333333333333,5.933333333333334,1.4,1.0666666666666669,1.2,4.4,0.0,1.7333333333333334,13.636363636363637,33.333333333333336,8.333333333333334,0.6701,49.24242424242424,61.36363636363637,0.2,52.38095238095238,19.54022988505747,23.59550561797753,84.95934959349593,32.113821138211385,56.5040650406504,62.84403669724771,46.94189602446483,49.08256880733945,65.75688073394497,75.91463414634147,42.886178861788615,,58.357574401432075
73976,Ivica Ivusic,Hajduk Split,Goalkeeper,31.0,Croatia,15.0,1350.0,0.0,0.0,0.0,0.0,410.0,74.88,1.0,1.0,4.0,4.0,1.0,0.0,6.72,1.0,1.0,0.0,2.0,0.0,0.0,192.0,90.0,0.0,1.0,13.0,21.0,15.0,16.0,8.0,0.0,0.0,0.0,0.0,0.0,27.33333333333333,0.0666666666666666,0.0666666666666666,0.0666666666666666,0.0666666666666666,0.0666666666666666,0.0,0.1333333333333333,0.0,0.0,12.8,6.0,0.0,0.0666666666666666,0.8666666666666667,1.4,1.0666666666666669,53.333333333333336,0.0,0.0,0.7487999999999999,100.0,90.0,0.0,100.0,0.0,46.875,52.94117647058824,62.74509803921569,82.3529411764706,80.73394495412845,38.07339449541285,34.72477064220184,26.926605504587155,57.35294117647058,75.73529411764706,60.0,67.48515920129519
37325018,Emin Hasic,Osijek,Defender,23.0,Sweden,20.0,1336.0,0.0,1.0,2.0,1.0,809.0,89.86,19.0,17.0,111.0,57.0,5.0,0.0,6.64,5.0,3.0,8.0,12.0,3.0,1.0,80.0,40.0,8.0,25.0,68.0,0.0,0.0,20.0,8.0,0.0,0.0,0.0673652694610778,0.1347305389221557,0.0673652694610778,54.49850299401198,1.279940119760479,1.1452095808383234,0.3368263473053892,0.3368263473053892,0.2020958083832335,0.5389221556886228,0.8083832335329342,0.2020958083832335,0.0673652694610778,5.389221556886228,2.694610778443114,0.5389221556886228,1.684131736526946,4.580838323353293,0.0,1.347305389221557,40.0,50.0,0.0,0.8986,51.35135135135136,66.8,0.0673652694610778,60.0,33.333333333333336,50.0,33.33333333333333,80.48780487804878,37.804878048780495,13.761467889908246,48.31804281345566,65.5045871559633,59.81651376146788,50.91463414634146,57.16463414634147,,46.8639516670396
34398,Roberto Puncec,Varaždin,Defender,34.0,Croatia,20.0,1332.0,0.0,0.0,0.0,0.0,508.0,86.22,20.0,22.0,103.0,55.0,6.0,0.0,6.72,0.0,0.0,6.0,6.0,0.0,0.0,68.0,27.0,1.0,29.0,88.0,0.0,0.0,13.0,6.0,0.0,0.0,0.0,0.0,0.0,34.32432432432432,1.351351351351351,1.4864864864864864,0.4054054054054054,0.0,0.0,0.4054054054054054,0.4054054054054054,0.0,0.0,4.594594594594595,1.8243243243243243,0.0675675675675675,1.9594594594594597,5.945945945945946,0.0,0.8783783783783784,30.0,0.0,0.0,0.8622,53.398058252427184,66.6,0.0,0.0,0.0,39.70588235294117,27.235772357723572,42.07317073170732,53.861788617886184,6.88073394495413,9.174311926605505,42.56880733944955,69.70183486238531,16.615853658536587,44.91869918699187,,37.639292906690535
37697289,Salim Fago Lawal,Istra 1961,Attacker,23.0,Nigeria,17.0,1328.0,5.0,2.0,31.0,11.0,264.0,71.21,16.0,5.0,200.0,76.0,0.0,0.0,6.86,50.0,18.0,12.0,22.0,40.0,8.0,8.0,5.0,8.0,21.0,20.0,0.0,0.0,18.0,3.0,0.0,0.338855421686747,0.1355421686746988,2.1009036144578315,0.7454819277108434,17.89156626506024,1.0843373493975903,0.338855421686747,0.0,3.38855421686747,1.2198795180722892,0.8132530120481928,1.4909638554216869,2.710843373493976,0.5421686746987951,0.5421686746987951,0.338855421686747,0.5421686746987951,1.4231927710843373,1.355421686746988,0.0,1.2198795180722892,17.647058823529413,35.483870967741936,16.129032258064516,0.7121,38.0,78.11764705882354,0.4743975903614458,36.0,20.0,62.5,66.04938271604938,41.358024691358025,32.098765432098766,93.11926605504587,59.63302752293578,27.798165137614678,31.811926605504585,36.574074074074076,28.086419753086417,,51.163778457356436
133342,Lamine Ba,Varaždin,Defender,28.0,Mauritania,15.0,1311.0,0.0,0.0,5.0,3.0,648.0,85.34,19.0,22.0,102.0,52.0,4.0,0.0,6.83,10.0,8.0,3.0,6.0,1.0,0.0,83.0,34.0,2.0,20.0,89.0,0.0,0.0,20.0,3.0,0.0,0.0,0.0,0.3432494279176201,0.205949656750572,44.48512585812357,1.3043478260869563,1.5102974828375286,0.2745995423340961,0.6864988558352403,0.5491990846681922,0.205949656750572,0.4118993135011441,0.068649885583524,0.0,5.697940503432494,2.334096109839817,0.137299771167048,1.3729977116704806,6.109839816933638,0.0,1.3729977116704806,20.0,60.0,0.0,0.8534,50.98039215686274,87.4,0.0,80.0,0.0,40.963855421686745,48.3739837398374,50.60975609756097,48.3739837398374,25.68807339449542,53.59327217125382,48.899082568807344,63.66972477064219,40.09146341463414,48.42479674796748,,46.77612441262027
37601089,Mohamed Nasraoui,Istra 1961,Defender,23.0,Tunisia,19.0,1307.0,0.0,1.0,5.0,0.0,593.0,80.78,39.0,36.0,146.0,97.0,4.0,0.0,6.95,11.0,8.0,8.0,13.0,12.0,2.0,75.0,31.0,7.0,41.0,77.0,0.0,0.0,19.0,2.0,0.0,0.0,0.0688599846977811,0.3442999234889058,0.0,40.83397092578424,2.685539403213466,2.4789594491201226,0.2754399387911247,0.7574598316755929,0.5508798775822494,0.5508798775822494,0.8951798010711554,0.8263198163733741,0.1377199693955623,5.164498852333589,2.1346595256312164,0.4820198928844682,2.8232593726090283,5.30221882172915,0.0,1.3083397092578424,10.526315789473683,0.0,0.0,0.8078,66.43835616438356,68.78947368421052,0.0688599846977811,72.72727272727273,16.666666666666668,41.333333333333336,27.235772357723572,50.0,96.34146341463413,25.22935779816514,61.08562691131499,51.8348623853211,89.83944954128441,57.01219512195122,71.34146341463415,,54.59610651152382
37596437,Roko Brajkovic,Hajduk Split,Attacker,21.0,Croatia,21.0,1300.0,3.0,3.0,25.0,13.0,420.0,80.24,25.0,3.0,167.0,71.0,2.0,0.0,6.87,38.0,17.0,21.0,17.0,79.0,20.0,27.0,12.0,26.0,13.0,15.0,0.0,0.0,14.0,7.0,0.0,0.2076923076923077,0.2076923076923077,1.7307692307692308,0.9,29.07692307692308,1.7307692307692308,0.2076923076923077,0.1384615384615384,2.6307692307692307,1.176923076923077,1.4538461538461538,1.176923076923077,5.469230769230769,1.3846153846153846,1.8692307692307693,0.8307692307692308,1.8,0.9,1.0384615384615383,0.0,0.9692307692307692,33.333333333333336,52.0,12.0,0.8024,42.51497005988024,61.90476190476191,0.4153846153846154,44.73684210526316,25.31645569620253,44.44444444444444,52.77777777777778,82.71604938271605,45.67901234567901,61.00917431192661,61.162079510703364,59.63302752293578,30.98623853211009,78.24074074074075,65.66358024691358,,60.45276928304451
37550498,Ron Raci,Hajduk Split,Defender,23.0,Kosovo,18.0,1300.0,0.0,0.0,11.0,0.0,751.0,91.34,34.0,18.0,125.0,70.0,4.0,0.0,6.84,15.0,13.0,15.0,11.0,2.0,1.0,84.0,49.0,3.0,14.0,60.0,0.0,0.0,13.0,9.0,0.0,0.0,0.0,0.7615384615384615,0.0,51.99230769230769,2.353846153846154,1.2461538461538462,0.2769230769230769,1.0384615384615383,0.9,1.0384615384615383,0.7615384615384615,0.1384615384615384,0.0692307692307692,5.815384615384615,3.392307692307692,0.2076923076923077,0.9692307692307692,4.153846153846154,0.0,0.9,50.0,0.0,0.0,0.9134,56.0,72.22222222222223,0.0,86.66666666666667,50.0,58.333333333333336,27.235772357723572,67.6829268292683,68.29268292682927,24.082568807339456,66.66666666666667,64.03669724770643,68.13073394495413,48.62804878048781,69.8170731707317,,51.37167151488028
37915521,Branimir Mlacic,Hajduk Split,Defender,19.0,,15.0,1284.0,0.0,1.0,5.0,1.0,771.0,91.96,17.0,12.0,104.0,61.0,2.0,0.0,6.9,5.0,3.0,5.0,6.0,0.0,0.0,47.0,18.0,4.0,35.0,75.0,0.0,0.0,15.0,6.0,0.0,0.0,0.0700934579439252,0.3504672897196261,0.0700934579439252,54.04205607476636,1.191588785046729,0.8411214953271028,0.1401869158878504,0.3504672897196261,0.2102803738317757,0.3504672897196261,0.4205607476635514,0.0,0.0,3.294392523364486,1.2616822429906542,0.2803738317757009,2.453271028037383,5.257009345794392,0.0,1.0514018691588785,40.0,20.0,0.0,0.9196,58.65384615384615,85.6,0.0700934579439252,60.0,0.0,38.297872340425535,33.73983739837398,82.72357723577237,39.02439024390244,60.091743119266056,41.59021406727829,52.79816513761468,67.36238532110092,38.41463414634146,49.161585365853654,,52.655515775341236
37571435,Ante Suto,Slaven Koprivnica,Attacker,26.0,Australia,18.0,1260.0,4.0,6.0,24.0,9.0,222.0,69.82,31.0,8.0,198.0,80.0,5.0,0.0,6.85,26.0,9.0,11.0,18.0,15.0,2.0,16.0,8.0,18.0,24.0,9.0,0.0,0.0,22.0,2.0,0.0,0.2857142857142857,0.4285714285714285,1.7142857142857142,0.6428571428571429,15.857142857142858,2.2142857142857144,0.5714285714285714,0.3571428571428571,1.8571428571428568,0.6428571428571429,0.7857142857142857,1.2857142857142858,1.0714285714285714,0.1428571428571428,1.1428571428571428,0.5714285714285714,1.2857142857142858,1.7142857142857142,0.6428571428571429,0.0,1.5714285714285714,11.11111111111111,37.5,16.666666666666668,0.6981999999999999,40.4040404040404,70.0,0.7142857142857142,34.61538461538461,13.333333333333334,50.0,59.87654320987654,48.148148148148145,62.34567901234567,11.467889908256879,47.706422018348626,30.229357798165136,38.417431192660544,61.574074074074076,52.00617283950616,,52.25790010193679
73721,Dominik Livakovic,Dinamo Zagreb,Goalkeeper,31.0,Croatia,14.0,1260.0,0.0,0.0,0.0,0.0,398.0,81.41,0.0,0.0,4.0,4.0,0.0,0.0,6.78,1.0,1.0,0.0,3.0,0.0,0.0,130.0,61.0,0.0,1.0,6.0,21.0,16.0,10.0,7.0,0.0,0.0,0.0,0.0,0.0,28.428571428571427,0.0,0.0,0.0,0.0714285714285714,0.0714285714285714,0.0,0.2142857142857142,0.0,0.0,9.285714285714286,4.357142857142857,0.0,0.0714285714285714,0.4285714285714285,1.5,0.7142857142857143,50.0,0.0,0.0,0.8140999999999999,100.0,90.0,0.0,100.0,0.0,46.92307692307692,52.94117647058824,72.54901960784314,50.0,93.11926605504587,39.908256880733944,40.87155963302752,22.316513761467892,48.529411764705884,55.147058823529406,65.88235294117648,61.958985429033994
460601,Vladan Bubanja,Osijek,Midfielder,27.0,Montenegro,17.0,1256.0,2.0,0.0,17.0,6.0,508.0,72.64,39.0,24.0,208.0,99.0,4.0,0.0,6.81,17.0,7.0,20.0,2.0,14.0,2.0,47.0,14.0,8.0,51.0,34.0,0.0,0.0,18.0,8.0,0.0,0.143312101910828,0.0,1.2181528662420382,0.4299363057324841,36.40127388535032,2.7945859872611467,1.7197452229299364,0.286624203821656,1.2181528662420382,0.5015923566878981,1.4331210191082802,0.143312101910828,1.0031847133757965,0.143312101910828,3.3678343949044587,1.0031847133757965,0.5732484076433121,3.6544585987261136,2.4363057324840764,0.0,1.2898089171974525,47.05882352941177,35.294117647058826,11.764705882352942,0.7264,47.59615384615385,73.88235294117646,0.143312101910828,41.1764705882353,14.285714285714286,29.78723404255319,67.17948717948718,23.84615384615385,74.87179487179488,22.018348623853214,30.42813455657492,38.25688073394495,74.26605504587154,31.730769230769234,48.01282051282051,,51.97106563161609
412433,Bruno Bogojevic,Gorica,Attacker,28.0,Croatia,16.0,1255.0,4.0,3.0,23.0,14.0,239.0,70.71,13.0,11.0,122.0,52.0,2.0,0.0,6.89,39.0,14.0,11.0,13.0,22.0,8.0,22.0,6.0,16.0,12.0,21.0,0.0,0.0,15.0,6.0,0.0,0.2868525896414343,0.2151394422310757,1.649402390438247,1.00398406374502,17.139442231075698,0.9322709163346612,0.7888446215139442,0.1434262948207171,2.796812749003984,1.00398406374502,0.7888446215139442,0.9322709163346612,1.5776892430278884,0.5737051792828686,1.5776892430278884,0.4302788844621514,1.1474103585657371,0.8605577689243028,1.50597609561753,0.0,1.0756972111553784,37.5,60.869565217391305,17.391304347826086,0.7071,42.62295081967213,78.4375,0.50199203187251,35.8974358974359,36.36363636363637,27.272727272727277,71.60493827160494,45.67901234567901,54.93827160493828,58.715596330275226,49.84709480122324,34.49541284403669,32.798165137614674,64.35185185185185,45.293209876543216,,57.538226299694195
34481476,Roko Jurisic,Osijek,Defender,24.0,Croatia,19.0,1229.0,0.0,2.0,7.0,3.0,679.0,84.68,26.0,12.0,110.0,67.0,3.0,0.0,6.77,17.0,8.0,7.0,16.0,21.0,0.0,50.0,20.0,10.0,19.0,38.0,0.0,0.0,16.0,8.0,0.0,0.0,0.146460537021969,0.5126118795768918,0.2196908055329536,49.7233523189585,1.903986981285598,0.8787632221318145,0.2196908055329536,1.2449145646867372,0.5858421480878763,0.5126118795768918,1.1716842961757523,1.5378356387306753,0.0,3.661513425549227,1.4646053702196908,0.7323026851098454,1.3913751017087064,2.7827502034174127,0.0,1.1716842961757523,42.10526315789474,42.85714285714285,0.0,0.8468000000000001,60.90909090909091,64.6842105263158,0.146460537021969,47.05882352941177,0.0,40.0,51.21951219512194,76.01626016260163,57.3170731707317,38.99082568807339,53.44036697247706,52.88990825688072,64.28899082568806,60.670731707317074,57.3170731707317,,59.26493622734392
74016,Alen Jurilj,Vukovar,Attacker,30.0,Bosnia and Herzegovina,20.0,1222.0,2.0,1.0,11.0,6.0,223.0,65.92,10.0,5.0,98.0,44.0,3.0,0.0,6.64,22.0,11.0,4.0,13.0,32.0,9.0,20.0,7.0,13.0,10.0,10.0,0.0,0.0,23.0,3.0,0.0,0.1472995090016366,0.0736497545008183,0.8101472995090017,0.44189852700491,16.42389525368249,0.7364975450081833,0.3682487725040916,0.220949263502455,1.620294599018003,0.8101472995090017,0.2945990180032733,0.9574468085106383,2.3567921440261865,0.662847790507365,1.4729950900163666,0.5155482815057283,0.9574468085106383,0.7364975450081833,0.7364975450081833,0.0,1.6939443535188217,15.0,54.54545454545455,18.181818181818183,0.6592,44.89795918367347,61.1,0.2209492635024549,50.0,28.125,35.0,44.75308641975309,24.074074074074076,42.592592592592595,37.15596330275229,56.88073394495413,32.38532110091743,18.876146788990823,47.22222222222222,36.574074074074076,,37.141522256201156
37745418,Luka Vrzic,Gorica,Attacker,19.0,,29.0,1209.0,1.0,0.0,27.0,8.0,390.0,75.9,29.0,11.0,136.0,60.0,2.0,0.0,6.65,35.0,14.0,17.0,14.0,30.0,7.0,34.0,15.0,17.0,5.0,21.0,0.0,0.0,23.0,6.0,0.0,0.0744416873449131,0.0,2.009925558312655,0.5955334987593052,29.032258064516128,2.1588089330024816,0.8188585607940446,0.1488833746898263,2.60545905707196,1.0421836228287842,1.2655086848635235,1.0421836228287842,2.2332506203473947,0.5210918114143921,2.531017369727047,1.1166253101736974,1.2655086848635235,0.3722084367245657,1.5632754342431765,0.0,1.7121588089330024,20.689655172413797,29.62962962962963,3.703703703703704,0.759,44.11764705882353,41.689655172413794,0.0744416873449131,40.0,23.33333333333333,44.11764705882353,23.456790123456788,54.93827160493827,77.1604938271605,57.3394495412844,54.587155963302756,48.71559633027523,41.353211009174316,58.79629629629629,77.00617283950618,,52.40061162079511
37571660,Simun Mikolcic,Osijek,Midfielder,22.0,Croatia,27.0,1208.0,3.0,2.0,23.0,5.0,416.0,78.37,13.0,13.0,108.0,52.0,4.0,0.0,6.73,14.0,9.0,8.0,24.0,40.0,8.0,60.0,32.0,15.0,8.0,16.0,0.0,0.0,18.0,12.0,0.0,0.2235099337748344,0.1490066225165563,1.7135761589403973,0.3725165562913907,30.99337748344371,0.968543046357616,0.968543046357616,0.2980132450331126,1.043046357615894,0.6705298013245033,0.5960264900662252,1.7880794701986755,2.980132450331126,0.5960264900662252,4.470198675496689,2.384105960264901,1.1175496688741722,0.5960264900662252,1.1920529801324504,0.0,1.3410596026490067,44.44444444444444,21.73913043478261,13.043478260869565,0.7837000000000001,48.14814814814815,44.74074074074074,0.3725165562913907,64.28571428571429,20.0,53.333333333333336,71.79487179487178,45.64102564102564,34.35897435897436,18.80733944954129,74.92354740061161,58.80733944954129,32.95871559633028,63.07692307692308,39.1025641025641,,47.41919548341566
37550997,Moreno Zivkovic,Vukovar,Defender,22.0,Croatia,14.0,1199.0,0.0,1.0,1.0,0.0,483.0,84.27,21.0,19.0,110.0,65.0,4.0,0.0,6.5,9.0,5.0,4.0,24.0,3.0,2.0,46.0,15.0,1.0,17.0,56.0,0.0,0.0,28.0,2.0,0.0,0.0,0.0750625521267723,0.0750625521267723,0.0,36.25521267723103,1.5763135946622184,1.426188490408674,0.3002502085070892,0.6755629691409508,0.3753127606338615,0.3002502085070892,1.8015012510425357,0.2251876563803169,0.1501251042535446,3.4528773978315264,1.1259382819015846,0.0750625521267723,1.2760633861551294,4.2035029190992494,0.0,2.1017514595496247,14.285714285714286,0.0,0.0,0.8427,59.09090909090909,85.64285714285714,0.0750625521267723,55.55555555555556,66.66666666666667,32.608695652173914,27.235772357723572,54.47154471544716,65.85365853658537,17.889908256880744,64.6788990825688,44.03669724770642,67.72935779816513,37.804878048780495,47.40853658536585,,46.0572835086149
74071,Ivan Nevistic,Dinamo Zagreb,Goalkeeper,27.0,Croatia,13.0,1170.0,0.0,0.0,0.0,0.0,391.0,72.89,0.0,0.0,4.0,3.0,0.0,0.0,6.73,1.0,1.0,0.0,1.0,0.0,0.0,152.0,49.0,0.0,1.0,7.0,28.0,15.0,12.0,5.0,0.0,0.0,0.0,0.0,0.0,30.07692307692308,0.0,0.0,0.0,0.0769230769230769,0.0769230769230769,0.0,0.0769230769230769,0.0,0.0,11.692307692307692,3.769230769230769,0.0,0.0769230769230769,0.5384615384615384,2.1538461538461537,0.9230769230769232,38.46153846153846,0.0,0.0,0.7289,75.0,90.0,0.0,100.0,0.0,32.23684210526316,52.94117647058824,72.54901960784314,31.372549019607842,93.11926605504587,37.46177370030581,32.70642201834862,21.857798165137616,54.41176470588235,42.8921568627451,58.82352941176471,56.37075013491634
24837955,Styopa Mkrtchyan,Osijek,Defender,23.0,Armenia,17.0,1167.0,0.0,1.0,3.0,0.0,657.0,83.71,17.0,10.0,127.0,70.0,3.0,0.0,6.77,4.0,4.0,5.0,16.0,0.0,0.0,107.0,46.0,3.0,34.0,59.0,0.0,0.0,19.0,5.0,0.0,0.0,0.0771208226221079,0.2313624678663239,0.0,50.66838046272493,1.3110539845758356,0.7712082262210797,0.2313624678663239,0.3084832904884318,0.3084832904884318,0.3856041131105398,1.2339331619537277,0.0,0.0,8.251928020565552,3.5475578406169666,0.2313624678663239,2.622107969151671,4.5501285347043705,0.0,1.4652956298200517,29.41176470588235,0.0,0.0,0.8371,55.11811023622048,68.6470588235294,0.0771208226221079,100.0,0.0,42.99065420560748,27.235772357723572,67.88617886178862,34.146341463414636,33.94495412844036,63.60856269113149,55.137614678899084,62.8440366972477,58.53658536585367,48.32317073170732,,42.17498321772209
37551107,Leon Belcar,Lokomotiva Zagreb,Midfielder,24.0,Croatia,16.0,1163.0,1.0,1.0,20.0,5.0,465.0,82.37,26.0,18.0,139.0,65.0,5.0,0.0,6.73,15.0,4.0,10.0,24.0,18.0,4.0,65.0,36.0,12.0,11.0,19.0,0.0,0.0,16.0,4.0,0.0,0.0773860705073086,0.0773860705073086,1.5477214101461736,0.3869303525365434,35.98452278589854,2.0120378331900257,1.3929492691315564,0.3869303525365434,1.1607910576096303,0.3095442820292347,0.7738607050730868,1.8572656921754085,1.3929492691315564,0.3095442820292347,5.030094582975065,2.7858985382631127,0.9286328460877042,0.8512467755803955,1.470335339638865,0.0,1.238177128116939,25.0,25.0,5.0,0.8237000000000001,46.76258992805755,72.6875,0.1547721410146173,26.666666666666668,22.22222222222222,55.38461538461539,45.12820512820513,50.769230769230774,58.97435897435897,7.798165137614674,44.571865443425075,62.935779816513765,50.61926605504587,48.07692307692308,57.75641025641026,,47.24135497529993
37600577,Fabijan Krivak,Lokomotiva Zagreb,Midfielder,21.0,Croatia,17.0,1162.0,3.0,1.0,19.0,8.0,261.0,79.31,14.0,8.0,150.0,70.0,0.0,0.0,6.84,42.0,21.0,9.0,25.0,21.0,3.0,23.0,16.0,19.0,11.0,5.0,0.0,0.0,22.0,2.0,0.0,0.2323580034423407,0.0774526678141136,1.4716006884681585,0.6196213425129088,20.21514629948365,1.0843373493975903,0.6196213425129088,0.0,3.253012048192771,1.6265060240963856,0.6970740103270223,1.93631669535284,1.6265060240963856,0.2323580034423407,1.7814113597246128,1.2392426850258176,1.4716006884681585,0.8519793459552496,0.387263339070568,0.0,1.7039586919104992,11.764705882352942,42.10526315789474,15.789473684210526,0.7931,46.66666666666666,68.3529411764706,0.3098106712564544,50.0,14.285714285714286,69.56521739130434,82.05128205128206,30.25641025641026,27.179487179487182,93.11926605504587,78.13455657492354,46.60550458715596,28.50917431192661,56.53846153846154,30.705128205128208,,51.158080451658435
37356259,Michael Agbekpornu,Slaven Koprivnica,Midfielder,27.0,Ghana,17.0,1146.0,1.0,1.0,5.0,2.0,561.0,82.89,35.0,17.0,183.0,89.0,6.0,0.0,6.78,17.0,10.0,9.0,11.0,1.0,0.0,46.0,31.0,8.0,34.0,23.0,0.0,0.0,17.0,2.0,0.0,0.0785340314136125,0.0785340314136125,0.3926701570680628,0.1570680628272251,44.05759162303665,2.74869109947644,1.3350785340314135,0.4712041884816754,1.3350785340314135,0.7853403141361257,0.7068062827225131,0.8638743455497382,0.0785340314136125,0.0,3.612565445026178,2.4345549738219896,0.6282722513089005,2.670157068062827,1.806282722513089,0.0,1.3350785340314135,11.764705882352942,40.0,20.0,0.8289,48.63387978142077,67.41176470588235,0.1570680628272251,58.8235294117647,0.0,67.3913043478261,54.61538461538462,63.07692307692307,70.25641025641026,4.12844036697247,61.00917431192661,52.75229357798165,68.9678899082569,46.53846153846154,63.3974358974359,,56.79745942131263
31255596,Alfonso Daniel Barco del Solar,Rijeka,Midfielder,24.0,Peru,15.0,1131.0,0.0,0.0,8.0,0.0,606.0,86.3,18.0,13.0,117.0,45.0,6.0,0.0,6.54,4.0,1.0,14.0,12.0,8.0,2.0,64.0,33.0,4.0,14.0,22.0,0.0,0.0,11.0,7.0,0.0,0.0,0.0,0.636604774535809,0.0,48.222811671087534,1.4323607427055702,1.0344827586206895,0.4774535809018567,0.3183023872679045,0.0795755968169761,1.1140583554376655,0.9549071618037136,0.636604774535809,0.1591511936339522,5.092838196286472,2.625994694960212,0.3183023872679045,1.1140583554376655,1.7506631299734747,0.0,0.8753315649867374,46.66666666666666,0.0,0.0,0.863,38.46153846153846,75.4,0.0,25.0,25.0,51.5625,10.256410256410257,60.256410256410255,32.30769230769231,3.2110091743119256,24.77064220183486,61.65137614678899,40.206422018348626,27.115384615384617,46.34615384615385,,31.16725476358504
37533537,Novak Tepsic,Varaždin,Defender,24.0,Croatia,22.0,1126.0,0.0,1.0,4.0,1.0,494.0,80.77,35.0,7.0,114.0,71.0,2.0,0.0,6.76,6.0,4.0,5.0,8.0,11.0,3.0,74.0,32.0,4.0,24.0,62.0,0.0,0.0,11.0,7.0,0.0,0.0,0.0799289520426287,0.3197158081705151,0.0799289520426287,39.48490230905861,2.797513321492007,0.5595026642984015,0.1598579040852575,0.4795737122557726,0.3197158081705151,0.3996447602131439,0.6394316163410302,0.8792184724689165,0.2397868561278863,5.914742451154529,2.5577264653641207,0.3197158081705151,1.9182948490230909,4.9555950266429845,0.0,0.8792184724689165,31.818181818181817,25.0,0.0,0.8077,62.280701754385966,51.18181818181818,0.0799289520426287,66.66666666666667,27.272727272727277,43.24324324324324,34.959349593495936,49.1869918699187,64.22764227642277,53.669724770642205,50.15290519877676,53.761467889908246,74.10550458715598,54.8780487804878,54.97967479674797,,49.879167599015446
37717672,Ivan Katic ,Lokomotiva Zagreb,Midfielder,20.0,Croatia,20.0,1120.0,0.0,0.0,12.0,1.0,467.0,79.23,20.0,7.0,137.0,64.0,8.0,0.0,6.51,31.0,13.0,11.0,25.0,5.0,1.0,43.0,29.0,5.0,8.0,21.0,0.0,0.0,20.0,3.0,0.0,0.0,0.0,0.9642857142857144,0.0803571428571428,37.52678571428572,1.6071428571428572,0.5625,0.6428571428571429,2.4910714285714284,1.0446428571428572,0.8839285714285714,2.008928571428572,0.4017857142857143,0.0803571428571428,3.455357142857143,2.330357142857143,0.4017857142857143,0.6428571428571429,1.6875,0.0,1.6071428571428572,15.0,8.333333333333334,0.0,0.7923,46.71532846715328,56.0,0.0,41.935483870967744,20.0,67.44186046511628,12.307692307692308,35.64102564102564,35.897435897435905,1.3761467889908232,68.19571865443424,47.064220183486235,34.8394495412844,39.42307692307692,37.56410256410257,,25.291460832745237
37356247,Ognjen Bakic,Gorica,Midfielder,23.0,Montenegro,24.0,1110.0,1.0,1.0,15.0,6.0,342.0,79.53,24.0,13.0,124.0,53.0,6.0,0.0,6.64,17.0,10.0,14.0,11.0,13.0,4.0,35.0,21.0,11.0,8.0,20.0,0.0,0.0,14.0,7.0,0.0,0.081081081081081,0.081081081081081,1.2162162162162162,0.4864864864864865,27.72972972972973,1.945945945945946,1.054054054054054,0.4864864864864865,1.3783783783783785,0.8108108108108109,1.135135135135135,0.8918918918918919,1.054054054054054,0.3243243243243243,2.8378378378378377,1.7027027027027026,0.8918918918918919,0.6486486486486487,1.6216216216216215,0.0,1.135135135135135,29.166666666666668,40.0,6.666666666666667,0.7953,42.74193548387097,46.25,0.1621621621621621,58.8235294117647,30.76923076923077,60.0,51.28205128205128,36.410256410256416,46.15384615384615,2.7522935779816464,62.079510703363916,49.174311926605505,41.37614678899082,47.69230769230769,40.0,,40.42907551164432
37594485,Ante Matej Juric,Rijeka,Attacker,23.0,Croatia,26.0,1106.0,4.0,1.0,47.0,15.0,184.0,65.22,9.0,10.0,174.0,73.0,4.0,0.0,6.83,14.0,8.0,3.0,14.0,14.0,5.0,12.0,3.0,17.0,42.0,19.0,0.0,0.0,15.0,11.0,0.0,0.325497287522604,0.081374321880651,3.824593128390597,1.2206148282097649,14.972875226039784,0.7323688969258589,0.8137432188065099,0.325497287522604,1.139240506329114,0.650994575045208,0.244122965641953,1.139240506329114,1.139240506329114,0.4068716094032549,0.976491862567812,0.244122965641953,1.383363471971067,3.4177215189873418,1.546112115732369,0.0,1.2206148282097649,42.30769230769231,31.91489361702128,8.51063829787234,0.6522,41.95402298850575,42.53846153846154,0.4068716094032549,57.142857142857146,35.714285714285715,25.0,63.58024691358023,20.37037037037037,46.2962962962963,14.678899082568805,61.773700305810394,30.825688073394495,40.412844036697244,46.29629629629629,35.416666666666664,,40.54196398233095
530693,Hrvoje Babec,Osijek,Midfielder,26.0,Croatia,15.0,1095.0,1.0,1.0,12.0,3.0,688.0,82.85,21.0,13.0,111.0,54.0,2.0,0.0,6.82,4.0,2.0,11.0,6.0,2.0,0.0,82.0,42.0,5.0,26.0,34.0,0.0,0.0,21.0,5.0,0.0,0.0821917808219178,0.0821917808219178,0.9863013698630136,0.2465753424657534,56.54794520547945,1.726027397260274,1.0684931506849316,0.1643835616438356,0.3287671232876712,0.1643835616438356,0.9041095890410958,0.4931506849315068,0.1643835616438356,0.0,6.739726027397261,3.452054794520548,0.410958904109589,2.136986301369863,2.794520547945205,0.0,1.726027397260274,33.333333333333336,25.0,8.333333333333334,0.8284999999999999,48.648648648648646,73.0,0.1643835616438356,50.0,0.0,51.21951219512195,45.897435897435905,69.74358974358974,52.82051282051282,52.293577981651374,33.18042813455657,57.61467889908257,62.75229357798165,44.61538461538461,57.94871794871795,,55.76781933662668
37667026,Igor Lepinjica,Slaven Koprivnica,Attacker,26.0,Croatia,27.0,1073.0,1.0,0.0,16.0,3.0,247.0,72.47,11.0,2.0,143.0,52.0,2.0,0.0,6.5,26.0,10.0,5.0,16.0,9.0,0.0,12.0,6.0,11.0,17.0,10.0,0.0,0.0,26.0,4.0,0.0,0.0838769804287045,0.0,1.342031686859273,0.2516309412861137,20.717614165890023,0.9226467847157502,0.1677539608574091,0.1677539608574091,2.180801491146319,0.8387698042870456,0.4193849021435228,1.342031686859273,0.7548928238583411,0.0,1.0065237651444547,0.5032618825722274,0.9226467847157502,1.4259086672879775,0.8387698042870456,0.0,2.180801491146319,14.814814814814817,18.75,6.25,0.7247,36.36363636363637,39.74074074074074,0.0838769804287045,38.46153846153846,0.0,50.0,16.049382716049383,33.95061728395061,18.518518518518515,51.37614678899082,54.434250764525984,22.84403669724771,21.69724770642202,35.18518518518518,30.092592592592588,,25.693170234454637
73159,Ante Erceg,Gorica,Attacker,36.0,Croatia,20.0,1035.0,6.0,0.0,36.0,14.0,348.0,77.87,13.0,2.0,143.0,56.0,3.0,0.0,6.85,22.0,11.0,12.0,15.0,12.0,1.0,10.0,6.0,4.0,18.0,9.0,0.0,0.0,13.0,5.0,0.0,0.5217391304347826,0.0,3.130434782608696,1.2173913043478262,30.26086956521739,1.1304347826086956,0.1739130434782608,0.2608695652173913,1.9130434782608696,0.9565217391304348,1.0434782608695652,1.3043478260869563,1.0434782608695652,0.0869565217391304,0.8695652173913043,0.5217391304347826,0.3478260869565217,1.565217391304348,0.782608695652174,0.0,1.1304347826086956,25.0,38.888888888888886,16.666666666666668,0.7787000000000001,39.16083916083916,51.75,0.5217391304347826,50.0,8.333333333333334,60.0,85.18518518518518,58.641975308641975,29.62962962962963,30.275229357798167,65.13761467889908,31.467889908256883,24.4954128440367,25.462962962962962,41.2037037037037,,55.06455997281685
37596440,Antonio Jakir,Slaven Koprivnica,Defender,23.0,Croatia,20.0,1033.0,0.0,0.0,7.0,2.0,391.0,75.96,27.0,16.0,121.0,67.0,3.0,0.0,6.66,9.0,4.0,9.0,18.0,53.0,17.0,65.0,25.0,9.0,19.0,40.0,0.0,0.0,18.0,4.0,0.0,0.0,0.0,0.6098741529525653,0.1742497579864472,34.06582768635044,2.352371732817038,1.393998063891578,0.2613746369796708,0.7841239109390126,0.3484995159728944,0.7841239109390126,1.5682478218780251,4.617618586640852,1.4811229428848016,5.663117134559536,2.1781219748305904,0.7841239109390126,1.6553727008712489,3.484995159728945,0.0,1.5682478218780251,20.0,28.571428571428573,0.0,0.7595999999999999,55.37190082644628,51.65,0.0,44.44444444444444,32.075471698113205,38.46153846153846,45.52845528455284,21.34146341463415,71.54471544715447,29.58715596330275,51.834862385321095,57.47706422018349,73.7270642201835,50.15243902439024,54.827235772357724,,44.48310584023271
37600592,Luka Vrbancic,Osijek,Midfielder,21.0,Croatia,18.0,1033.0,0.0,0.0,13.0,1.0,570.0,80.88,35.0,8.0,159.0,82.0,3.0,0.0,6.72,24.0,11.0,16.0,33.0,12.0,0.0,61.0,29.0,15.0,4.0,18.0,0.0,0.0,10.0,8.0,0.0,0.0,0.0,1.132623426911907,0.0871248789932236,49.66118102613746,3.0493707647628265,0.6969990319457889,0.2613746369796708,2.0909970958373667,0.9583736689254598,1.393998063891578,2.8751210067763795,1.0454985479186834,0.0,5.314617618586641,2.526621490803485,1.3068731848983544,0.3484995159728944,1.5682478218780251,0.0,0.8712487899322362,44.44444444444444,7.6923076923076925,0.0,0.8088,51.57232704402516,57.388888888888886,0.0,45.833333333333336,0.0,47.540983606557376,13.333333333333334,50.0,64.1025641025641,29.58715596330275,74.08256880733946,60.27522935779816,48.497706422018354,58.26923076923077,64.93589743589743,,41.1894848270995
37600585,Filip Mažar,Slaven Koprivnica,Midfielder,21.0,Croatia,14.0,1016.0,1.0,0.0,12.0,4.0,346.0,84.68,20.0,10.0,141.0,70.0,1.0,0.0,6.69,36.0,18.0,8.0,25.0,4.0,0.0,27.0,18.0,8.0,8.0,10.0,0.0,0.0,19.0,3.0,0.0,0.0885826771653543,0.0,1.062992125984252,0.3543307086614173,30.6496062992126,1.7716535433070866,0.8858267716535433,0.0885826771653543,3.188976377952756,1.594488188976378,0.7086614173228346,2.2145669291338583,0.3543307086614173,0.0,2.391732283464567,1.594488188976378,0.7086614173228346,0.7086614173228346,0.8858267716535433,0.0,1.6830708661417322,21.428571428571427,33.333333333333336,8.333333333333334,0.8468000000000001,49.645390070921984,72.57142857142857,0.0885826771653543,50.0,0.0,66.66666666666667,51.53846153846155,37.692307692307686,50.256410256410255,76.60550458715596,79.96941896024464,43.899082568807344,42.31651376146789,41.73076923076923,44.743589743589745,,49.50670430486944
37668568,Filip Taraba,Istra 1961,Defender,20.0,Bosnia and Herzegovina,22.0,1013.0,0.0,0.0,0.0,0.0,596.0,83.89,30.0,10.0,103.0,55.0,1.0,0.0,6.62,8.0,4.0,8.0,7.0,13.0,2.0,75.0,28.0,3.0,15.0,59.0,0.0,0.0,14.0,4.0,0.0,0.0,0.0,0.0,0.0,52.95162882527147,2.665350444225074,0.8884501480750246,0.0888450148075024,0.7107601184600197,0.3553800592300098,0.7107601184600197,0.6219151036525172,1.154985192497532,0.1776900296150049,6.663376110562685,2.487660414610069,0.2665350444225074,1.332675222112537,5.2418558736426455,0.0,1.2438302073050345,18.181818181818183,0.0,0.0,0.8389,53.398058252427184,46.04545454545455,0.0,50.0,15.384615384615383,37.333333333333336,27.235772357723572,56.707317073170735,54.674796747967484,76.14678899082568,41.437308868501525,59.63302752293578,69.3119266055046,45.88414634146341,56.75813008130082,,49.2000447527411
1452457,Dejan Ljubicic,Dinamo Zagreb,Midfielder,28.0,Austria,15.0,1008.0,0.0,3.0,16.0,6.0,398.0,85.68,12.0,2.0,62.0,20.0,1.0,0.0,6.83,7.0,3.0,12.0,4.0,8.0,3.0,22.0,13.0,26.0,5.0,6.0,0.0,0.0,8.0,7.0,0.0,0.0,0.2678571428571428,1.4285714285714286,0.5357142857142857,35.535714285714285,1.0714285714285714,0.1785714285714285,0.0892857142857142,0.625,0.2678571428571428,1.0714285714285714,0.3571428571428571,0.7142857142857143,0.2678571428571428,1.9642857142857144,1.1607142857142858,2.321428571428572,0.4464285714285714,0.5357142857142857,0.0,0.7142857142857143,46.66666666666666,37.5,0.0,0.8568000000000001,32.25806451612903,67.2,0.2678571428571428,42.85714285714285,37.5,59.09090909090909,32.3076923076923,71.79487179487181,6.153846153846154,75.22935779816514,28.13455657492355,64.12844036697247,12.614678899082568,55.0,31.730769230769237,,40.599858856739594
37688968,Anton Matkovic,Osijek,Attacker,20.0,Croatia,17.0,996.0,1.0,1.0,14.0,6.0,151.0,64.24,11.0,3.0,149.0,67.0,1.0,0.0,6.65,15.0,6.0,7.0,24.0,8.0,0.0,8.0,4.0,9.0,26.0,9.0,0.0,0.0,22.0,6.0,0.0,0.0903614457831325,0.0903614457831325,1.2650602409638554,0.5421686746987951,13.644578313253012,0.993975903614458,0.2710843373493976,0.0903614457831325,1.355421686746988,0.5421686746987951,0.6325301204819277,2.1686746987951806,0.7228915662650602,0.0,0.7228915662650602,0.3614457831325301,0.8132530120481928,2.3493975903614457,0.8132530120481928,0.0,1.987951807228916,35.294117647058826,42.85714285714285,7.142857142857143,0.6424,44.966442953020135,58.588235294117645,0.180722891566265,40.0,0.0,50.0,24.074074074074076,19.1358024691358,48.148148148148145,74.77064220183486,57.64525993883792,15.13761467889908,34.79357798165138,30.09259259259259,31.712962962962962,,34.88447162759089
37632412,Samuel Akere,Osijek,Attacker,22.0,Nigeria,18.0,980.0,3.0,0.0,25.0,9.0,200.0,80.5,24.0,8.0,142.0,74.0,2.0,0.0,6.8,36.0,16.0,7.0,29.0,15.0,4.0,7.0,2.0,13.0,5.0,14.0,0.0,0.0,14.0,9.0,0.0,0.2755102040816326,0.0,2.295918367346939,0.826530612244898,18.367346938775512,2.204081632653061,0.7346938775510204,0.1836734693877551,3.306122448979592,1.469387755102041,0.6428571428571429,2.663265306122449,1.3775510204081634,0.3673469387755102,0.6428571428571429,0.1836734693877551,1.1938775510204085,0.4591836734693877,1.2857142857142858,0.0,1.2857142857142858,50.0,36.0,12.0,0.805,52.11267605633803,54.44444444444444,0.2755102040816326,44.44444444444444,26.666666666666668,28.571428571428573,54.629629629629626,45.06172839506173,86.41975308641976,47.706422018348626,76.91131498470948,39.633027522935784,45.183486238532105,42.59259259259259,66.12654320987654,,60.60397553516819
100190,Ismaël Bennacer,Dinamo Zagreb,Midfielder,28.0,Algeria,17.0,956.0,1.0,2.0,8.0,4.0,670.0,89.25,27.0,11.0,147.0,89.0,2.0,0.0,7.13,37.0,23.0,5.0,33.0,52.0,16.0,49.0,33.0,18.0,8.0,3.0,0.0,0.0,12.0,6.0,0.0,0.0941422594142259,0.1882845188284518,0.7531380753138075,0.3765690376569037,63.07531380753138,2.5418410041841004,1.0355648535564854,0.1882845188284518,3.48326359832636,2.1652719665271967,0.4707112970711297,3.1066945606694563,4.895397489539749,1.506276150627615,4.612970711297071,3.1066945606694563,1.6945606694560669,0.7531380753138075,0.2824267782426778,0.0,1.1297071129707112,35.294117647058826,50.0,12.5,0.8925,60.54421768707483,56.23529411764706,0.2824267782426778,62.16216216216216,30.76923076923077,67.34693877551021,61.28205128205128,91.28205128205128,78.97435897435898,45.642201834862384,92.81345565749236,90.55045871559633,51.41055045871559,84.23076923076923,84.1025641025641,,74.0257586450247
37724444,Luka Hodak,Hajduk Split,Defender,20.0,Croatia,16.0,956.0,0.0,0.0,6.0,1.0,461.0,86.77,27.0,18.0,105.0,51.0,3.0,0.0,6.51,13.0,3.0,11.0,5.0,5.0,1.0,27.0,11.0,2.0,16.0,22.0,0.0,0.0,16.0,6.0,0.0,0.0,0.0,0.5648535564853556,0.0941422594142259,43.39958158995816,2.5418410041841004,1.6945606694560669,0.2824267782426778,1.2238493723849373,0.2824267782426778,1.0355648535564854,0.4707112970711297,0.4707112970711297,0.0941422594142259,2.5418410041841004,1.0355648535564854,0.1882845188284518,1.506276150627615,2.071129707112971,0.0,1.506276150627615,37.5,16.666666666666668,0.0,0.8676999999999999,48.57142857142857,59.75,0.0,23.07692307692308,20.0,40.74074074074074,36.99186991869919,52.23577235772357,66.46341463414633,22.47706422018348,22.018348623853214,48.07339449541284,65.84862385321101,23.628048780487806,53.20121951219512,,48.955023495189074
37748224,Simun Butic,Vukovar,Attacker,20.0,,16.0,954.0,1.0,2.0,18.0,5.0,130.0,68.46,9.0,2.0,70.0,26.0,2.0,0.0,6.45,23.0,9.0,4.0,4.0,24.0,8.0,10.0,4.0,8.0,5.0,10.0,0.0,0.0,25.0,2.0,0.0,0.0943396226415094,0.1886792452830188,1.69811320754717,0.4716981132075472,12.264150943396226,0.8490566037735849,0.1886792452830188,0.1886792452830188,2.169811320754717,0.8490566037735849,0.3773584905660377,0.3773584905660377,2.2641509433962264,0.7547169811320755,0.9433962264150944,0.3773584905660377,0.7547169811320755,0.4716981132075472,0.9433962264150944,0.0,2.358490566037736,12.5,27.77777777777778,5.555555555555555,0.6846,37.142857142857146,59.625,0.2830188679245283,39.130434782608695,33.333333333333336,40.0,21.604938271604937,32.71604938271605,19.1358024691358,44.95412844036697,38.837920489296636,29.541284403669728,13.394495412844039,43.98148148148148,19.75308641975308,,26.532449881073735
72857,Duje Cop,Rijeka,Attacker,36.0,Croatia,25.0,951.0,2.0,0.0,27.0,6.0,179.0,70.95,7.0,6.0,100.0,35.0,2.0,0.0,6.57,9.0,3.0,2.0,8.0,4.0,0.0,6.0,3.0,6.0,18.0,12.0,0.0,0.0,11.0,10.0,0.0,0.1892744479495268,0.0,2.555205047318612,0.5678233438485805,16.94006309148265,0.6624605678233438,0.5678233438485805,0.1892744479495268,0.8517350157728707,0.2839116719242902,0.1892744479495268,0.7570977917981072,0.3785488958990536,0.0,0.5678233438485805,0.2839116719242902,0.5678233438485805,1.7034700315457414,1.135646687697161,0.0,1.0410094637223974,40.0,22.22222222222222,7.407407407407407,0.7095,35.0,38.04,0.1892744479495268,33.333333333333336,0.0,50.0,33.95061728395061,24.074074074074076,26.543209876543205,44.4954128440367,29.35779816513762,15.688073394495413,28.87614678899083,12.499999999999998,24.382716049382715,,29.81991165477404
37708547,Mirko Susak,Lokomotiva Zagreb,Attacker,22.0,Croatia,25.0,924.0,3.0,1.0,18.0,7.0,160.0,74.38,20.0,5.0,82.0,37.0,2.0,0.0,6.65,15.0,4.0,4.0,4.0,8.0,1.0,8.0,5.0,5.0,9.0,6.0,0.0,0.0,14.0,5.0,0.0,0.2922077922077922,0.0974025974025974,1.7532467532467533,0.6818181818181818,15.584415584415584,1.948051948051948,0.487012987012987,0.1948051948051948,1.4610389610389611,0.3896103896103896,0.3896103896103896,0.3896103896103896,0.7792207792207793,0.0974025974025974,0.7792207792207793,0.487012987012987,0.487012987012987,0.8766233766233766,0.5844155844155844,0.0,1.3636363636363635,20.0,38.888888888888886,16.666666666666668,0.7437999999999999,45.1219512195122,36.96,0.3896103896103896,26.666666666666668,12.5,62.5,62.34567901234569,39.50617283950617,67.90123456790124,43.11926605504587,25.611620795107033,22.385321100917434,32.20183486238532,25.0,48.30246913580247,,55.23785253143051
462000,Merveil Ndockyt,Rijeka,Midfielder,27.0,Republic of the Congo,21.0,912.0,3.0,0.0,16.0,6.0,282.0,78.01,26.0,5.0,126.0,61.0,1.0,0.0,6.73,20.0,10.0,11.0,18.0,12.0,1.0,20.0,12.0,16.0,8.0,7.0,0.0,0.0,11.0,10.0,0.0,0.2960526315789473,0.0,1.5789473684210529,0.5921052631578947,27.82894736842105,2.5657894736842106,0.4934210526315789,0.0986842105263157,1.973684210526316,0.986842105263158,1.0855263157894737,1.7763157894736843,1.1842105263157894,0.0986842105263157,1.973684210526316,1.1842105263157894,1.5789473684210529,0.7894736842105263,0.6907894736842105,0.0,1.0855263157894737,47.61904761904762,37.5,18.75,0.7801,48.41269841269841,43.42857142857143,0.2960526315789473,50.0,8.333333333333334,60.0,84.87179487179488,21.794871794871796,47.17948717948718,72.47706422018348,71.40672782874618,46.788990825688074,39.908256880733944,46.346153846153854,41.858974358974365,,53.4015525758645
26336984,Niko Jankovic,Rijeka,Midfielder,24.0,Croatia,13.0,909.0,0.0,1.0,25.0,6.0,300.0,80.0,17.0,3.0,93.0,54.0,2.0,0.0,7.12,18.0,9.0,6.0,17.0,73.0,24.0,27.0,16.0,28.0,14.0,9.0,0.0,0.0,10.0,4.0,0.0,0.0,0.099009900990099,2.4752475247524752,0.594059405940594,29.702970297029704,1.683168316831683,0.297029702970297,0.198019801980198,1.7821782178217822,0.8910891089108911,0.594059405940594,1.683168316831683,7.227722772277228,2.376237623762376,2.6732673267326734,1.5841584158415842,2.772277227722772,1.386138613861386,0.8910891089108911,0.0,0.99009900990099,30.76923076923077,24.0,0.0,0.8,58.064516129032256,69.92307692307692,0.099009900990099,50.0,32.87671232876713,59.25925925925926,35.38461538461539,41.53846153846154,51.28205128205128,42.6605504587156,68.50152905198776,66.88073394495413,45.3440366972477,63.46153846153845,49.48717948717949,,42.72759350741002
73932,Fran Karacic,Hajduk Split,Defender,30.0,Australia,11.0,908.0,1.0,1.0,7.0,2.0,301.0,74.09,21.0,12.0,80.0,40.0,1.0,0.0,6.71,8.0,4.0,6.0,6.0,37.0,9.0,65.0,24.0,8.0,13.0,38.0,0.0,0.0,12.0,5.0,0.0,0.0991189427312775,0.0991189427312775,0.6938325991189427,0.198237885462555,29.834801762114537,2.0814977973568283,1.1894273127753303,0.0991189427312775,0.7929515418502202,0.3964757709251101,0.5947136563876652,0.5947136563876652,3.6674008810572687,0.8920704845814978,6.442731277533039,2.3788546255506606,0.7929515418502202,1.2885462555066078,3.7665198237885456,0.0,1.1894273127753303,45.45454545454545,28.571428571428573,14.285714285714286,0.7409,50.0,82.54545454545455,0.198237885462555,50.0,24.324324324324323,36.92307692307692,84.95934959349593,29.268292682926827,53.25203252032521,72.01834862385321,42.50764525993883,52.20183486238532,64.79357798165138,68.29268292682927,44.3089430894309,,57.44573730140971
56643,Dario Melnjak,Hajduk Split,Defender,33.0,Croatia,22.0,907.0,0.0,2.0,14.0,5.0,465.0,76.99,16.0,9.0,74.0,42.0,0.0,0.0,6.78,5.0,2.0,8.0,5.0,37.0,15.0,57.0,27.0,17.0,19.0,32.0,0.0,0.0,8.0,8.0,0.0,0.0,0.1984564498346196,1.3891951488423373,0.4961411245865491,46.14112458654906,1.587651598676957,0.8930540242557883,0.0,0.4961411245865491,0.1984564498346196,0.7938257993384785,0.4961411245865491,3.671444321940463,1.4884233737596473,5.656008820286659,2.679162072767365,1.6868798235942668,1.8853362734288863,3.175303197353914,0.0,0.7938257993384785,36.36363636363637,35.714285714285715,0.0,0.7698999999999999,56.75675675675676,41.22727272727273,0.1984564498346196,40.0,40.54054054054054,47.36842105263158,55.6910569105691,60.162601626016254,44.71544715447155,93.11926605504587,26.91131498470948,74.40366972477065,66.44495412844036,69.8170731707317,52.84552845528455,,57.482658312821655
5270348,Jon Mersinaj,Osijek,Defender,27.0,Albania,18.0,900.0,0.0,0.0,1.0,0.0,491.0,86.35,16.0,12.0,88.0,54.0,3.0,0.0,6.6,1.0,1.0,3.0,13.0,0.0,0.0,54.0,20.0,3.0,24.0,70.0,0.0,0.0,20.0,9.0,0.0,0.0,0.0,0.1,0.0,49.1,1.6,1.2,0.3,0.1,0.1,0.3,1.3,0.0,0.0,5.4,2.0,0.3,2.4,7.0,0.0,2.0,50.0,0.0,0.0,0.8634999999999999,61.36363636363637,50.0,0.0,100.0,0.0,37.03703703703704,27.235772357723572,58.739837398373986,63.617886178861795,18.34862385321101,58.103975535168196,52.11009174311927,77.06422018348623,30.640243902439025,60.16260162601627,,46.712911165808904
455998,Mihail Caimacov,Slaven Koprivnica,Midfielder,27.0,Moldova,15.0,887.0,1.0,0.0,5.0,3.0,378.0,82.01,21.0,16.0,114.0,63.0,4.0,0.0,6.76,15.0,9.0,8.0,23.0,9.0,4.0,31.0,17.0,7.0,11.0,18.0,0.0,0.0,15.0,2.0,0.0,0.1014656144306651,0.0,0.5073280721533259,0.3043968432919955,38.35400225479143,2.1307779030439686,1.6234498308906429,0.4058624577226606,1.5219842164599775,0.9131905298759864,0.8117249154453213,2.333709131905299,0.9131905298759864,0.4058624577226606,3.14543404735062,1.7249154453213078,0.7102593010146562,1.116121758737317,1.826381059751973,0.0,1.5219842164599775,13.333333333333334,60.0,20.0,0.8201,55.26315789473684,59.13333333333333,0.1014656144306651,60.0,44.44444444444444,54.83870967741935,66.41025641025641,42.82051282051282,80.0,6.422018348623851,81.03975535168196,56.788990825688074,65.3211009174312,39.42307692307693,62.69230769230769,,57.41143260409315
73943,Vinko Medjimorec,Slaven Koprivnica,Defender,30.0,Croatia,15.0,876.0,0.0,0.0,1.0,0.0,386.0,80.57,11.0,23.0,73.0,49.0,1.0,0.0,6.65,1.0,1.0,0.0,6.0,1.0,0.0,53.0,18.0,2.0,31.0,83.0,0.0,0.0,19.0,3.0,0.0,0.0,0.0,0.1027397260273972,0.0,39.65753424657535,1.13013698630137,2.363013698630137,0.1027397260273972,0.1027397260273972,0.1027397260273972,0.0,0.6164383561643836,0.1027397260273972,0.0,5.445205479452055,1.8493150684931507,0.2054794520547945,3.184931506849315,8.527397260273972,0.0,1.952054794520548,20.0,0.0,0.0,0.8057,67.12328767123287,58.4,0.0,100.0,0.0,33.9622641509434,27.235772357723572,34.34959349593496,71.13821138211382,71.3302752293578,46.63608562691132,41.00917431192661,82.6032110091743,27.59146341463415,52.642276422764226,,46.95010069366748
15062015,Abdoulie Sanyang,Hajduk Split,Attacker,27.0,Gambia,26.0,844.0,3.0,2.0,19.0,10.0,205.0,75.12,24.0,3.0,151.0,75.0,3.0,0.0,6.76,61.0,28.0,13.0,22.0,38.0,6.0,10.0,5.0,17.0,1.0,1.0,0.0,0.0,12.0,9.0,0.0,0.3199052132701421,0.2132701421800948,2.0260663507109005,1.066350710900474,21.86018957345972,2.559241706161137,0.3199052132701421,0.3199052132701421,6.504739336492891,2.985781990521327,1.386255924170616,2.345971563981043,4.052132701421801,0.6398104265402843,1.066350710900474,0.533175355450237,1.8127962085308056,0.1066350710900474,0.1066350710900474,0.0,1.2796208530805686,34.61538461538461,52.63157894736842,15.789473684210526,0.7512000000000001,49.66887417218543,32.46153846153846,0.533175355450237,45.90163934426229,15.789473684210526,50.0,72.8395061728395,63.58024691358025,72.22222222222221,16.055045871559642,80.27522935779817,45.22935779816514,26.81192660550459,78.24074074074073,67.82407407407408,,64.19809717974856
37656054,Zvonimir Katalinic,Slaven Koprivnica,Defender,22.0,Croatia,14.0,841.0,0.0,0.0,3.0,2.0,383.0,83.29,14.0,5.0,87.0,42.0,3.0,0.0,6.46,4.0,3.0,8.0,9.0,9.0,3.0,50.0,22.0,2.0,17.0,30.0,0.0,0.0,20.0,1.0,0.0,0.0,0.0,0.3210463733650416,0.2140309155766944,40.98692033293698,1.4982164090368608,0.535077288941736,0.3210463733650416,0.4280618311533888,0.3210463733650416,0.8561236623067776,0.9631391200951248,0.9631391200951248,0.3210463733650416,5.35077288941736,2.3543400713436387,0.2140309155766944,1.8192627824019023,3.2104637336504163,0.0,2.140309155766944,7.142857142857143,66.66666666666667,0.0,0.8329000000000001,48.27586206896552,60.07142857142857,0.0,75.0,33.333333333333336,44.0,50.40650406504064,42.073170731707314,20.32520325203252,15.137614678899084,57.568807339449535,55.68807339449542,49.61009174311926,36.12804878048781,32.57113821138211,,35.35522488252405
9636175,Vane Jovanov,Varaždin,Defender,27.0,Macedonia,12.0,839.0,0.0,0.0,3.0,0.0,221.0,67.42,20.0,4.0,94.0,51.0,2.0,0.0,6.58,8.0,0.0,5.0,21.0,44.0,7.0,52.0,17.0,3.0,10.0,38.0,0.0,0.0,14.0,3.0,0.0,0.0,0.0,0.3218116805721097,0.0,23.706793802145413,2.1454112038140645,0.4290822407628128,0.2145411203814064,0.8581644815256257,0.0,0.5363528009535161,2.2526817640047674,4.7199046483909415,0.7508939213349225,5.578069129916568,1.8235995232419544,0.3218116805721097,1.0727056019070322,4.076281287246722,0.0,1.501787842669845,25.0,0.0,0.0,0.6742,54.255319148936174,69.91666666666667,0.0,0.0,15.909090909090908,32.69230769230769,27.235772357723572,9.959349593495935,43.4959349593496,40.36697247706422,33.792048929663615,36.972477064220186,56.10091743119267,29.725609756097562,31.96138211382114,,28.24401432087715
37568801,Samuele Vignato,Rijeka,Midfielder,22.0,Italy,15.0,838.0,1.0,0.0,18.0,4.0,303.0,81.52,9.0,5.0,62.0,25.0,1.0,0.0,6.87,16.0,6.0,3.0,10.0,47.0,21.0,17.0,11.0,29.0,2.0,7.0,0.0,0.0,8.0,4.0,0.0,0.107398568019093,0.0,1.9331742243436756,0.4295942720763723,32.5417661097852,0.9665871121718376,0.5369928400954654,0.107398568019093,1.7183770883054892,0.6443914081145584,0.3221957040572792,1.0739856801909309,5.047732696897374,2.2553699284009547,1.8257756563245824,1.181384248210024,3.1145584725536994,0.2147971360381861,0.7517899761336515,0.0,0.8591885441527446,26.666666666666668,22.22222222222222,5.555555555555555,0.8151999999999999,40.32258064516129,55.86666666666667,0.107398568019093,37.5,44.680851063829785,64.70588235294117,51.794871794871796,33.58974358974359,14.871794871794874,70.64220183486239,45.79510703363914,68.80733944954127,17.15596330275229,43.269230769230774,32.62820512820513,,37.141143260409315
784369,Tonio Teklic,Osijek,Midfielder,26.0,Croatia,13.0,829.0,0.0,0.0,18.0,6.0,290.0,72.41,15.0,7.0,96.0,47.0,1.0,0.0,6.79,11.0,5.0,15.0,25.0,51.0,16.0,46.0,22.0,16.0,6.0,11.0,0.0,0.0,13.0,6.0,0.0,0.0,0.0,1.95416164053076,0.6513872135102533,31.483715319662245,1.6284680337756332,0.7599517490952955,0.1085645355850422,1.1942098914354644,0.5428226779252111,1.6284680337756332,2.714113389626056,5.536791314837153,1.7370325693606754,4.993968636911943,2.388419782870929,1.7370325693606754,0.6513872135102533,1.1942098914354644,0.0,1.4113389626055488,46.15384615384615,33.333333333333336,0.0,0.7241,48.958333333333336,63.76923076923077,0.0,45.45454545454545,31.37254901960784,47.82608695652174,36.92307692307693,17.17948717948718,44.10256410256411,70.18348623853211,65.13761467889908,63.165137614678905,40.34403669724771,53.65384615384615,44.358974358974365,,36.47988708539168
73489,Ivan Filipovic,Dinamo Zagreb,Goalkeeper,31.0,Croatia,9.0,810.0,0.0,0.0,0.0,0.0,256.0,75.0,1.0,0.0,4.0,4.0,0.0,0.0,6.83,0.0,0.0,0.0,1.0,0.0,0.0,113.0,50.0,0.0,2.0,8.0,17.0,12.0,6.0,4.0,0.0,0.0,0.0,0.0,0.0,28.444444444444443,0.1111111111111111,0.0,0.0,0.0,0.0,0.0,0.1111111111111111,0.0,0.0,12.555555555555555,5.555555555555555,0.0,0.2222222222222222,0.8888888888888888,1.8888888888888888,0.6666666666666666,44.44444444444444,0.0,0.0,0.75,100.0,90.0,0.0,0.0,0.0,44.24778761061947,52.94117647058824,72.54901960784314,70.58823529411764,93.11926605504587,4.128440366972478,35.50458715596331,28.600917431192666,41.91176470588235,72.05882352941175,65.88235294117648,68.13545601726928
69675,Luka Menalo,Rijeka,Attacker,29.0,Bosnia and Herzegovina,15.0,802.0,3.0,0.0,18.0,9.0,212.0,71.23,9.0,10.0,126.0,52.0,3.0,0.0,6.71,42.0,13.0,12.0,22.0,15.0,2.0,18.0,7.0,13.0,8.0,8.0,0.0,0.0,9.0,4.0,0.0,0.3366583541147132,0.0,2.0199501246882794,1.0099750623441397,23.790523690773068,1.0099750623441397,1.1221945137157108,0.3366583541147132,4.713216957605985,1.458852867830424,1.346633416458853,2.468827930174564,1.6832917705735662,0.2244389027431421,2.0199501246882794,0.7855361596009975,1.458852867830424,0.8977556109725686,0.8977556109725686,0.0,1.0099750623441397,26.666666666666668,50.0,16.666666666666668,0.7123,41.26984126984127,53.46666666666667,0.3366583541147132,30.952380952380956,13.333333333333334,38.888888888888886,74.69135802469135,38.888888888888886,60.49382716049382,14.22018348623854,67.58409785932722,37.98165137614679,32.041284403669714,62.96296296296297,61.95987654320987,,53.644240570846065
37633274,Ivan Canjuga,Varaždin,Attacker,20.0,Croatia,17.0,800.0,0.0,3.0,10.0,2.0,225.0,83.56,19.0,7.0,109.0,54.0,3.0,0.0,6.8,12.0,5.0,12.0,22.0,15.0,5.0,16.0,6.0,11.0,9.0,14.0,0.0,0.0,6.0,6.0,0.0,0.0,0.3375,1.125,0.225,25.3125,2.1375,0.7875,0.3375,1.35,0.5625,1.35,2.475,1.6875,0.5625,1.8,0.675,1.2375,1.0125,1.575,0.0,0.675,35.294117647058826,20.0,0.0,0.8356,49.54128440366973,47.05882352941177,0.3375,41.66666666666666,33.333333333333336,37.5,8.02469135802469,88.27160493827161,83.95061728395062,13.302752293577981,61.54434250764526,51.28440366972477,49.151376146789,65.74074074074075,79.01234567901236,,55.40434930343187
37535531,Samuli Miettinen,Istra 1961,Defender,22.0,Finland,11.0,795.0,0.0,0.0,2.0,1.0,423.0,83.69,12.0,6.0,91.0,56.0,2.0,0.0,6.6,0.0,0.0,4.0,12.0,5.0,1.0,68.0,24.0,0.0,33.0,50.0,0.0,0.0,15.0,3.0,0.0,0.0,0.0,0.2264150943396226,0.1132075471698113,47.886792452830186,1.3584905660377358,0.6792452830188679,0.2264150943396226,0.0,0.0,0.4528301886792453,1.3584905660377358,0.5660377358490566,0.1132075471698113,7.69811320754717,2.7169811320754715,0.0,3.7358490566037736,5.660377358490566,0.0,1.69811320754717,27.272727272727277,50.0,0.0,0.8369,61.53846153846154,72.27272727272727,0.0,0.0,20.0,35.294117647058826,37.39837398373984,50.60975609756098,44.71544715447155,36.69724770642202,24.923547400611614,53.899082568807344,69.77064220183486,29.115853658536583,46.900406504065046,,43.486797941373915
37733235,Israel Isaac Ayuma,Istra 1961,Midfielder,20.0,,16.0,775.0,1.0,0.0,11.0,4.0,290.0,86.55,20.0,11.0,81.0,34.0,1.0,0.0,6.64,10.0,4.0,9.0,4.0,2.0,0.0,26.0,19.0,4.0,6.0,15.0,0.0,0.0,15.0,1.0,0.0,0.1161290322580645,0.0,1.2774193548387096,0.4645161290322581,33.67741935483871,2.3225806451612905,1.2774193548387096,0.1161290322580645,1.1612903225806452,0.4645161290322581,1.0451612903225806,0.4645161290322581,0.232258064516129,0.0,3.0193548387096776,2.206451612903226,0.4645161290322581,0.6967741935483871,1.7419354838709675,0.0,1.7419354838709675,6.25,36.36363636363637,9.090909090909092,0.8654999999999999,41.97530864197531,48.4375,0.1161290322580645,40.0,0.0,73.07692307692308,61.538461538461526,45.897435897435905,53.84615384615384,67.88990825688073,33.333333333333336,48.440366972477065,50.77981651376147,27.115384615384617,50.769230769230774,,55.17360621030345
47380,David Puclin,Varaždin,Midfielder,34.0,Croatia,22.0,758.0,1.0,0.0,10.0,4.0,287.0,75.96,32.0,9.0,112.0,62.0,0.0,0.0,6.64,7.0,2.0,9.0,11.0,14.0,3.0,48.0,20.0,1.0,17.0,26.0,0.0,0.0,8.0,8.0,0.0,0.1187335092348284,0.0,1.187335092348285,0.4749340369393139,34.07651715039578,3.799472295514512,1.0686015831134563,0.0,0.8311345646437994,0.2374670184696569,1.0686015831134563,1.3060686015831136,1.6622691292875988,0.3562005277044855,5.699208443271768,2.37467018469657,0.1187335092348284,2.0184696569920844,3.0870712401055407,0.0,0.949868073878628,36.36363636363637,40.0,10.0,0.7595999999999999,55.35714285714285,34.45454545454545,0.1187335092348284,28.571428571428573,21.428571428571427,41.66666666666666,64.61538461538461,25.384615384615387,83.58974358974358,93.11926605504587,36.54434250764526,44.908256880733944,77.82110091743121,31.346153846153847,56.79487179487179,,61.38884968242766
37567341,David Mejía,Vukovar,Midfielder,23.0,Colombia,11.0,743.0,1.0,1.0,14.0,2.0,332.0,84.64,21.0,10.0,96.0,46.0,7.0,0.0,6.94,14.0,11.0,10.0,13.0,30.0,6.0,39.0,22.0,11.0,1.0,7.0,0.0,0.0,4.0,8.0,0.0,0.1211305518169582,0.1211305518169582,1.695827725437416,0.2422611036339165,40.21534320323015,2.543741588156124,1.2113055181695829,0.847913862718708,1.695827725437416,1.332436069986541,1.2113055181695829,1.5746971736204576,3.633916554508749,0.7267833109017496,4.724091520861373,2.664872139973082,1.332436069986541,0.1211305518169582,0.847913862718708,0.0,0.4845222072678331,72.72727272727273,14.285714285714286,7.142857142857143,0.8464,47.91666666666666,67.54545454545455,0.2422611036339165,78.57142857142857,20.0,56.41025641025641,49.743589743589745,66.15384615384615,63.58974358974359,0.0,83.63914373088686,73.76146788990825,40.87155963302753,74.23076923076924,65.83333333333334,,53.84615384615384
37594758,Fran Topic,Dinamo Zagreb,Attacker,22.0,Croatia,17.0,732.0,2.0,0.0,16.0,6.0,252.0,78.57,17.0,5.0,99.0,48.0,2.0,0.0,6.76,31.0,11.0,4.0,16.0,17.0,2.0,7.0,3.0,10.0,4.0,11.0,0.0,0.0,5.0,9.0,0.0,0.2459016393442623,0.0,1.9672131147540983,0.7377049180327869,30.983606557377048,2.0901639344262297,0.6147540983606558,0.2459016393442623,3.8114754098360657,1.352459016393443,0.4918032786885246,1.9672131147540983,2.0901639344262297,0.2459016393442623,0.860655737704918,0.3688524590163934,1.2295081967213115,0.4918032786885246,1.352459016393443,0.0,0.6147540983606558,52.94117647058823,37.5,12.5,0.7857,48.48484848484848,43.05882352941177,0.2459016393442623,35.483870967741936,11.764705882352942,42.85714285714285,52.16049382716049,61.111111111111114,79.01234567901234,32.56880733944955,66.05504587155963,44.12844036697248,39.65596330275229,44.44444444444445,71.21913580246914,,60.94206591913014
37724445,Sven Lesjak,Varaždin,Defender,19.0,Croatia,11.0,729.0,1.0,0.0,2.0,1.0,328.0,78.66,14.0,9.0,46.0,23.0,1.0,0.0,6.86,0.0,0.0,6.0,1.0,0.0,0.0,101.0,50.0,1.0,9.0,52.0,0.0,0.0,12.0,4.0,0.0,0.1234567901234567,0.0,0.2469135802469135,0.1234567901234567,40.49382716049383,1.728395061728395,1.1111111111111112,0.1234567901234567,0.0,0.0,0.7407407407407407,0.1234567901234567,0.0,0.0,12.469135802469136,6.172839506172839,0.1234567901234567,1.1111111111111112,6.419753086419753,0.0,1.4814814814814814,36.36363636363637,50.0,50.0,0.7866,50.0,66.27272727272727,0.1234567901234567,0.0,0.0,49.50495049504951,81.30081300813008,31.910569105691057,43.90243902439025,66.5137614678899,4.434250764525994,47.88990825688073,64.05963302752295,35.823170731707314,45.27439024390244,,53.785522488252404
23696786,Denis Pintol,Vukovar,Goalkeeper,26.0,Slovenia,8.0,720.0,0.0,0.0,0.0,0.0,228.0,64.47,1.0,0.0,6.0,5.0,0.0,0.0,6.71,0.0,0.0,0.0,3.0,0.0,0.0,128.0,47.0,0.0,1.0,8.0,23.0,17.0,18.0,1.0,0.0,0.0,0.0,0.0,0.0,28.5,0.125,0.0,0.0,0.0,0.0,0.0,0.375,0.0,0.0,16.0,5.875,0.0,0.125,1.0,2.875,2.25,12.5,0.0,0.0,0.6446999999999999,83.33333333333333,90.0,0.0,0.0,0.0,36.71875,52.94117647058824,52.94117647058823,56.862745098039206,93.11926605504587,7.951070336391438,30.504587155963304,27.958715596330276,53.67647058823529,58.57843137254902,29.411764705882355,58.13545601726929
37529453,Elvir Durakovic,Gorica,Defender,26.0,Bosnia and Herzegovina,15.0,712.0,0.0,0.0,12.0,4.0,196.0,70.41,22.0,14.0,108.0,58.0,1.0,1.0,6.58,25.0,10.0,6.0,14.0,29.0,5.0,36.0,12.0,8.0,11.0,18.0,0.0,0.0,15.0,3.0,0.0,0.0,0.0,1.5168539325842696,0.5056179775280899,24.775280898876403,2.7808988764044944,1.7696629213483146,0.2528089887640449,3.1601123595505616,1.2640449438202248,0.7584269662921348,1.7696629213483146,3.665730337078652,0.6320224719101124,4.550561797752809,1.5168539325842696,1.0112359550561798,1.3904494382022472,2.2752808988764044,0.0,1.896067415730337,20.0,33.333333333333336,0.0,0.7041,53.7037037037037,47.46666666666667,0.0,40.0,17.24137931034483,33.333333333333336,56.09756097560975,11.585365853658535,79.67479674796748,30.733944954128447,66.36085626911314,43.21100917431193,71.85779816513762,57.46951219512196,54.014227642276424,,47.28071156858357
37710344,Ibrahim Sabra ,Lokomotiva Zagreb,Attacker,20.0,Jordan,13.0,708.0,2.0,1.0,16.0,3.0,118.0,69.49,3.0,0.0,88.0,38.0,1.0,0.0,6.66,11.0,5.0,3.0,6.0,0.0,0.0,4.0,3.0,7.0,24.0,2.0,0.0,0.0,13.0,3.0,0.0,0.2542372881355932,0.1271186440677966,2.0338983050847457,0.3813559322033898,15.0,0.3813559322033898,0.0,0.1271186440677966,1.3983050847457628,0.635593220338983,0.3813559322033898,0.7627118644067796,0.0,0.0,0.5084745762711864,0.3813559322033898,0.8898305084745762,3.0508474576271185,0.2542372881355932,0.0,1.652542372881356,23.07692307692308,18.75,12.5,0.6949,43.18181818181818,54.46153846153846,0.3813559322033898,45.45454545454545,0.0,75.0,41.66666666666666,30.864197530864203,20.987654320987655,65.13761467889908,46.330275229357795,18.532110091743117,24.220183486238533,32.407407407407405,23.22530864197531,,34.569317023445464
73443,Mateusz Stolarski,Slaven Koprivnica,Goalkeeper,35.0,Croatia,8.0,696.0,0.0,0.0,0.0,0.0,202.0,58.42,2.0,0.0,9.0,9.0,4.0,0.0,6.98,0.0,0.0,0.0,2.0,0.0,0.0,134.0,50.0,0.0,6.0,10.0,27.0,23.0,11.0,2.0,1.0,0.0,0.0,0.0,0.0,26.120689655172413,0.2586206896551724,0.0,0.5172413793103449,0.0,0.0,0.0,0.2586206896551724,0.0,0.0,17.32758620689655,6.465517241379311,0.0,0.7758620689655172,1.293103448275862,3.4913793103448274,1.4224137931034482,25.0,0.0,0.0,0.5842,100.0,87.0,0.0,0.0,0.0,37.3134328358209,52.94117647058824,31.372549019607845,76.47058823529413,2.2935779816513673,6.880733944954128,28.394495412844037,32.22477064220184,58.088235294117645,61.76470588235295,54.70588235294118,48.464651915812205
9939069,Stanislav Shopov,Osijek,Midfielder,24.0,Bulgaria,13.0,691.0,0.0,1.0,16.0,5.0,252.0,73.02,16.0,4.0,53.0,20.0,3.0,0.0,6.67,10.0,2.0,9.0,1.0,31.0,9.0,25.0,11.0,16.0,1.0,7.0,0.0,0.0,6.0,5.0,0.0,0.0,0.130246020260492,2.083936324167873,0.6512301013024602,32.821997105643995,2.083936324167873,0.5209840810419681,0.3907380607814761,1.3024602026049203,0.260492040520984,1.1722141823444283,0.130246020260492,4.0376266280752535,1.1722141823444283,3.256150506512301,1.4327062228654124,2.083936324167873,0.130246020260492,0.9117221418234442,0.0,0.7814761215629522,38.46153846153846,31.25,0.0,0.7302,37.735849056603776,53.15384615384615,0.130246020260492,20.0,29.032258064516128,44.0,36.41025641025641,38.46153846153846,30.25641025641026,7.339449541284409,15.137614678899084,58.80733944954129,23.715596330275226,56.92307692307693,35.320512820512825,,32.27240649258998
37324970,Marko Soldo,Dinamo Zagreb,Midfielder,22.0,Croatia,23.0,689.0,3.0,1.0,16.0,7.0,366.0,85.52,22.0,13.0,100.0,52.0,1.0,0.0,6.77,16.0,8.0,8.0,11.0,2.0,0.0,26.0,21.0,10.0,12.0,9.0,0.0,0.0,5.0,13.0,0.0,0.3918722786647315,0.1306240928882438,2.0899854862119014,0.9143686502177067,47.80841799709725,2.8737300435413644,1.69811320754717,0.1306240928882438,2.0899854862119014,1.0449927431059507,1.0449927431059507,1.4368650217706822,0.2612481857764877,0.0,3.39622641509434,2.743105950653121,1.3062409288824384,1.567489114658926,1.1756168359941943,0.0,0.6531204644412192,56.52173913043478,43.75,18.75,0.8552,52.0,29.956521739130437,0.5224963715529753,50.0,0.0,80.76923076923077,92.56410256410255,76.92307692307692,83.07692307692308,64.22018348623854,68.348623853211,64.86238532110092,68.76146788990826,66.53846153846155,78.65384615384616,,82.19124911785461
182986,Leo Stulac,Istra 1961,Midfielder,31.0,Slovenia,10.0,677.0,0.0,0.0,8.0,1.0,365.0,84.66,10.0,5.0,69.0,36.0,0.0,0.0,6.75,8.0,4.0,6.0,16.0,23.0,3.0,39.0,18.0,8.0,7.0,10.0,0.0,0.0,11.0,1.0,0.0,0.0,0.0,1.0635155096011817,0.1329394387001477,48.52289512555392,1.329394387001477,0.6646971935007385,0.0,1.0635155096011817,0.5317577548005908,0.7976366322008862,2.127031019202364,3.057607090103397,0.3988183161004431,5.1846381093057605,2.3929098966026587,1.0635155096011817,0.930576070901034,1.329394387001477,0.0,1.4623338257016247,10.0,12.5,0.0,0.8466,52.17391304347826,67.7,0.0,50.0,13.043478260869565,46.15384615384615,15.384615384615385,57.43589743589744,42.82051282051282,93.11926605504587,64.83180428134557,70.96330275229357,44.42660550458715,45.96153846153847,54.77564102564102,,44.00423429781228
37696422,Branko Pavic,Rijeka,Midfielder,19.0,Croatia,9.0,676.0,0.0,0.0,2.0,1.0,310.0,89.68,24.0,8.0,71.0,38.0,1.0,0.0,6.91,8.0,5.0,5.0,6.0,2.0,1.0,17.0,12.0,4.0,5.0,10.0,0.0,0.0,4.0,6.0,0.0,0.0,0.0,0.2662721893491124,0.1331360946745562,41.27218934911242,3.195266272189349,1.0650887573964498,0.1331360946745562,1.0650887573964498,0.665680473372781,0.665680473372781,0.7988165680473372,0.2662721893491124,0.1331360946745562,2.263313609467456,1.5976331360946745,0.5325443786982249,0.665680473372781,1.331360946745562,0.0,0.5325443786982249,66.66666666666667,50.0,0.0,0.8968,53.52112676056338,75.11111111111111,0.0,62.5,50.0,70.58823529411765,15.897435897435898,59.743589743589745,77.6923076923077,63.30275229357798,59.55657492354741,57.52293577981651,57.66055045871559,27.11538461538462,65.96153846153845,,52.330275229357795
37316939,Nikita Vlasenko,Vukovar,Defender,25.0,Switzerland,8.0,674.0,0.0,0.0,1.0,0.0,288.0,79.86,6.0,17.0,28.0,17.0,0.0,0.0,6.46,0.0,0.0,3.0,4.0,0.0,0.0,43.0,12.0,0.0,7.0,64.0,0.0,0.0,22.0,1.0,0.0,0.0,0.0,0.1335311572700296,0.0,38.45697329376855,0.8011869436201781,2.2700296735905043,0.0,0.0,0.0,0.400593471810089,0.5341246290801187,0.0,0.0,5.741839762611276,1.602373887240356,0.0,0.9347181008902076,8.5459940652819,0.0,2.9376854599406528,12.5,0.0,0.0,0.7986,60.71428571428572,84.25,0.0,0.0,0.0,27.906976744186046,27.235772357723572,31.910569105691057,60.16260162601626,93.11926605504587,10.70336391437309,35.825688073394495,68.37155963302753,21.493902439024392,42.58130081300813,,45.10460953233385
73270,Mario Situm,Lokomotiva Zagreb,Defender,34.0,Croatia,17.0,666.0,0.0,0.0,2.0,0.0,307.0,83.06,11.0,7.0,55.0,38.0,1.0,0.0,6.74,5.0,2.0,3.0,14.0,39.0,10.0,47.0,31.0,11.0,12.0,11.0,0.0,0.0,19.0,3.0,0.0,0.0,0.0,0.2702702702702703,0.0,41.48648648648648,1.4864864864864864,0.945945945945946,0.1351351351351351,0.6756756756756757,0.2702702702702703,0.4054054054054054,1.891891891891892,5.27027027027027,1.351351351351351,6.351351351351352,4.1891891891891895,1.4864864864864864,1.6216216216216215,1.4864864864864864,0.0,2.5675675675675675,17.647058823529413,0.0,0.0,0.8306,69.0909090909091,39.1764705882353,0.0,40.0,25.64102564102564,65.95744680851064,27.235772357723572,42.073170731707314,56.91056910569106,61.92660550458716,49.23547400611621,80.8256880733945,61.949541284403665,57.16463414634146,64.58333333333333,,44.0585142089953
1872881,Dimitrije Kamenovic,Lokomotiva Zagreb,Defender,25.0,Serbia,11.0,656.0,0.0,0.0,2.0,0.0,328.0,78.35,4.0,9.0,43.0,19.0,0.0,0.0,6.44,1.0,1.0,3.0,6.0,5.0,2.0,52.0,20.0,2.0,9.0,38.0,0.0,0.0,12.0,2.0,0.0,0.0,0.0,0.274390243902439,0.0,45.0,0.5487804878048781,1.2347560975609757,0.0,0.1371951219512195,0.1371951219512195,0.4115853658536585,0.823170731707317,0.6859756097560976,0.274390243902439,7.134146341463414,2.7439024390243905,0.274390243902439,1.2347560975609757,5.213414634146342,0.0,1.646341463414634,18.181818181818183,0.0,0.0,0.7835,44.18604651162791,59.63636363636363,0.0,100.0,40.0,38.46153846153846,27.235772357723572,38.41463414634146,21.951219512195124,93.11926605504587,52.293577981651374,54.862385321100916,50.481651376146786,40.70121951219512,35.0609756097561,,35.59241441038263
74197,Antonio Bosec,Vukovar,Defender,28.0,Croatia,10.0,640.0,0.0,0.0,0.0,0.0,177.0,66.67,13.0,4.0,58.0,27.0,2.0,0.0,6.33,6.0,1.0,6.0,9.0,40.0,11.0,27.0,3.0,6.0,4.0,17.0,0.0,0.0,17.0,1.0,0.0,0.0,0.0,0.0,0.0,24.890625,1.828125,0.5625,0.28125,0.84375,0.140625,0.84375,1.265625,5.625,1.546875,3.796875,0.421875,0.84375,0.5625,2.390625,0.0,2.390625,10.0,0.0,0.0,0.6667000000000001,46.55172413793103,64.0,0.0,16.666666666666668,27.5,11.11111111111111,27.235772357723572,9.959349593495935,25.60975609756097,23.394495412844037,30.122324159021407,37.431192660550465,39.151376146789,36.4329268292683,23.018292682926827,,21.180912955918544
73914,Ivan Fiolic,Gorica,Midfielder,30.0,Croatia,22.0,637.0,0.0,0.0,16.0,4.0,279.0,73.48,9.0,2.0,44.0,19.0,1.0,0.0,6.53,10.0,3.0,7.0,5.0,21.0,3.0,43.0,23.0,9.0,3.0,9.0,0.0,0.0,9.0,2.0,0.0,0.0,0.0,2.260596546310832,0.565149136577708,39.41915227629514,1.271585557299843,0.282574568288854,0.141287284144427,1.41287284144427,0.423861852433281,0.989010989010989,0.706436420722135,2.967032967032967,0.423861852433281,6.075353218210361,3.249607535321821,1.271585557299843,0.423861852433281,1.271585557299843,0.0,1.271585557299843,9.090909090909092,25.0,0.0,0.7348,43.18181818181818,28.954545454545453,0.0,30.0,14.285714285714286,53.48837209302326,32.82051282051282,28.974358974358978,14.87179487179487,59.63302752293578,31.498470948012237,61.37614678899083,23.623853211009173,50.57692307692308,34.55128205128205,,28.96330275229358
3877071,Ricardo Henning,Vukovar,Defender,25.0,Jamaica,7.0,630.0,0.0,0.0,1.0,1.0,341.0,87.98,5.0,6.0,36.0,16.0,0.0,0.0,6.41,5.0,2.0,3.0,1.0,5.0,1.0,47.0,26.0,1.0,8.0,35.0,0.0,0.0,15.0,0.0,0.0,0.0,0.0,0.1428571428571428,0.1428571428571428,48.71428571428572,0.7142857142857143,0.8571428571428571,0.0,0.7142857142857143,0.2857142857142857,0.4285714285714285,0.1428571428571428,0.7142857142857143,0.1428571428571428,6.714285714285714,3.7142857142857135,0.1428571428571428,1.1428571428571428,5.0,0.0,2.142857142857143,0.0,100.0,0.0,0.8798,44.44444444444444,90.0,0.0,40.0,20.0,55.319148936170215,41.46341463414634,60.77235772357724,11.585365853658537,93.11926605504587,24.082568807339452,63.71559633027522,45.481651376146786,41.00609756097561,38.414634146341456,,43.45826806891922
73552,Borna Barisic,Osijek,Defender,33.0,Croatia,10.0,621.0,0.0,0.0,2.0,1.0,301.0,90.03,6.0,7.0,41.0,22.0,3.0,0.0,6.78,8.0,5.0,2.0,5.0,46.0,11.0,21.0,10.0,6.0,6.0,24.0,0.0,0.0,7.0,4.0,0.0,0.0,0.0,0.2898550724637681,0.144927536231884,43.6231884057971,0.8695652173913043,1.0144927536231885,0.4347826086956521,1.1594202898550725,0.7246376811594203,0.2898550724637681,0.7246376811594203,6.666666666666667,1.5942028985507246,3.0434782608695654,1.4492753623188406,0.8695652173913043,0.8695652173913043,3.4782608695652173,0.0,1.0144927536231885,40.0,50.0,0.0,0.9003,53.65853658536585,62.1,0.0,62.5,23.91304347826087,47.61904761904762,41.86991869918699,56.300813008130085,31.30081300813008,5.504587155963307,58.180428134556585,72.20183486238531,46.92660550458716,47.40853658536586,45.83333333333333,,39.391922130230476
37656553,Niko Šepić,Istra 1961,Defender,20.0,Croatia,13.0,617.0,0.0,0.0,7.0,3.0,280.0,77.5,14.0,8.0,44.0,22.0,2.0,0.0,6.62,1.0,0.0,2.0,4.0,13.0,2.0,39.0,16.0,2.0,4.0,26.0,0.0,0.0,7.0,3.0,0.0,0.0,0.0,1.0210696920583469,0.4376012965964344,40.84278768233387,2.0421393841166937,1.1669367909238249,0.2917341977309562,0.1458670988654781,0.0,0.2917341977309562,0.5834683954619124,1.8962722852512155,0.2917341977309562,5.688816855753647,2.3338735818476497,0.2917341977309562,0.5834683954619124,3.792544570502431,0.0,1.0210696920583469,23.07692307692308,42.85714285714285,0.0,0.775,50.0,47.46153846153846,0.0,0.0,15.384615384615383,41.02564102564103,54.8780487804878,30.08130081300813,52.03252032520325,21.559633027522935,11.773700305810399,49.58715596330275,55.38990825688073,29.115853658536587,44.994918699187,,43.25352427836204
72813,Domagoj Antolic,Lokomotiva Zagreb,Midfielder,36.0,Croatia,13.0,610.0,1.0,1.0,5.0,1.0,393.0,90.59,7.0,3.0,50.0,21.0,2.0,0.0,6.72,11.0,8.0,5.0,5.0,21.0,9.0,25.0,19.0,9.0,2.0,7.0,0.0,0.0,13.0,2.0,0.0,0.1475409836065573,0.1475409836065573,0.7377049180327869,0.1475409836065573,57.98360655737705,1.0327868852459017,0.4426229508196721,0.2950819672131147,1.6229508196721312,1.180327868852459,0.7377049180327869,0.7377049180327869,3.098360655737705,1.3278688524590163,3.6885245901639343,2.80327868852459,1.3278688524590163,0.2950819672131147,1.0327868852459017,0.0,1.9180327868852456,15.384615384615383,20.0,20.0,0.9059,42.0,46.92307692307692,0.2950819672131147,72.72727272727273,42.85714285714285,76.0,63.84615384615385,90.76923076923077,14.871794871794874,20.18348623853211,67.81345565749236,87.06422018348624,18.715596330275233,71.15384615384616,50.51282051282051,,52.86450247000706
37560492,Ivan Cvijanovic,Osijek,Defender,22.0,Croatia,10.0,591.0,0.0,1.0,5.0,0.0,339.0,80.53,11.0,6.0,52.0,35.0,1.0,0.0,6.66,1.0,0.0,2.0,10.0,2.0,0.0,61.0,22.0,2.0,14.0,37.0,0.0,0.0,12.0,2.0,0.0,0.0,0.1522842639593908,0.7614213197969543,0.0,51.6243654822335,1.6751269035532994,0.9137055837563453,0.1522842639593908,0.1522842639593908,0.0,0.3045685279187817,1.5228426395939083,0.3045685279187817,0.0,9.289340101522845,3.350253807106599,0.3045685279187817,2.1319796954314723,5.634517766497462,0.0,1.8274111675126905,20.0,0.0,0.0,0.8053,67.3076923076923,59.1,0.1522842639593908,0.0,0.0,36.0655737704918,27.235772357723572,68.29268292682927,60.16260162601626,56.88073394495412,26.452599388379202,52.47706422018348,74.90825688073394,55.48780487804878,59.65447154471545,,52.39539046766614
74125,Mateo Barac,Varaždin,Defender,31.0,Croatia,10.0,584.0,1.0,0.0,5.0,3.0,241.0,77.59,11.0,6.0,35.0,17.0,0.0,0.0,6.62,1.0,0.0,2.0,3.0,0.0,0.0,77.0,39.0,1.0,4.0,35.0,0.0,0.0,10.0,4.0,0.0,0.1541095890410959,0.0,0.7705479452054794,0.4623287671232877,37.14041095890411,1.6952054794520548,0.9246575342465754,0.0,0.1541095890410959,0.0,0.3082191780821918,0.4623287671232877,0.0,0.0,11.866438356164384,6.010273972602739,0.1541095890410959,0.6164383561643836,5.3938356164383565,0.0,1.5410958904109588,40.0,60.0,20.0,0.7759,48.57142857142857,58.4,0.1541095890410959,0.0,0.0,50.64935064935065,95.52845528455286,27.4390243902439,35.16260162601626,93.11926605504587,9.63302752293578,45.596330275229356,54.56422018348623,36.1280487804878,39.53252032520325,,56.75095099574849
183566,Jakov Biljan,Vukovar,Midfielder,30.0,Croatia,14.0,581.0,0.0,0.0,4.0,0.0,143.0,81.12,10.0,8.0,57.0,31.0,3.0,0.0,6.52,3.0,1.0,2.0,7.0,3.0,1.0,15.0,5.0,5.0,14.0,15.0,0.0,0.0,12.0,2.0,0.0,0.0,0.0,0.6196213425129088,0.0,22.15146299483649,1.549053356282272,1.2392426850258176,0.4647160068846815,0.4647160068846815,0.1549053356282272,0.3098106712564544,1.0843373493975903,0.4647160068846815,0.1549053356282272,2.323580034423408,0.774526678141136,0.774526678141136,2.1686746987951806,2.323580034423408,0.0,1.8588640275387265,14.285714285714286,0.0,0.0,0.8112,54.3859649122807,41.5,0.0,33.333333333333336,33.333333333333336,33.333333333333336,10.256410256410257,22.82051282051282,63.58974358974359,4.587155963302749,31.345565749235476,37.981651376146786,63.94495412844036,22.115384615384617,42.56410256410257,,29.458715596330276
37728805,Dukan Ahmeti,Istra 1961,Midfielder,18.0,Croatia,13.0,576.0,0.0,0.0,6.0,1.0,168.0,79.17,6.0,3.0,85.0,33.0,1.0,0.0,6.52,18.0,4.0,10.0,13.0,9.0,3.0,7.0,2.0,8.0,10.0,5.0,0.0,0.0,7.0,2.0,0.0,0.0,0.0,0.9375,0.15625,26.25,0.9375,0.46875,0.15625,2.8125,0.625,1.5625,2.03125,1.40625,0.46875,1.09375,0.3125,1.25,1.5625,0.78125,0.0,1.09375,15.384615384615383,16.666666666666668,0.0,0.7917000000000001,38.8235294117647,44.30769230769231,0.0,22.22222222222222,33.333333333333336,28.571428571428573,16.923076923076923,19.74358974358974,9.743589743589743,54.587155963302756,52.06422018348624,44.12844036697248,26.444954128440365,30.961538461538467,17.17948717948718,,19.3817925194072
24082533,Karlo Isasegi,Slaven Koprivnica,Defender,25.0,Croatia,15.0,570.0,0.0,1.0,2.0,1.0,208.0,78.85,18.0,7.0,69.0,30.0,1.0,0.0,6.59,14.0,5.0,10.0,5.0,27.0,6.0,25.0,15.0,9.0,2.0,17.0,0.0,0.0,10.0,5.0,0.0,0.0,0.1578947368421052,0.3157894736842105,0.1578947368421052,32.8421052631579,2.8421052631578947,1.105263157894737,0.1578947368421052,2.210526315789474,0.7894736842105263,1.5789473684210529,0.7894736842105263,4.2631578947368425,0.9473684210526316,3.947368421052632,2.3684210526315788,1.4210526315789471,0.3157894736842105,2.6842105263157894,0.0,1.5789473684210529,33.333333333333336,50.0,0.0,0.7885,43.47826086956522,38.0,0.1578947368421052,35.714285714285715,22.22222222222222,60.0,42.68292682926829,46.34146341463415,50.40650406504065,54.12844036697248,42.88990825688074,64.58715596330276,51.19266055045871,72.25609756097562,49.59349593495935,,47.24211232938018
84515,Gregor Sikosek,Varaždin,Defender,32.0,Slovenia,11.0,562.0,0.0,1.0,5.0,1.0,201.0,70.15,16.0,8.0,60.0,34.0,2.0,0.0,6.81,3.0,0.0,4.0,8.0,25.0,4.0,40.0,14.0,9.0,10.0,28.0,0.0,0.0,5.0,4.0,0.0,0.0,0.1601423487544484,0.800711743772242,0.1601423487544484,32.188612099644125,2.5622775800711746,1.2811387900355873,0.3202846975088968,0.4804270462633452,0.0,0.6405693950177936,1.2811387900355873,4.00355871886121,0.6405693950177936,6.405693950177936,2.2419928825622777,1.4412811387900355,1.601423487544484,4.483985765124555,0.0,0.800711743772242,36.36363636363637,20.0,0.0,0.7015,56.66666666666666,51.09090909090909,0.1601423487544484,0.0,16.0,35.0,43.08943089430894,36.58536585365854,71.95121951219512,15.596330275229349,23.700305810397552,55.22935779816514,74.67889908256879,63.71951219512195,55.94512195121951,,47.04743790557171
21404328,Antonio Đaković,Vukovar,Goalkeeper,25.0,Croatia,6.0,540.0,0.0,0.0,0.0,0.0,123.0,65.85,1.0,0.0,6.0,4.0,0.0,0.0,7.05,0.0,0.0,1.0,1.0,0.0,0.0,68.0,27.0,0.0,2.0,10.0,27.0,22.0,14.0,1.0,0.0,0.0,0.0,0.0,0.0,20.5,0.1666666666666666,0.0,0.0,0.0,0.0,0.1666666666666666,0.1666666666666666,0.0,0.0,11.333333333333334,4.5,0.0,0.3333333333333333,1.6666666666666667,4.5,2.333333333333333,16.666666666666668,0.0,0.0,0.6585,66.66666666666667,90.0,0.0,0.0,0.0,39.70588235294117,52.94117647058824,35.29411764705882,47.05882352941176,93.11926605504587,5.504587155963303,25.550458715596328,33.555045871559635,36.029411764705884,42.647058823529406,40.0,49.90016189962223
37549543,Christian Ouguehi Legbo,Rijeka,Attacker,24.0,Ivory Coast,14.0,527.0,0.0,0.0,3.0,1.0,163.0,77.91,7.0,5.0,61.0,29.0,0.0,1.0,6.53,20.0,9.0,1.0,12.0,19.0,8.0,21.0,6.0,10.0,1.0,8.0,0.0,0.0,11.0,7.0,0.0,0.0,0.0,0.5123339658444023,0.1707779886148007,27.836812144212523,1.1954459203036054,0.8538899430740038,0.1707779886148007,3.415559772296015,1.537001897533207,0.1707779886148007,2.049335863377609,3.2447817836812143,1.366223908918406,3.586337760910816,1.0246679316888043,1.7077798861480076,0.1707779886148007,1.366223908918406,0.0,1.8785578747628084,50.0,33.333333333333336,0.0,0.7791,47.540983606557376,37.642857142857146,0.0,45.0,42.10526315789474,28.571428571428573,5.5555555555555545,56.79012345679013,75.30864197530865,50.91743119266055,74.77064220183486,57.24770642201835,32.316513761467895,70.37037037037038,79.32098765432099,,46.38803941556235
61320,Aleksandar Trajkovski,Lokomotiva Zagreb,Attacker,33.0,Macedonia,10.0,526.0,1.0,2.0,8.0,3.0,133.0,80.45,7.0,3.0,64.0,24.0,0.0,0.0,6.73,11.0,1.0,0.0,11.0,16.0,7.0,10.0,9.0,12.0,5.0,2.0,0.0,0.0,12.0,0.0,0.0,0.1711026615969581,0.3422053231939163,1.368821292775665,0.5133079847908745,22.75665399239544,1.1977186311787071,0.5133079847908745,0.0,1.88212927756654,0.1711026615969581,0.0,1.88212927756654,2.7376425855513307,1.1977186311787071,1.7110266159695815,1.5399239543726235,2.053231939163498,0.8555133079847909,0.3422053231939163,0.0,2.053231939163498,0.0,37.5,12.5,0.8045,37.5,52.6,0.5133079847908745,9.090909090909092,43.75,90.0,39.197530864197525,80.24691358024691,41.358024691358025,93.11926605504587,38.379204892966364,59.72477064220184,21.674311926605505,68.05555555555556,63.04012345679013,,57.55266734624532
19624018,Adrian Liber,Slaven Koprivnica,Midfielder,25.0,Croatia,15.0,521.0,1.0,0.0,5.0,1.0,156.0,75.64,8.0,3.0,48.0,20.0,0.0,0.0,6.54,12.0,7.0,6.0,4.0,3.0,0.0,13.0,5.0,5.0,2.0,4.0,0.0,0.0,12.0,2.0,0.0,0.1727447216890595,0.0,0.8637236084452975,0.1727447216890595,26.94817658349328,1.381957773512476,0.5182341650671785,0.0,2.072936660268714,1.2092130518234163,1.036468330134357,0.690978886756238,0.5182341650671785,0.0,2.2456813819577737,0.8637236084452975,0.8637236084452975,0.345489443378119,0.690978886756238,0.0,2.072936660268714,13.333333333333334,20.0,20.0,0.7564,41.66666666666666,34.733333333333334,0.1727447216890595,58.333333333333336,0.0,38.46153846153846,66.41025641025641,15.12820512820513,21.538461538461537,93.11926605504587,62.61467889908258,30.18348623853211,23.050458715596328,39.80769230769231,19.23076923076923,,40.23500352858151
37266041,Jakov Suver,Vukovar,Defender,23.0,Croatia,7.0,521.0,0.0,0.0,2.0,1.0,207.0,82.61,8.0,8.0,33.0,21.0,0.0,0.0,6.68,1.0,1.0,8.0,2.0,4.0,1.0,27.0,12.0,2.0,10.0,34.0,0.0,0.0,12.0,0.0,0.0,0.0,0.0,0.345489443378119,0.1727447216890595,35.758157389635315,1.381957773512476,1.381957773512476,0.0,0.1727447216890595,0.1727447216890595,1.381957773512476,0.345489443378119,0.690978886756238,0.1727447216890595,4.664107485604607,2.072936660268714,0.345489443378119,1.727447216890595,5.873320537428023,0.0,2.072936660268714,0.0,50.0,0.0,0.8261,63.63636363636363,74.42857142857143,0.0,100.0,25.0,44.44444444444444,45.1219512195122,35.56910569105691,67.07317073170732,93.11926605504587,44.64831804281346,50.642201834862384,77.86697247706422,33.079268292682926,54.420731707317074,,53.641194898187514
37556504,Paul Tabinas,Dinamo Zagreb,Defender,24.0,Philippines,9.0,505.0,0.0,1.0,2.0,0.0,123.0,75.61,12.0,4.0,58.0,29.0,0.0,0.0,6.48,12.0,6.0,6.0,2.0,20.0,4.0,15.0,3.0,4.0,9.0,20.0,0.0,0.0,11.0,1.0,0.0,0.0,0.1782178217821782,0.3564356435643564,0.0,21.92079207920792,2.1386138613861387,0.7128712871287128,0.0,2.1386138613861387,1.0693069306930694,1.0693069306930694,0.3564356435643564,3.5643564356435644,0.7128712871287128,2.6732673267326734,0.5346534653465347,0.7128712871287128,1.603960396039604,3.5643564356435644,0.0,1.9603960396039604,11.11111111111111,0.0,0.0,0.7561,50.0,56.11111111111112,0.1782178217821782,50.0,20.0,20.0,27.235772357723572,37.39837398373984,40.24390243902439,93.11926605504587,50.61162079510703,36.42201834862386,62.45412844036697,64.02439024390245,30.792682926829265,,40.77534123965093
540173,Sandro Kulenovic,Dinamo Zagreb,Attacker,26.0,Croatia,16.0,505.0,6.0,0.0,21.0,10.0,150.0,72.67,5.0,2.0,64.0,31.0,4.0,0.0,6.93,5.0,2.0,2.0,9.0,2.0,0.0,7.0,4.0,5.0,17.0,5.0,0.0,0.0,6.0,6.0,0.0,1.0693069306930694,0.0,3.742574257425743,1.7821782178217822,26.73267326732673,0.8910891089108911,0.3564356435643564,0.7128712871287128,0.8910891089108911,0.3564356435643564,0.3564356435643564,1.603960396039604,0.3564356435643564,0.0,1.2475247524752475,0.7128712871287128,0.8910891089108911,3.0297029702970297,0.8910891089108911,0.0,1.0693069306930694,37.5,47.61904761904762,28.571428571428573,0.7267,48.4375,31.5625,1.0693069306930694,40.0,0.0,57.142857142857146,98.76543209876543,46.91358024691359,51.85185185185185,0.9174311926605441,49.23547400611621,27.247706422018346,35.36697247706422,28.24074074074074,54.629629629629626,,59.35100237852531
23287457,Yannick Toure,Osijek,Attacker,25.0,Switzerland,11.0,495.0,0.0,1.0,8.0,3.0,83.0,74.7,4.0,1.0,62.0,24.0,0.0,0.0,6.6,10.0,2.0,0.0,6.0,3.0,1.0,3.0,2.0,8.0,13.0,8.0,0.0,0.0,7.0,5.0,0.0,0.0,0.1818181818181818,1.4545454545454546,0.5454545454545454,15.090909090909092,0.7272727272727273,0.1818181818181818,0.0,1.818181818181818,0.3636363636363636,0.0,1.0909090909090908,0.5454545454545454,0.1818181818181818,0.5454545454545454,0.3636363636363636,1.4545454545454546,2.363636363636364,1.4545454545454546,0.0,1.2727272727272727,45.45454545454545,37.5,0.0,0.747,38.70967741935484,45.0,0.1818181818181818,20.0,33.333333333333336,66.66666666666667,16.04938271604938,45.06172839506172,17.28395061728395,93.11926605504587,35.015290519877674,33.57798165137615,33.05045871559633,41.203703703703695,29.706790123456788,,32.8304451240231
37701794,Leon Bošnjak,Slaven Koprivnica,Midfielder,20.0,Croatia,15.0,485.0,0.0,1.0,3.0,0.0,200.0,77.0,11.0,5.0,71.0,38.0,3.0,1.0,6.53,14.0,8.0,6.0,11.0,5.0,2.0,8.0,5.0,13.0,8.0,4.0,0.0,0.0,13.0,2.0,0.0,0.0,0.1855670103092783,0.5567010309278351,0.0,37.11340206185567,2.0412371134020617,0.9278350515463918,0.7422680412371134,2.597938144329897,1.4845360824742269,1.11340206185567,2.0412371134020617,0.9278350515463918,0.3711340206185567,1.4845360824742269,0.9278350515463918,2.4123711340206184,1.4845360824742269,0.7422680412371134,0.0,2.4123711340206184,13.333333333333334,0.0,0.0,0.77,53.52112676056338,32.333333333333336,0.1855670103092783,57.142857142857146,40.0,62.5,10.256410256410257,52.82051282051282,61.79487179487179,0.45871559633027914,83.18042813455656,56.33027522935779,50.298165137614674,66.53846153846155,52.628205128205124,,37.50741002117149
37738667,Sule Wisdom Aondowase,Gorica,Attacker,22.0,,13.0,483.0,0.0,1.0,13.0,1.0,71.0,64.79,4.0,0.0,79.0,31.0,2.0,0.0,6.54,7.0,1.0,4.0,16.0,2.0,0.0,5.0,3.0,3.0,10.0,3.0,0.0,0.0,8.0,4.0,0.0,0.0,0.186335403726708,2.422360248447205,0.186335403726708,13.229813664596271,0.7453416149068323,0.0,0.3726708074534161,1.3043478260869563,0.186335403726708,0.7453416149068323,2.981366459627329,0.3726708074534161,0.0,0.9316770186335404,0.5590062111801242,0.5590062111801242,1.8633540372670807,0.5590062111801242,0.0,1.4906832298136643,30.76923076923077,7.6923076923076925,0.0,0.6479,39.24050632911393,37.15384615384615,0.186335403726708,14.285714285714286,0.0,60.0,6.172839506172839,26.543209876543205,16.049382716049383,9.174311926605512,44.80122324159021,14.22018348623853,18.348623853211013,28.24074074074074,17.28395061728395,,15.54706082229018
37583451,Gabriel Rukavina,Rijeka,Attacker,22.0,Croatia,13.0,478.0,0.0,0.0,7.0,1.0,130.0,78.46,5.0,3.0,62.0,28.0,1.0,0.0,6.53,21.0,7.0,2.0,13.0,20.0,3.0,2.0,1.0,3.0,4.0,9.0,0.0,0.0,9.0,5.0,0.0,0.0,0.0,1.3179916317991631,0.1882845188284518,24.476987447698743,0.9414225941422594,0.5648535564853556,0.1882845188284518,3.9539748953974896,1.3179916317991631,0.3765690376569037,2.4476987447698746,3.7656903765690375,0.5648535564853556,0.3765690376569037,0.1882845188284518,0.5648535564853556,0.7531380753138075,1.6945606694560669,0.0,1.6945606694560669,38.46153846153846,14.285714285714286,0.0,0.7846,45.16129032258065,36.76923076923077,0.0,33.333333333333336,15.0,50.0,6.7901234567901225,51.85185185185185,58.02469135802469,45.642201834862384,67.58409785932722,35.87155963302752,31.731651376146793,27.314814814814813,49.15123456790124,,39.56422018348624
37627239,Noel Bodetic,Rijeka,Defender,22.0,Croatia,9.0,474.0,0.0,1.0,7.0,2.0,232.0,86.21,7.0,4.0,27.0,12.0,0.0,0.0,6.87,3.0,2.0,4.0,0.0,41.0,9.0,26.0,12.0,9.0,3.0,9.0,0.0,0.0,6.0,3.0,0.0,0.0,0.189873417721519,1.3291139240506329,0.379746835443038,44.050632911392405,1.3291139240506329,0.759493670886076,0.0,0.569620253164557,0.379746835443038,0.759493670886076,0.0,7.784810126582278,1.7088607594936709,4.936708860759493,2.278481012658228,1.7088607594936709,0.569620253164557,1.7088607594936709,0.0,1.139240506329114,33.333333333333336,28.571428571428573,0.0,0.8621,44.44444444444444,52.66666666666666,0.189873417721519,66.66666666666667,21.951219512195124,46.15384615384615,54.471544715447145,75.60975609756098,17.682926829268293,93.11926605504587,43.195718654434245,80.91743119266053,36.94954128440367,73.17073170731707,43.44512195121951,,53.64119489818751
38202103,Gabrijel Sivalec,Slaven Koprivnica,Attacker,18.0,Croatia,18.0,474.0,0.0,1.0,7.0,1.0,132.0,79.55,10.0,3.0,48.0,20.0,0.0,0.0,6.51,16.0,6.0,7.0,3.0,12.0,2.0,8.0,3.0,3.0,1.0,5.0,0.0,0.0,10.0,1.0,0.0,0.0,0.189873417721519,1.3291139240506329,0.189873417721519,25.063291139240505,1.8987341772151896,0.569620253164557,0.0,3.037974683544304,1.139240506329114,1.3291139240506329,0.569620253164557,2.278481012658228,0.379746835443038,1.518987341772152,0.569620253164557,0.569620253164557,0.189873417721519,0.9493670886075948,0.0,1.8987341772151896,5.555555555555555,14.285714285714286,0.0,0.7955,41.66666666666666,26.33333333333333,0.189873417721519,37.5,16.666666666666668,37.5,7.407407407407407,75.92592592592592,58.02469135802469,93.11926605504587,44.877675840978604,38.57798165137615,29.793577981651374,54.62962962962962,57.0216049382716,,51.71933401291199
37777176,Miloš Jovičić,Osijek,Attacker,20.0,,11.0,471.0,1.0,0.0,9.0,7.0,133.0,64.66,10.0,6.0,53.0,21.0,0.0,0.0,6.65,10.0,4.0,5.0,4.0,10.0,1.0,11.0,1.0,5.0,3.0,13.0,0.0,0.0,5.0,6.0,0.0,0.1910828025477707,0.0,1.7197452229299364,1.3375796178343948,25.414012738853504,1.910828025477707,1.1464968152866242,0.0,1.910828025477707,0.7643312101910829,0.9554140127388536,0.7643312101910829,1.910828025477707,0.1910828025477707,2.1019108280254777,0.1910828025477707,0.9554140127388536,0.5732484076433121,2.484076433121019,0.0,0.9554140127388536,54.54545454545455,77.77777777777777,11.11111111111111,0.6466,39.62264150943396,42.81818181818182,0.1910828025477707,40.0,10.0,9.090909090909092,60.802469135802475,32.098765432098766,67.28395061728395,93.11926605504587,44.4954128440367,27.889908256880734,47.08715596330275,46.75925925925926,50.54012345679012,,57.367482161060146
73704,Alen Grgic,Slaven Koprivnica,Attacker,31.0,Croatia,8.0,463.0,1.0,1.0,8.0,2.0,103.0,67.96,0.0,5.0,50.0,21.0,0.0,0.0,6.7,9.0,2.0,3.0,8.0,18.0,5.0,6.0,5.0,11.0,11.0,2.0,0.0,0.0,9.0,2.0,0.0,0.1943844492440604,0.1943844492440604,1.5550755939524838,0.3887688984881209,20.021598272138228,0.0,0.9719222462203024,0.0,1.7494600431965444,0.3887688984881209,0.5831533477321814,1.5550755939524838,3.4989200863930887,0.9719222462203024,1.1663066954643628,0.9719222462203024,2.138228941684665,2.138228941684665,0.3887688984881209,0.0,1.7494600431965444,25.0,25.0,12.5,0.6796,42.0,57.875,0.3887688984881209,22.22222222222222,27.77777777777778,83.33333333333333,39.81481481481481,44.44444444444445,44.444444444444436,93.11926605504587,42.73700305810397,45.59633027522936,33.096330275229356,60.18518518518519,53.00925925925925,,47.923037716615696
37754863,Ivano Kolarik,Osijek,Defender,19.0,,8.0,450.0,0.0,0.0,4.0,1.0,232.0,84.05,10.0,6.0,47.0,22.0,3.0,0.0,6.76,2.0,1.0,5.0,4.0,2.0,0.0,26.0,6.0,4.0,7.0,26.0,0.0,0.0,4.0,5.0,0.0,0.0,0.0,0.8,0.2,46.4,2.0,1.2,0.6,0.4,0.2,1.0,0.8,0.4,0.0,5.2,1.2,0.8,1.4,5.2,0.0,0.8,62.5,25.0,0.0,0.8405,46.80851063829788,56.25,0.0,50.0,0.0,23.07692307692308,47.5609756097561,50.8130081300813,47.35772357723577,1.8348623853211024,40.366972477064216,50.77981651376147,61.28440366972477,43.140243902439025,50.73678861788618,,43.902998433654055
22493418,Nikola Curcija,Osijek,Goalkeeper,25.0,Canada,5.0,450.0,0.0,0.0,0.0,0.0,135.0,62.96,0.0,0.0,3.0,3.0,0.0,0.0,6.64,0.0,0.0,0.0,1.0,0.0,0.0,72.0,22.0,0.0,3.0,12.0,11.0,9.0,8.0,1.0,0.0,0.0,0.0,0.0,0.0,27.0,0.0,0.0,0.0,0.0,0.0,0.0,0.2,0.0,0.0,14.4,4.4,0.0,0.6,2.4,2.2,1.6,20.0,0.0,0.0,0.6296,100.0,90.0,0.0,0.0,0.0,30.55555555555556,52.94117647058824,39.21568627450981,50.0,93.11926605504587,6.269113149847095,27.935779816513758,38.5091743119266,52.205882352941174,43.38235294117647,31.764705882352946,51.958985429034
24818171,Tornike Morchiladze,Rijeka,Attacker,24.0,Georgia,10.0,445.0,0.0,0.0,11.0,0.0,153.0,82.35,4.0,3.0,77.0,27.0,2.0,0.0,6.53,21.0,8.0,11.0,10.0,20.0,4.0,4.0,3.0,9.0,6.0,6.0,0.0,0.0,5.0,3.0,0.0,0.0,0.0,2.224719101123596,0.0,30.9438202247191,0.8089887640449438,0.6067415730337079,0.4044943820224719,4.247191011235955,1.6179775280898876,2.224719101123596,2.02247191011236,4.044943820224719,0.8089887640449438,0.8089887640449438,0.6067415730337079,1.820224719101124,1.2134831460674158,1.2134831460674158,0.0,1.0112359550561798,30.0,0.0,0.0,0.8234999999999999,35.064935064935064,44.5,0.0,38.095238095238095,20.0,75.0,,,,,,,,,,,
37719908,Bruno Durdov,Hajduk Split,Attacker,18.0,Croatia,16.0,415.0,0.0,1.0,15.0,3.0,123.0,69.92,10.0,2.0,53.0,20.0,1.0,0.0,6.63,21.0,6.0,5.0,4.0,19.0,4.0,15.0,9.0,8.0,0.0,2.0,0.0,0.0,4.0,7.0,0.0,0.0,0.216867469879518,3.253012048192771,0.6506024096385542,26.674698795180724,2.1686746987951806,0.4337349397590361,0.216867469879518,4.554216867469879,1.3012048192771084,1.0843373493975903,0.8674698795180723,4.120481927710843,0.8674698795180723,3.253012048192771,1.9518072289156627,1.7349397590361446,0.0,0.4337349397590361,0.0,0.8674698795180723,43.75,20.0,0.0,0.6992,37.735849056603776,25.9375,0.216867469879518,28.571428571428573,21.05263157894737,60.0,,,,,,,,,,,
537374,Théo Epailly,Gorica,Attacker,27.0,France,14.0,400.0,0.0,1.0,8.0,0.0,81.0,76.54,5.0,1.0,78.0,36.0,0.0,0.0,6.55,24.0,10.0,3.0,16.0,7.0,0.0,7.0,3.0,3.0,5.0,10.0,0.0,0.0,6.0,4.0,0.0,0.0,0.225,1.8,0.0,18.225,1.125,0.225,0.0,5.4,2.25,0.675,3.6,1.575,0.0,1.575,0.675,0.675,1.125,2.25,0.0,1.35,28.571428571428573,0.0,0.0,0.7654000000000001,46.15384615384615,28.571428571428573,0.225,41.66666666666666,0.0,42.85714285714285,,,,,,,,,,,
383556,Edgar González,Hajduk Split,Defender,29.0,Spain,6.0,392.0,0.0,0.0,0.0,0.0,330.0,90.3,6.0,7.0,39.0,25.0,0.0,0.0,6.77,2.0,0.0,2.0,4.0,0.0,0.0,19.0,5.0,0.0,15.0,20.0,0.0,0.0,4.0,2.0,0.0,0.0,0.0,0.0,0.0,75.76530612244898,1.3775510204081634,1.6071428571428572,0.0,0.4591836734693877,0.0,0.4591836734693877,0.9183673469387756,0.0,0.0,4.362244897959184,1.1479591836734695,0.0,3.443877551020408,4.591836734693878,0.0,0.9183673469387756,33.333333333333336,0.0,0.0,0.903,64.1025641025641,65.33333333333333,0.0,0.0,0.0,26.31578947368421,,,,,,,,,,,
37287270,Dominik Mulac,Vukovar,Defender,27.0,Croatia,7.0,383.0,0.0,0.0,5.0,2.0,140.0,74.29,3.0,8.0,22.0,10.0,1.0,0.0,6.62,2.0,2.0,2.0,0.0,1.0,1.0,22.0,7.0,1.0,5.0,20.0,0.0,0.0,8.0,0.0,0.0,0.0,0.0,1.174934725848564,0.4699738903394256,32.89817232375979,0.7049608355091384,1.8798955613577024,0.2349869451697128,0.4699738903394256,0.4699738903394256,0.4699738903394256,0.0,0.2349869451697128,0.2349869451697128,5.169712793733681,1.6449086161879896,0.2349869451697128,1.174934725848564,4.699738903394256,0.0,1.8798955613577024,0.0,40.0,0.0,0.7429000000000001,45.45454545454545,54.71428571428572,0.0,100.0,100.0,31.818181818181817,,,,,,,,,,,
37709571,Lovre Kulusic,Vukovar,Midfielder,19.0,Croatia,7.0,363.0,0.0,0.0,6.0,3.0,49.0,63.27,2.0,1.0,58.0,19.0,3.0,0.0,6.33,4.0,1.0,2.0,4.0,1.0,0.0,2.0,1.0,0.0,12.0,3.0,0.0,0.0,6.0,2.0,0.0,0.0,0.0,1.487603305785124,0.743801652892562,12.148760330578511,0.4958677685950413,0.2479338842975206,0.743801652892562,0.9917355371900828,0.2479338842975206,0.4958677685950413,0.9917355371900828,0.2479338842975206,0.0,0.4958677685950413,0.2479338842975206,0.0,2.975206611570248,0.743801652892562,0.0,1.487603305785124,28.571428571428573,50.0,0.0,0.6327,32.758620689655174,51.85714285714285,0.0,25.0,0.0,50.0,,,,,,,,,,,
5666584,Josip Silic,Varaždin,Goalkeeper,26.0,Croatia,4.0,360.0,0.0,0.0,0.0,0.0,93.0,54.84,0.0,0.0,2.0,2.0,2.0,0.0,6.97,0.0,0.0,0.0,2.0,0.0,0.0,60.0,19.0,0.0,0.0,7.0,15.0,10.0,6.0,1.0,0.0,0.0,0.0,0.0,0.0,23.25,0.0,0.0,0.5,0.0,0.0,0.0,0.5,0.0,0.0,15.0,4.75,0.0,0.0,1.75,3.75,1.5,25.0,0.0,0.0,0.5484,100.0,90.0,0.0,0.0,0.0,31.666666666666668,,,,,,,,,,,
448372,Gonzalo Villar,Dinamo Zagreb,Midfielder,28.0,Spain,11.0,356.0,1.0,1.0,5.0,2.0,247.0,88.66,6.0,1.0,47.0,29.0,1.0,0.0,6.75,11.0,6.0,4.0,14.0,5.0,1.0,15.0,9.0,3.0,3.0,1.0,0.0,0.0,5.0,3.0,0.0,0.2528089887640449,0.2528089887640449,1.2640449438202248,0.5056179775280899,62.443820224719104,1.5168539325842696,0.2528089887640449,0.2528089887640449,2.7808988764044944,1.5168539325842696,1.0112359550561798,3.539325842696629,1.2640449438202248,0.2528089887640449,3.792134831460674,2.2752808988764044,0.7584269662921348,0.7584269662921348,0.2528089887640449,0.0,1.2640449438202248,27.272727272727277,40.0,20.0,0.8865999999999999,61.70212765957447,32.36363636363637,0.5056179775280899,54.54545454545455,20.0,60.0,,,,,,,,,,,
6642534,Rüfat Abdullazada,Varaždin,Midfielder,25.0,Azerbaijan,9.0,355.0,0.0,2.0,6.0,1.0,113.0,76.99,4.0,2.0,51.0,17.0,0.0,0.0,6.54,11.0,4.0,8.0,5.0,6.0,0.0,7.0,5.0,8.0,4.0,1.0,0.0,0.0,5.0,3.0,0.0,0.0,0.5070422535211268,1.5211267605633805,0.2535211267605634,28.64788732394366,1.0140845070422535,0.5070422535211268,0.0,2.788732394366197,1.0140845070422535,2.028169014084507,1.267605633802817,1.5211267605633805,0.0,1.7746478873239435,1.267605633802817,2.028169014084507,1.0140845070422535,0.2535211267605634,0.0,1.267605633802817,33.333333333333336,16.666666666666668,0.0,0.7698999999999999,33.333333333333336,39.44444444444444,0.5070422535211268,36.36363636363637,0.0,71.42857142857143,,,,,,,,,,,
462256,Marin Pilj,Vukovar,Midfielder,29.0,Croatia,8.0,354.0,0.0,0.0,3.0,1.0,164.0,86.59,6.0,1.0,30.0,15.0,4.0,0.0,6.54,3.0,3.0,6.0,6.0,2.0,1.0,12.0,8.0,3.0,0.0,7.0,0.0,0.0,6.0,0.0,0.0,0.0,0.0,0.7627118644067796,0.2542372881355932,41.69491525423729,1.5254237288135593,0.2542372881355932,1.0169491525423728,0.7627118644067796,0.7627118644067796,1.5254237288135593,1.5254237288135593,0.5084745762711864,0.2542372881355932,3.0508474576271185,2.0338983050847457,0.7627118644067796,0.0,1.7796610169491525,0.0,1.5254237288135593,0.0,33.333333333333336,0.0,0.8659,50.0,44.25,0.0,100.0,50.0,66.66666666666667,,,,,,,,,,,
37332132,Alejandro Jay,Istra 1961,Defender,23.0,Spain,10.0,349.0,0.0,0.0,1.0,0.0,129.0,71.32,9.0,6.0,41.0,23.0,1.0,0.0,6.57,13.0,8.0,4.0,4.0,10.0,0.0,12.0,1.0,2.0,2.0,4.0,0.0,0.0,4.0,1.0,0.0,0.0,0.0,0.2578796561604584,0.0,33.26647564469914,2.320916905444126,1.5472779369627507,0.2578796561604584,3.35243553008596,2.0630372492836675,1.0315186246418335,1.0315186246418335,2.5787965616045847,0.0,3.094555873925501,0.2578796561604584,0.5157593123209169,0.5157593123209169,1.0315186246418335,0.0,1.0315186246418335,10.0,0.0,0.0,0.7132,56.09756097560975,34.9,0.0,61.53846153846154,0.0,8.333333333333334,,,,,,,,,,,
37609018,Marcel Lorber,Lokomotiva Zagreb,Midfielder,22.0,Slovenia,10.0,348.0,0.0,0.0,2.0,1.0,124.0,84.68,15.0,3.0,50.0,25.0,1.0,0.0,6.65,8.0,2.0,4.0,5.0,6.0,3.0,12.0,8.0,4.0,3.0,8.0,0.0,0.0,4.0,3.0,0.0,0.0,0.0,0.5172413793103449,0.2586206896551724,32.06896551724138,3.8793103448275854,0.7758620689655172,0.2586206896551724,2.0689655172413794,0.5172413793103449,1.0344827586206895,1.293103448275862,1.5517241379310345,0.7758620689655172,3.103448275862069,2.0689655172413794,1.0344827586206895,0.7758620689655172,2.0689655172413794,0.0,1.0344827586206895,30.0,50.0,0.0,0.8468000000000001,50.0,34.8,0.0,25.0,50.0,66.66666666666667,,,,,,,,,,,
4545523,Rafael Camacho,Vukovar,Attacker,26.0,Portugal,9.0,340.0,0.0,1.0,4.0,1.0,64.0,71.88,4.0,0.0,33.0,10.0,1.0,0.0,6.52,7.0,2.0,4.0,1.0,16.0,5.0,4.0,1.0,4.0,3.0,2.0,0.0,0.0,6.0,1.0,0.0,0.0,0.2647058823529412,1.0588235294117647,0.2647058823529412,16.941176470588236,1.0588235294117647,0.0,0.2647058823529412,1.8529411764705883,0.5294117647058824,1.0588235294117647,0.2647058823529412,4.235294117647059,1.3235294117647058,1.0588235294117647,0.2647058823529412,1.0588235294117647,0.7941176470588235,0.5294117647058824,0.0,1.588235294117647,11.11111111111111,25.0,0.0,0.7188,30.303030303030305,37.77777777777778,0.2647058823529412,28.571428571428573,31.25,25.0,,,,,,,,,,,
74849,Ivan Bozic,Slaven Koprivnica,Attacker,29.0,Croatia,6.0,330.0,1.0,0.0,7.0,4.0,67.0,77.61,6.0,1.0,34.0,16.0,1.0,1.0,6.76,4.0,1.0,1.0,3.0,11.0,2.0,2.0,1.0,7.0,6.0,2.0,0.0,0.0,4.0,0.0,0.0,0.2727272727272727,0.0,1.9090909090909087,1.0909090909090908,18.272727272727277,1.6363636363636365,0.2727272727272727,0.5454545454545454,1.0909090909090908,0.2727272727272727,0.2727272727272727,0.8181818181818182,3.0,0.5454545454545454,0.5454545454545454,0.2727272727272727,1.9090909090909087,1.6363636363636365,0.5454545454545454,0.0,1.0909090909090908,0.0,57.142857142857146,14.285714285714286,0.7761,47.05882352941177,55.0,0.2727272727272727,25.0,18.181818181818183,50.0,,,,,,,,,,,
37721623,Teo Barišić,Rijeka,Defender,21.0,Croatia,6.0,329.0,0.0,0.0,1.0,0.0,228.0,88.6,4.0,3.0,39.0,28.0,0.0,0.0,6.95,11.0,8.0,0.0,10.0,1.0,0.0,19.0,10.0,2.0,6.0,12.0,0.0,0.0,4.0,1.0,0.0,0.0,0.0,0.2735562310030395,0.0,62.37082066869301,1.094224924012158,0.8206686930091185,0.0,3.0091185410334345,2.188449848024316,0.0,2.735562310030395,0.2735562310030395,0.0,5.197568389057751,2.735562310030395,0.547112462006079,1.641337386018237,3.282674772036474,0.0,1.094224924012158,16.666666666666668,0.0,0.0,0.8859999999999999,71.7948717948718,54.833333333333336,0.0,72.72727272727273,0.0,52.63157894736842,,,,,,,,,,,
37667186,Noa Skoko,Hajduk Split,Midfielder,20.0,Croatia,10.0,316.0,0.0,0.0,5.0,1.0,150.0,80.67,14.0,2.0,49.0,25.0,0.0,0.0,6.62,9.0,3.0,4.0,5.0,3.0,0.0,5.0,3.0,7.0,3.0,2.0,0.0,0.0,8.0,3.0,0.0,0.0,0.0,1.4240506329113924,0.2848101265822785,42.721518987341774,3.9873417721518982,0.569620253164557,0.0,2.5632911392405062,0.8544303797468354,1.139240506329114,1.4240506329113924,0.8544303797468354,0.0,1.4240506329113924,0.8544303797468354,1.9936708860759491,0.8544303797468354,0.569620253164557,0.0,2.278481012658228,30.0,20.0,0.0,0.8067,51.02040816326531,31.6,0.0,33.333333333333336,0.0,60.0,,,,,,,,,,,
37910997,Dominik Thaqi,Rijeka,Attacker,19.0,,6.0,307.0,0.0,0.0,7.0,0.0,70.0,74.29,8.0,6.0,46.0,15.0,2.0,0.0,6.56,7.0,3.0,2.0,3.0,18.0,3.0,1.0,0.0,5.0,1.0,2.0,0.0,0.0,3.0,0.0,0.0,0.0,0.0,2.052117263843648,0.0,20.52117263843648,2.345276872964169,1.758957654723127,0.5863192182410424,2.052117263843648,0.8794788273615635,0.5863192182410424,0.8794788273615635,5.276872964169381,0.8794788273615635,0.2931596091205212,0.0,1.4657980456026058,0.2931596091205212,0.5863192182410424,0.0,0.8794788273615635,0.0,0.0,0.0,0.7429000000000001,32.608695652173914,51.16666666666666,0.0,42.85714285714285,16.666666666666668,0.0,,,,,,,,,,,
72677,Vedran Jugovic,Osijek,Midfielder,36.0,Croatia,8.0,302.0,0.0,0.0,2.0,0.0,108.0,83.33,3.0,2.0,26.0,8.0,0.0,0.0,6.39,3.0,2.0,4.0,3.0,9.0,1.0,7.0,3.0,1.0,1.0,2.0,0.0,0.0,11.0,1.0,0.0,0.0,0.0,0.5960264900662252,0.0,32.18543046357616,0.8940397350993378,0.5960264900662252,0.0,0.8940397350993378,0.5960264900662252,1.1920529801324504,0.8940397350993378,2.6821192052980134,0.2980132450331126,2.0860927152317883,0.8940397350993378,0.2980132450331126,0.2980132450331126,0.5960264900662252,0.0,3.2781456953642385,12.5,0.0,0.0,0.8332999999999999,30.76923076923077,37.75,0.0,66.66666666666667,11.11111111111111,42.85714285714285,,,,,,,,,,,
74068,Josip Elez,Vukovar,Defender,32.0,Croatia,5.0,298.0,0.0,0.0,0.0,0.0,177.0,84.75,3.0,3.0,28.0,14.0,1.0,0.0,6.43,2.0,2.0,3.0,1.0,1.0,0.0,36.0,21.0,2.0,9.0,11.0,0.0,0.0,10.0,0.0,0.0,0.0,0.0,0.0,0.0,53.45637583892618,0.906040268456376,0.906040268456376,0.3020134228187919,0.6040268456375839,0.6040268456375839,0.906040268456376,0.3020134228187919,0.3020134228187919,0.0,10.87248322147651,6.342281879194631,0.6040268456375839,2.718120805369128,3.3221476510067114,0.0,3.0201342281879198,0.0,0.0,0.0,0.8475,50.0,59.6,0.0,100.0,0.0,58.333333333333336,,,,,,,,,,,
37688867,Marino Skelin,Hajduk Split,Defender,19.0,Croatia,4.0,289.0,0.0,0.0,0.0,0.0,228.0,92.98,5.0,2.0,18.0,10.0,1.0,0.0,6.7,0.0,0.0,2.0,3.0,0.0,0.0,18.0,10.0,0.0,2.0,12.0,0.0,0.0,3.0,1.0,0.0,0.0,0.0,0.0,0.0,71.00346020761246,1.5570934256055364,0.6228373702422145,0.3114186851211072,0.0,0.0,0.6228373702422145,0.9342560553633218,0.0,0.0,5.6055363321799305,3.114186851211073,0.0,0.6228373702422145,3.737024221453287,0.0,0.9342560553633218,25.0,0.0,0.0,0.9298,55.55555555555556,72.25,0.0,0.0,0.0,55.55555555555556,,,,,,,,,,,
37717406,Cardoso Varela,Dinamo Zagreb,Attacker,17.0,Portugal,14.0,287.0,0.0,1.0,6.0,2.0,95.0,76.84,6.0,1.0,41.0,10.0,1.0,0.0,6.6,8.0,4.0,5.0,2.0,17.0,5.0,2.0,2.0,6.0,0.0,8.0,0.0,0.0,6.0,4.0,0.0,0.0,0.313588850174216,1.8815331010452965,0.627177700348432,29.790940766550523,1.8815331010452965,0.313588850174216,0.313588850174216,2.508710801393728,1.254355400696864,1.56794425087108,0.627177700348432,5.331010452961673,1.56794425087108,0.627177700348432,0.627177700348432,1.8815331010452965,0.0,2.508710801393728,0.0,1.8815331010452965,28.571428571428573,33.333333333333336,0.0,0.7684000000000001,24.390243902439025,20.5,0.313588850174216,50.0,29.41176470588235,100.0,,,,,,,,,,,
37645191,Luka Klanac,Vukovar,Attacker,21.0,Germany,8.0,284.0,0.0,0.0,5.0,2.0,37.0,72.97,2.0,2.0,34.0,11.0,1.0,0.0,6.54,5.0,1.0,2.0,1.0,1.0,0.0,0.0,0.0,1.0,7.0,3.0,0.0,0.0,4.0,1.0,0.0,0.0,0.0,1.5845070422535212,0.6338028169014085,11.725352112676056,0.6338028169014085,0.6338028169014085,0.3169014084507042,1.5845070422535212,0.3169014084507042,0.6338028169014085,0.3169014084507042,0.3169014084507042,0.0,0.0,0.0,0.3169014084507042,2.218309859154929,0.9507042253521126,0.0,1.267605633802817,12.5,40.0,0.0,0.7297,32.35294117647059,35.5,0.0,20.0,0.0,0.0,,,,,,,,,,,
37667185,Filip Zivkovic,Osijek,Attacker,19.0,Croatia,10.0,283.0,0.0,0.0,14.0,1.0,86.0,70.93,8.0,1.0,68.0,25.0,0.0,0.0,6.63,17.0,3.0,2.0,10.0,6.0,2.0,4.0,3.0,8.0,4.0,1.0,0.0,0.0,2.0,4.0,0.0,0.0,0.0,4.4522968197879855,0.3180212014134275,27.34982332155477,2.5441696113074204,0.3180212014134275,0.0,5.406360424028269,0.9540636042402828,0.6360424028268551,3.180212014134276,1.9081272084805652,0.6360424028268551,1.2720848056537102,0.9540636042402828,2.5441696113074204,1.2720848056537102,0.3180212014134275,0.0,0.6360424028268551,40.0,7.142857142857143,0.0,0.7093,36.76470588235294,28.3,0.0,17.647058823529413,33.333333333333336,75.0,,,,,,,,,,,
37696419,Noa Mikić,Dinamo Zagreb,Defender,19.0,Croatia,5.0,276.0,0.0,0.0,1.0,0.0,96.0,77.08,5.0,5.0,20.0,16.0,2.0,0.0,6.87,4.0,4.0,0.0,5.0,9.0,2.0,15.0,8.0,1.0,2.0,7.0,0.0,0.0,2.0,1.0,0.0,0.0,0.0,0.3260869565217391,0.0,31.30434782608696,1.6304347826086956,1.6304347826086956,0.6521739130434783,1.3043478260869563,1.3043478260869563,0.0,1.6304347826086956,2.9347826086956523,0.6521739130434783,4.891304347826087,2.608695652173913,0.3260869565217391,0.6521739130434783,2.282608695652174,0.0,0.6521739130434783,20.0,0.0,0.0,0.7707999999999999,80.0,55.2,0.0,100.0,22.22222222222222,53.333333333333336,,,,,,,,,,,
73929,Petar Bockaj,Varaždin,Defender,29.0,Croatia,11.0,274.0,0.0,0.0,13.0,5.0,127.0,74.8,6.0,2.0,40.0,21.0,1.0,0.0,6.69,12.0,4.0,1.0,11.0,36.0,5.0,28.0,19.0,14.0,0.0,1.0,0.0,0.0,4.0,2.0,0.0,0.0,0.0,4.2700729927007295,1.6423357664233578,41.71532846715328,1.9708029197080288,0.656934306569343,0.3284671532846715,3.9416058394160585,1.313868613138686,0.3284671532846715,3.613138686131387,11.824817518248176,1.6423357664233578,9.197080291970805,6.240875912408759,4.598540145985401,0.0,0.3284671532846715,0.0,1.313868613138686,18.181818181818183,38.46153846153846,0.0,0.748,52.5,24.90909090909091,0.0,33.333333333333336,13.88888888888889,67.85714285714286,,,,,,,,,,,
37596432,Luka Posinković,Varaždin,Defender,,Croatia,5.0,272.0,0.0,0.0,2.0,1.0,58.0,68.97,5.0,1.0,25.0,10.0,0.0,0.0,6.25,2.0,0.0,7.0,3.0,11.0,2.0,14.0,5.0,1.0,3.0,11.0,0.0,0.0,8.0,1.0,0.0,0.0,0.0,0.6617647058823529,0.3308823529411764,19.19117647058824,1.6544117647058822,0.3308823529411764,0.0,0.6617647058823529,0.0,2.3161764705882355,0.9926470588235294,3.639705882352941,0.6617647058823529,4.632352941176471,1.6544117647058822,0.3308823529411764,0.9926470588235294,3.639705882352941,0.0,2.647058823529412,20.0,50.0,0.0,0.6897,40.0,54.4,0.0,0.0,18.181818181818183,35.714285714285715,,,,,,,,,,,
37651323,Luka Savatovic,Lokomotiva Zagreb,Goalkeeper,22.0,Croatia,3.0,270.0,0.0,0.0,0.0,0.0,96.0,69.79,0.0,0.0,1.0,1.0,0.0,0.0,6.8,0.0,0.0,0.0,1.0,0.0,0.0,45.0,17.0,1.0,1.0,2.0,5.0,4.0,2.0,1.0,0.0,0.0,0.0,0.0,0.0,32.0,0.0,0.0,0.0,0.0,0.0,0.0,0.3333333333333333,0.0,0.0,15.0,5.666666666666667,0.3333333333333333,0.3333333333333333,0.6666666666666666,1.6666666666666667,0.6666666666666666,33.333333333333336,0.0,0.0,0.6979000000000001,100.0,90.0,0.0,0.0,0.0,37.77777777777778,,,,,,,,,,,
37514224,Aleksa Todorović,Rijeka,Goalkeeper,22.0,Serbia,3.0,270.0,0.0,0.0,0.0,0.0,97.0,53.61,1.0,0.0,6.0,6.0,0.0,0.0,6.96,0.0,0.0,0.0,3.0,1.0,1.0,63.0,19.0,0.0,4.0,2.0,4.0,3.0,0.0,3.0,0.0,0.0,0.0,0.0,0.0,32.333333333333336,0.3333333333333333,0.0,0.0,0.0,0.0,0.0,1.0,0.3333333333333333,0.3333333333333333,21.0,6.333333333333333,0.0,1.3333333333333333,0.6666666666666666,1.3333333333333333,0.0,100.0,0.0,0.0,0.5361,100.0,90.0,0.0,0.0,100.0,30.15873015873016,,,,,,,,,,,
37688868,Marko Zebić,Dinamo Zagreb,Defender,19.0,Croatia,3.0,270.0,0.0,0.0,1.0,1.0,242.0,91.32,7.0,3.0,13.0,8.0,0.0,0.0,7.4,1.0,1.0,0.0,0.0,1.0,0.0,28.0,19.0,1.0,0.0,12.0,0.0,0.0,1.0,2.0,0.0,0.0,0.0,0.3333333333333333,0.3333333333333333,80.66666666666667,2.333333333333333,1.0,0.0,0.3333333333333333,0.3333333333333333,0.0,0.0,0.3333333333333333,0.0,9.333333333333334,6.333333333333333,0.3333333333333333,0.0,4.0,0.0,0.3333333333333333,66.66666666666667,100.0,0.0,0.9132,61.53846153846154,90.0,0.0,100.0,0.0,67.85714285714286,,,,,,,,,,,
37624674,R. Hrvatin,Istra 1961,Defender,19.0,Slovenia,5.0,263.0,0.0,1.0,2.0,0.0,80.0,63.75,4.0,1.0,37.0,16.0,0.0,0.0,6.47,14.0,4.0,1.0,5.0,7.0,1.0,11.0,4.0,3.0,3.0,11.0,0.0,0.0,5.0,1.0,0.0,0.0,0.3422053231939163,0.6844106463878327,0.0,27.376425855513308,1.368821292775665,0.3422053231939163,0.0,4.7908745247148286,1.368821292775665,0.3422053231939163,1.7110266159695815,2.3954372623574143,0.3422053231939163,3.76425855513308,1.368821292775665,1.026615969581749,1.026615969581749,3.76425855513308,0.0,1.7110266159695815,20.0,0.0,0.0,0.6375,43.24324324324324,52.6,0.3422053231939163,28.571428571428573,14.285714285714286,36.36363636363637,,,,,,,,,,,
74035,Josip Špoljarić,Vukovar,Midfielder,29.0,Croatia,13.0,262.0,0.0,0.0,4.0,0.0,90.0,68.89,2.0,1.0,39.0,17.0,0.0,0.0,6.43,7.0,2.0,2.0,7.0,2.0,0.0,11.0,4.0,2.0,7.0,3.0,0.0,0.0,10.0,2.0,0.0,0.0,0.0,1.3740458015267176,0.0,30.916030534351144,0.6870229007633588,0.3435114503816794,0.0,2.404580152671756,0.6870229007633588,0.6870229007633588,2.404580152671756,0.6870229007633588,0.0,3.7786259541984735,1.3740458015267176,0.6870229007633588,2.404580152671756,1.0305343511450382,0.0,3.435114503816794,15.384615384615383,0.0,0.0,0.6889,43.58974358974359,20.153846153846157,0.0,28.571428571428573,0.0,36.36363636363637,,,,,,,,,,,
37539494,Saydou Bangura,Istra 1961,Attacker,23.0,Netherlands,12.0,262.0,2.0,0.0,8.0,3.0,49.0,77.55,1.0,1.0,39.0,11.0,0.0,0.0,6.61,5.0,2.0,0.0,2.0,0.0,0.0,1.0,1.0,1.0,6.0,3.0,0.0,0.0,6.0,2.0,0.0,0.6870229007633588,0.0,2.7480916030534357,1.0305343511450382,16.83206106870229,0.3435114503816794,0.3435114503816794,0.0,1.717557251908397,0.6870229007633588,0.0,0.6870229007633588,0.0,0.0,0.3435114503816794,0.3435114503816794,0.3435114503816794,2.0610687022900764,1.0305343511450382,0.0,2.0610687022900764,16.666666666666668,37.5,25.0,0.7755,28.205128205128204,21.83333333333333,0.6870229007633588,40.0,0.0,100.0,,,,,,,,,,,
37764893,Niko Farkas,Osijek,Midfielder,19.0,,7.0,255.0,1.0,1.0,3.0,2.0,79.0,73.42,4.0,6.0,42.0,12.0,1.0,0.0,6.5,12.0,2.0,5.0,4.0,0.0,0.0,4.0,2.0,4.0,2.0,5.0,0.0,0.0,5.0,3.0,0.0,0.3529411764705882,0.3529411764705882,1.0588235294117647,0.7058823529411765,27.88235294117647,1.411764705882353,2.117647058823529,0.3529411764705882,4.235294117647059,0.7058823529411765,1.7647058823529411,1.411764705882353,0.0,0.0,1.411764705882353,0.7058823529411765,1.411764705882353,0.7058823529411765,1.7647058823529411,0.0,1.7647058823529411,42.85714285714285,66.66666666666667,33.333333333333336,0.7342,28.571428571428573,36.42857142857143,0.7058823529411765,16.666666666666668,0.0,50.0,,,,,,,,,,,
37287473,Logi Hrafn Róbertsson,Istra 1961,Midfielder,21.0,Iceland,9.0,253.0,0.0,0.0,2.0,1.0,104.0,85.58,7.0,6.0,32.0,19.0,0.0,0.0,6.54,4.0,2.0,6.0,5.0,1.0,0.0,7.0,3.0,1.0,7.0,12.0,0.0,0.0,4.0,3.0,0.0,0.0,0.0,0.7114624505928854,0.3557312252964427,36.99604743083004,2.490118577075098,2.134387351778656,0.0,1.4229249011857708,0.7114624505928854,2.134387351778656,1.7786561264822134,0.3557312252964427,0.0,2.490118577075098,1.067193675889328,0.3557312252964427,2.490118577075098,4.2687747035573125,0.0,1.4229249011857708,33.333333333333336,50.0,0.0,0.8558,59.375,28.11111111111111,0.0,50.0,0.0,42.85714285714285,,,,,,,,,,,
38207537,Losika Ratshukudu,Slaven Koprivnica,Attacker,20.0,Botswana,3.0,250.0,0.0,1.0,6.0,1.0,56.0,80.36,4.0,0.0,31.0,13.0,0.0,0.0,6.67,9.0,6.0,2.0,2.0,3.0,1.0,0.0,0.0,2.0,1.0,1.0,0.0,0.0,6.0,1.0,0.0,0.0,0.36,2.16,0.36,20.16,1.44,0.0,0.0,3.24,2.16,0.72,0.72,1.08,0.36,0.0,0.0,0.72,0.36,0.36,0.0,2.16,33.333333333333336,16.666666666666668,0.0,0.8036,41.935483870967744,83.33333333333333,0.36,66.66666666666667,33.333333333333336,0.0,,,,,,,,,,,
37732498,Pavle Smiljanic,Lokomotiva Zagreb,Midfielder,18.0,,6.0,246.0,0.0,0.0,2.0,1.0,81.0,74.07,8.0,3.0,32.0,15.0,0.0,0.0,6.71,6.0,4.0,5.0,3.0,2.0,0.0,8.0,3.0,0.0,0.0,2.0,0.0,0.0,2.0,2.0,0.0,0.0,0.0,0.7317073170731707,0.3658536585365853,29.634146341463413,2.926829268292683,1.0975609756097562,0.0,2.1951219512195124,1.4634146341463414,1.829268292682927,1.0975609756097562,0.7317073170731707,0.0,2.926829268292683,1.0975609756097562,0.0,0.0,0.7317073170731707,0.0,0.7317073170731707,33.333333333333336,50.0,0.0,0.7406999999999999,46.875,41.0,0.0,66.66666666666667,0.0,37.5,,,,,,,,,,,
37590876,Mody Boune,Lokomotiva Zagreb,Defender,24.0,France,7.0,245.0,1.0,0.0,3.0,2.0,81.0,80.25,6.0,3.0,41.0,20.0,1.0,0.0,6.75,16.0,7.0,0.0,2.0,12.0,2.0,3.0,1.0,2.0,5.0,4.0,0.0,0.0,3.0,1.0,0.0,0.3673469387755102,0.0,1.1020408163265305,0.7346938775510204,29.755102040816325,2.204081632653061,1.1020408163265305,0.3673469387755102,5.877551020408164,2.571428571428572,0.0,0.7346938775510204,4.408163265306122,0.7346938775510204,1.1020408163265305,0.3673469387755102,0.7346938775510204,1.836734693877551,1.469387755102041,0.0,1.1020408163265305,14.285714285714286,66.66666666666667,33.333333333333336,0.8025,48.78048780487805,35.0,0.3673469387755102,43.75,16.666666666666668,33.333333333333336,,,,,,,,,,,
21394910,Filip Jovic,Slaven Koprivnica,Defender,26.0,Serbia,5.0,239.0,0.0,0.0,0.0,0.0,68.0,76.47,2.0,1.0,16.0,8.0,0.0,0.0,6.34,1.0,1.0,1.0,5.0,11.0,4.0,13.0,3.0,2.0,0.0,7.0,0.0,0.0,5.0,0.0,0.0,0.0,0.0,0.0,0.0,25.606694560669457,0.7531380753138075,0.3765690376569037,0.0,0.3765690376569037,0.3765690376569037,0.3765690376569037,1.8828451882845187,4.142259414225942,1.506276150627615,4.895397489539749,1.1297071129707112,0.7531380753138075,0.0,2.6359832635983262,0.0,1.8828451882845187,0.0,0.0,0.0,0.7646999999999999,50.0,47.8,0.0,100.0,36.36363636363637,23.07692307692308,,,,,,,,,,,
37287246,Mateo Barac,Slaven Koprivnica,Defender,25.0,Croatia,4.0,233.0,0.0,0.0,3.0,0.0,47.0,63.83,4.0,3.0,16.0,10.0,0.0,0.0,6.49,3.0,0.0,0.0,2.0,20.0,4.0,15.0,6.0,2.0,4.0,9.0,0.0,0.0,6.0,0.0,0.0,0.0,0.0,1.158798283261803,0.0,18.15450643776824,1.5450643776824031,1.158798283261803,0.0,1.158798283261803,0.0,0.0,0.7725321888412017,7.725321888412017,1.5450643776824031,5.793991416309013,2.3175965665236054,0.7725321888412017,1.5450643776824031,3.476394849785408,0.0,2.3175965665236054,0.0,0.0,0.0,0.6383,62.5,58.25,0.0,0.0,20.0,40.0,,,,,,,,,,,
74127,Anthony Kalik,Hajduk Split,Midfielder,28.0,Australia,17.0,232.0,1.0,0.0,7.0,3.0,86.0,77.91,13.0,2.0,42.0,24.0,2.0,0.0,6.65,5.0,2.0,1.0,6.0,1.0,0.0,5.0,3.0,1.0,3.0,2.0,0.0,0.0,4.0,8.0,0.0,0.3879310344827586,0.0,2.7155172413793105,1.1637931034482758,33.36206896551724,5.043103448275862,0.7758620689655172,0.7758620689655172,1.9396551724137927,0.7758620689655172,0.3879310344827586,2.327586206896552,0.3879310344827586,0.0,1.9396551724137927,1.1637931034482758,0.3879310344827586,1.1637931034482758,0.7758620689655172,0.0,1.5517241379310345,47.05882352941177,42.85714285714285,14.285714285714286,0.7791,57.142857142857146,13.647058823529411,0.3879310344827586,40.0,0.0,60.0,,,,,,,,,,,
3533990,Yassine Benrahou,Hajduk Split,Midfielder,27.0,Morocco,4.0,229.0,2.0,0.0,5.0,2.0,95.0,86.32,2.0,1.0,24.0,13.0,0.0,0.0,7.34,10.0,6.0,1.0,5.0,15.0,8.0,7.0,3.0,10.0,0.0,1.0,0.0,0.0,1.0,3.0,0.0,0.7860262008733624,0.0,1.965065502183406,0.7860262008733624,37.33624454148472,0.7860262008733624,0.3930131004366812,0.0,3.930131004366812,2.3580786026200875,0.3930131004366812,1.965065502183406,5.895196506550218,3.1441048034934496,2.7510917030567685,1.1790393013100438,3.930131004366812,0.0,0.3930131004366812,0.0,0.3930131004366812,75.0,40.0,40.0,0.8632,54.16666666666666,57.25,0.7860262008733624,60.0,53.333333333333336,42.85714285714285,,,,,,,,,,,
37728377,Ivan Barić,Osijek,Attacker,19.0,Croatia,10.0,227.0,0.0,0.0,2.0,0.0,51.0,74.51,5.0,2.0,34.0,15.0,1.0,0.0,6.56,2.0,1.0,3.0,3.0,0.0,0.0,1.0,0.0,1.0,6.0,1.0,0.0,0.0,4.0,4.0,0.0,0.0,0.0,0.7929515418502202,0.0,20.220264317180614,1.9823788546255507,0.7929515418502202,0.3964757709251101,0.7929515418502202,0.3964757709251101,1.1894273127753303,1.1894273127753303,0.0,0.0,0.3964757709251101,0.0,0.3964757709251101,2.3788546255506606,0.3964757709251101,0.0,1.5859030837004404,40.0,0.0,0.0,0.7451000000000001,44.11764705882353,22.7,0.0,50.0,0.0,0.0,,,,,,,,,,,
37694417,Charles Adah Agada,Istra 1961,Attacker,19.0,Nigeria,14.0,221.0,1.0,0.0,10.0,4.0,31.0,64.52,3.0,1.0,69.0,31.0,0.0,0.0,6.56,16.0,3.0,0.0,12.0,6.0,0.0,3.0,1.0,1.0,13.0,0.0,0.0,0.0,3.0,0.0,0.0,0.4072398190045249,0.0,4.072398190045249,1.6289592760180995,12.624434389140273,1.2217194570135748,0.4072398190045249,0.0,6.515837104072398,1.2217194570135748,0.0,4.886877828054299,2.443438914027149,0.0,1.2217194570135748,0.4072398190045249,0.4072398190045249,5.294117647058823,0.0,0.0,1.2217194570135748,0.0,40.0,10.0,0.6452,44.927536231884055,15.785714285714286,0.4072398190045249,18.75,0.0,33.333333333333336,,,,,,,,,,,
51829,Marin Leovac,Lokomotiva Zagreb,Defender,37.0,Croatia,8.0,221.0,0.0,0.0,1.0,0.0,109.0,75.23,2.0,2.0,15.0,7.0,1.0,0.0,6.41,2.0,2.0,1.0,0.0,9.0,2.0,12.0,4.0,0.0,3.0,4.0,0.0,0.0,6.0,3.0,0.0,0.0,0.0,0.4072398190045249,0.0,44.38914027149321,0.8144796380090498,0.8144796380090498,0.4072398190045249,0.8144796380090498,0.8144796380090498,0.4072398190045249,0.0,3.665158371040724,0.8144796380090498,4.886877828054299,1.6289592760180995,0.0,1.2217194570135748,1.6289592760180995,0.0,2.443438914027149,37.5,0.0,0.0,0.7523000000000001,46.66666666666666,27.625,0.0,100.0,22.22222222222222,33.333333333333336,,,,,,,,,,,
64334,Marko Petrovic,Slaven Koprivnica,Defender,43.0,Serbia,3.0,214.0,0.0,0.0,2.0,1.0,79.0,79.75,4.0,1.0,17.0,9.0,1.0,0.0,6.42,1.0,0.0,2.0,1.0,5.0,1.0,15.0,5.0,1.0,4.0,9.0,0.0,0.0,6.0,0.0,0.0,0.0,0.0,0.8411214953271028,0.4205607476635514,33.22429906542056,1.6822429906542056,0.4205607476635514,0.4205607476635514,0.4205607476635514,0.0,0.8411214953271028,0.4205607476635514,2.102803738317757,0.4205607476635514,6.308411214953271,2.102803738317757,0.4205607476635514,1.6822429906542056,3.7850467289719623,0.0,2.5233644859813085,0.0,50.0,0.0,0.7975,52.94117647058823,71.33333333333333,0.0,0.0,20.0,33.333333333333336,,,,,,,,,,,
41245,Törles Knöll,Vukovar,Attacker,28.0,Germany,5.0,211.0,0.0,0.0,1.0,0.0,34.0,70.59,1.0,0.0,20.0,9.0,0.0,0.0,6.46,0.0,0.0,1.0,2.0,1.0,0.0,0.0,0.0,1.0,6.0,2.0,0.0,0.0,5.0,0.0,0.0,0.0,0.0,0.4265402843601896,0.0,14.502369668246445,0.4265402843601896,0.0,0.0,0.0,0.0,0.4265402843601896,0.8530805687203792,0.4265402843601896,0.0,0.0,0.0,0.4265402843601896,2.559241706161137,0.8530805687203792,0.0,2.132701421800948,0.0,0.0,0.0,0.7059000000000001,45.0,42.2,0.0,0.0,0.0,0.0,,,,,,,,,,,
38127159,Stjepan Kucis,Gorica,Midfielder,19.0,Croatia,14.0,200.0,0.0,0.0,1.0,0.0,64.0,78.12,3.0,4.0,29.0,12.0,0.0,0.0,6.56,6.0,3.0,1.0,5.0,6.0,2.0,5.0,1.0,3.0,2.0,3.0,0.0,0.0,1.0,4.0,0.0,0.0,0.0,0.45,0.0,28.8,1.35,1.8,0.0,2.7,1.35,0.45,2.25,2.7,0.9,2.25,0.45,1.35,0.9,1.35,0.0,0.45,28.571428571428573,0.0,0.0,0.7812,41.37931034482759,14.285714285714286,0.0,50.0,33.333333333333336,20.0,,,,,,,,,,,
24065264,Danijel Djuric,Istra 1961,Midfielder,23.0,Iceland,9.0,198.0,0.0,1.0,10.0,2.0,89.0,77.53,3.0,1.0,36.0,13.0,1.0,0.0,6.69,8.0,4.0,4.0,3.0,5.0,1.0,4.0,4.0,3.0,3.0,0.0,0.0,0.0,3.0,0.0,0.0,0.0,0.4545454545454545,4.545454545454546,0.9090909090909092,40.45454545454545,1.3636363636363635,0.4545454545454545,0.4545454545454545,3.636363636363636,1.818181818181818,1.818181818181818,1.3636363636363635,2.272727272727273,0.4545454545454545,1.818181818181818,1.818181818181818,1.3636363636363635,1.3636363636363635,0.0,0.0,1.3636363636363635,0.0,20.0,0.0,0.7753,36.11111111111112,22.0,0.4545454545454545,50.0,20.0,100.0,,,,,,,,,,,
73124,Marko Leskovic,Slaven Koprivnica,Defender,35.0,Croatia,4.0,197.0,0.0,0.0,3.0,0.0,103.0,88.35,5.0,1.0,22.0,16.0,1.0,0.0,6.56,1.0,1.0,1.0,1.0,0.0,0.0,14.0,8.0,0.0,9.0,12.0,0.0,0.0,5.0,1.0,0.0,0.0,0.0,1.3705583756345177,0.0,47.055837563451774,2.284263959390863,0.4568527918781725,0.4568527918781725,0.4568527918781725,0.4568527918781725,0.4568527918781725,0.4568527918781725,0.0,0.0,6.395939086294416,3.654822335025381,0.0,4.111675126903553,5.482233502538071,0.0,2.284263959390863,25.0,0.0,0.0,0.8835,72.72727272727273,49.25,0.0,100.0,0.0,57.142857142857146,,,,,,,,,,,
2890,Kévin Théophile-Catherine,Dinamo Zagreb,Defender,36.0,France,3.0,194.0,0.0,0.0,0.0,0.0,127.0,87.4,1.0,2.0,14.0,5.0,0.0,0.0,6.54,2.0,1.0,0.0,1.0,1.0,0.0,9.0,1.0,0.0,3.0,9.0,0.0,0.0,3.0,1.0,0.0,0.0,0.0,0.0,0.0,58.91752577319588,0.4639175257731959,0.9278350515463918,0.0,0.9278350515463918,0.4639175257731959,0.0,0.4639175257731959,0.4639175257731959,0.0,4.175257731958763,0.4639175257731959,0.0,1.3917525773195876,4.175257731958763,0.0,1.3917525773195876,33.333333333333336,0.0,0.0,0.8740000000000001,35.714285714285715,64.66666666666667,0.0,50.0,0.0,11.11111111111111,,,,,,,,,,,
32819228,Silvio Ilinkovic,Rijeka,Midfielder,23.0,Bosnia and Herzegovina,10.0,188.0,0.0,0.0,1.0,1.0,75.0,77.33,5.0,3.0,26.0,11.0,1.0,0.0,6.56,5.0,3.0,2.0,2.0,4.0,0.0,10.0,4.0,1.0,1.0,2.0,0.0,0.0,3.0,3.0,0.0,0.0,0.0,0.4787234042553192,0.4787234042553192,35.90425531914894,2.393617021276596,1.4361702127659577,0.4787234042553192,2.393617021276596,1.4361702127659577,0.9574468085106383,0.9574468085106383,1.9148936170212767,0.0,4.787234042553192,1.9148936170212767,0.4787234042553192,0.4787234042553192,0.9574468085106383,0.0,1.4361702127659577,30.0,100.0,0.0,0.7733,42.30769230769231,18.8,0.0,60.0,0.0,40.0,,,,,,,,,,,
37648346,Allen Obando,Istra 1961,Attacker,20.0,Ecuador,6.0,184.0,0.0,0.0,4.0,1.0,39.0,64.1,1.0,1.0,26.0,11.0,1.0,0.0,6.54,4.0,1.0,0.0,2.0,0.0,0.0,0.0,0.0,1.0,7.0,0.0,0.0,0.0,2.0,0.0,0.0,0.0,0.0,1.9565217391304348,0.4891304347826087,19.07608695652174,0.4891304347826087,0.4891304347826087,0.4891304347826087,1.9565217391304348,0.4891304347826087,0.0,0.9782608695652174,0.0,0.0,0.0,0.0,0.4891304347826087,3.4239130434782608,0.0,0.0,0.9782608695652174,0.0,25.0,0.0,0.6409999999999999,42.30769230769231,30.666666666666668,0.0,25.0,0.0,0.0,,,,,,,,,,,
37728373,Noa Godec,Lokomotiva Zagreb,Defender,19.0,Croatia,4.0,183.0,0.0,0.0,0.0,0.0,40.0,62.5,5.0,4.0,23.0,7.0,0.0,0.0,6.22,2.0,0.0,5.0,0.0,8.0,1.0,7.0,1.0,0.0,2.0,5.0,0.0,0.0,6.0,0.0,0.0,0.0,0.0,0.0,0.0,19.672131147540984,2.459016393442623,1.9672131147540983,0.0,0.9836065573770492,0.0,2.459016393442623,0.0,3.9344262295081966,0.4918032786885246,3.442622950819672,0.4918032786885246,0.0,0.9836065573770492,2.459016393442623,0.0,2.950819672131148,0.0,0.0,0.0,0.625,30.43478260869565,45.75,0.0,0.0,12.5,14.285714285714286,,,,,,,,,,,
37664352,Medin Gashi,Gorica,Attacker,20.0,Kosovo,15.0,180.0,0.0,2.0,5.0,1.0,48.0,60.42,3.0,1.0,38.0,21.0,0.0,0.0,6.58,7.0,5.0,2.0,8.0,2.0,0.0,2.0,2.0,4.0,5.0,3.0,0.0,0.0,2.0,1.0,0.0,0.0,1.0,2.5,0.5,24.0,1.5,0.5,0.0,3.5,2.5,1.0,4.0,1.0,0.0,1.0,1.0,2.0,2.5,1.5,0.0,1.0,6.666666666666667,20.0,0.0,0.6042000000000001,55.26315789473684,12.0,1.0,71.42857142857143,0.0,100.0,,,,,,,,,,,
38209285,Roko Gabrić,Hajduk Split,Defender,19.0,Croatia,3.0,178.0,0.0,0.0,0.0,0.0,111.0,92.79,0.0,4.0,10.0,3.0,0.0,0.0,6.56,1.0,0.0,2.0,1.0,0.0,0.0,9.0,5.0,1.0,2.0,13.0,0.0,0.0,3.0,0.0,0.0,0.0,0.0,0.0,0.0,56.12359550561798,0.0,2.02247191011236,0.0,0.5056179775280899,0.0,1.0112359550561798,0.5056179775280899,0.0,0.0,4.550561797752809,2.5280898876404496,0.5056179775280899,1.0112359550561798,6.573033707865169,0.0,1.5168539325842696,0.0,0.0,0.0,0.9279,30.0,59.333333333333336,0.0,0.0,0.0,55.55555555555556,,,,,,,,,,,
37596446,Mate Antunovic,Varaždin,Attacker,22.0,Croatia,9.0,175.0,0.0,0.0,5.0,0.0,42.0,69.05,4.0,0.0,46.0,20.0,0.0,0.0,6.58,6.0,4.0,1.0,6.0,2.0,1.0,5.0,3.0,3.0,6.0,0.0,0.0,0.0,3.0,2.0,0.0,0.0,0.0,2.571428571428572,0.0,21.6,2.057142857142857,0.0,0.0,3.085714285714286,2.057142857142857,0.5142857142857142,3.085714285714286,1.0285714285714285,0.5142857142857142,2.571428571428572,1.542857142857143,1.542857142857143,3.085714285714286,0.0,0.0,1.542857142857143,22.22222222222222,0.0,0.0,0.6905,43.47826086956522,19.444444444444443,0.0,66.66666666666667,50.0,60.0,,,,,,,,,,,
37685172,Hadji Issa Moustapha,Gorica,Defender,22.0,Cameroon,2.0,173.0,0.0,0.0,0.0,0.0,67.0,86.57,4.0,2.0,21.0,11.0,1.0,0.0,6.77,2.0,1.0,1.0,3.0,0.0,0.0,7.0,2.0,0.0,3.0,14.0,0.0,0.0,1.0,1.0,0.0,0.0,0.0,0.0,0.0,34.85549132947977,2.0809248554913293,1.0404624277456649,0.5202312138728323,1.0404624277456649,0.5202312138728323,0.5202312138728323,1.560693641618497,0.0,0.0,3.6416184971098255,1.0404624277456649,0.0,1.560693641618497,7.283236994219653,0.0,0.5202312138728323,50.0,0.0,0.0,0.8656999999999999,52.38095238095238,86.5,0.0,50.0,0.0,28.571428571428573,,,,,,,,,,,
10275580,Stipe Juric,Varaždin,Attacker,27.0,Bosnia and Herzegovina,6.0,170.0,1.0,0.0,3.0,2.0,44.0,70.45,1.0,0.0,21.0,12.0,0.0,0.0,6.68,1.0,1.0,0.0,0.0,0.0,0.0,1.0,1.0,2.0,10.0,2.0,0.0,0.0,1.0,3.0,0.0,0.5294117647058824,0.0,1.588235294117647,1.0588235294117647,23.294117647058822,0.5294117647058824,0.0,0.0,0.5294117647058824,0.5294117647058824,0.0,0.0,0.0,0.0,0.5294117647058824,0.5294117647058824,1.0588235294117647,5.294117647058823,1.0588235294117647,0.0,0.5294117647058824,50.0,66.66666666666667,33.333333333333336,0.7045,57.142857142857146,28.33333333333333,0.5294117647058824,100.0,0.0,100.0,,,,,,,,,,,
37308278,David Virgili,Lokomotiva Zagreb,Attacker,27.0,Spain,5.0,156.0,1.0,0.0,6.0,1.0,29.0,68.97,0.0,1.0,24.0,5.0,0.0,0.0,6.58,4.0,0.0,1.0,5.0,4.0,0.0,1.0,0.0,2.0,0.0,2.0,0.0,0.0,1.0,1.0,0.0,0.5769230769230769,0.0,3.4615384615384617,0.5769230769230769,16.73076923076923,0.0,0.5769230769230769,0.0,2.3076923076923075,0.0,0.5769230769230769,2.8846153846153846,2.3076923076923075,0.0,0.5769230769230769,0.0,1.1538461538461535,0.0,1.1538461538461535,0.0,0.5769230769230769,20.0,16.666666666666668,16.666666666666668,0.6897,20.83333333333333,31.2,0.5769230769230769,0.0,0.0,0.0,,,,,,,,,,,
73844,Marko Dabro,Slaven Koprivnica,Attacker,29.0,Croatia,8.0,149.0,3.0,1.0,8.0,1.0,38.0,71.05,1.0,1.0,22.0,4.0,0.0,0.0,6.54,3.0,1.0,2.0,19.0,4.0,1.0,2.0,1.0,3.0,2.0,2.0,0.0,0.0,2.0,1.0,0.0,1.812080536912752,0.6040268456375839,4.832214765100671,0.6040268456375839,22.953020134228183,0.6040268456375839,0.6040268456375839,0.0,1.812080536912752,0.6040268456375839,1.2080536912751678,11.476510067114091,2.416107382550336,0.6040268456375839,1.2080536912751678,0.6040268456375839,1.812080536912752,1.2080536912751678,1.2080536912751678,0.0,1.2080536912751678,12.5,12.5,37.5,0.7105,18.181818181818183,18.625,2.416107382550336,33.333333333333336,25.0,50.0,,,,,,,,,,,
37765105,Ernis Qestaj,Slaven Koprivnica,Attacker,19.0,,5.0,142.0,0.0,0.0,4.0,1.0,22.0,59.09,1.0,2.0,23.0,7.0,0.0,0.0,6.47,5.0,2.0,1.0,2.0,3.0,0.0,1.0,0.0,1.0,3.0,0.0,0.0,0.0,5.0,0.0,0.0,0.0,0.0,2.535211267605634,0.6338028169014085,13.943661971830986,0.6338028169014085,1.267605633802817,0.0,3.1690140845070425,1.267605633802817,0.6338028169014085,1.267605633802817,1.9014084507042253,0.0,0.6338028169014085,0.0,0.6338028169014085,1.9014084507042253,0.0,0.0,3.1690140845070425,0.0,25.0,0.0,0.5909,30.43478260869565,28.4,0.0,40.0,0.0,0.0,,,,,,,,,,,
37703269,Franjo Posavac,Lokomotiva Zagreb,Defender,23.0,Bosnia and Herzegovina,3.0,140.0,0.0,0.0,1.0,1.0,25.0,68.0,1.0,0.0,11.0,3.0,0.0,0.0,6.03,1.0,0.0,0.0,2.0,2.0,1.0,4.0,2.0,0.0,1.0,3.0,0.0,0.0,1.0,1.0,0.0,0.0,0.0,0.6428571428571429,0.6428571428571429,16.071428571428573,0.6428571428571429,0.0,0.0,0.6428571428571429,0.0,0.0,1.2857142857142858,1.2857142857142858,0.6428571428571429,2.571428571428572,1.2857142857142858,0.0,0.6428571428571429,1.9285714285714288,0.0,0.6428571428571429,33.333333333333336,100.0,0.0,0.68,27.272727272727277,46.66666666666666,0.0,0.0,50.0,50.0,,,,,,,,,,,
183583,Andrija Filipovic,Slaven Koprivnica,Attacker,29.0,Croatia,7.0,136.0,1.0,0.0,6.0,2.0,19.0,78.95,0.0,0.0,22.0,9.0,2.0,1.0,6.35,1.0,0.0,1.0,7.0,2.0,0.0,0.0,0.0,0.0,2.0,1.0,0.0,0.0,6.0,1.0,0.0,0.6617647058823529,0.0,3.9705882352941178,1.3235294117647058,12.573529411764708,0.0,0.0,1.9852941176470589,0.6617647058823529,0.0,0.6617647058823529,4.632352941176471,1.3235294117647058,0.0,0.0,0.0,0.0,1.3235294117647058,0.6617647058823529,0.0,3.9705882352941178,14.285714285714286,33.333333333333336,16.666666666666668,0.7895,40.90909090909091,19.428571428571427,0.6617647058823529,0.0,0.0,0.0,,,,,,,,,,,
19988718,Hubert Sobol,Lokomotiva Zagreb,Attacker,26.0,Poland,9.0,135.0,0.0,0.0,3.0,1.0,35.0,74.29,1.0,0.0,26.0,10.0,0.0,0.0,6.62,1.0,0.0,1.0,4.0,1.0,0.0,1.0,0.0,0.0,6.0,2.0,0.0,0.0,2.0,1.0,0.0,0.0,0.0,2.0,0.6666666666666666,23.33333333333333,0.6666666666666666,0.0,0.0,0.6666666666666666,0.0,0.6666666666666666,2.6666666666666665,0.6666666666666666,0.0,0.6666666666666666,0.0,0.0,4.0,1.3333333333333333,0.0,1.3333333333333333,11.11111111111111,33.333333333333336,0.0,0.7429000000000001,38.46153846153846,15.0,0.0,0.0,0.0,0.0,,,,,,,,,,,
37736957,Anes Huskić,Lokomotiva Zagreb,Midfielder,19.0,,4.0,134.0,0.0,0.0,3.0,1.0,41.0,80.49,1.0,2.0,14.0,7.0,0.0,0.0,6.77,8.0,4.0,0.0,0.0,2.0,0.0,5.0,1.0,1.0,2.0,7.0,0.0,0.0,1.0,1.0,0.0,0.0,0.0,2.014925373134328,0.6716417910447762,27.53731343283582,0.6716417910447762,1.3432835820895523,0.0,5.373134328358209,2.6865671641791047,0.0,0.0,1.3432835820895523,0.0,3.3582089552238807,0.6716417910447762,0.6716417910447762,1.3432835820895523,4.701492537313433,0.0,0.6716417910447762,25.0,33.333333333333336,0.0,0.8049,50.0,33.5,0.0,50.0,0.0,20.0,,,,,,,,,,,
37586806,Samuel Koeberlé,Vukovar,Midfielder,21.0,France,5.0,134.0,0.0,0.0,1.0,0.0,56.0,76.79,6.0,2.0,17.0,7.0,0.0,0.0,6.47,1.0,0.0,0.0,1.0,2.0,0.0,4.0,1.0,0.0,0.0,4.0,0.0,0.0,5.0,0.0,0.0,0.0,0.0,0.6716417910447762,0.0,37.61194029850746,4.029850746268656,1.3432835820895523,0.0,0.6716417910447762,0.0,0.0,0.6716417910447762,1.3432835820895523,0.0,2.6865671641791047,0.6716417910447762,0.0,0.0,2.6865671641791047,0.0,3.3582089552238807,0.0,0.0,0.0,0.7679,41.1764705882353,26.8,0.0,0.0,0.0,25.0,,,,,,,,,,,
37705455,Luiz Filipe,Vukovar,Defender,22.0,Brazil,2.0,124.0,0.0,0.0,0.0,0.0,30.0,73.33,1.0,3.0,4.0,2.0,1.0,0.0,6.14,0.0,0.0,0.0,0.0,0.0,0.0,5.0,4.0,0.0,1.0,12.0,0.0,0.0,4.0,0.0,0.0,0.0,0.0,0.0,0.0,21.774193548387096,0.7258064516129032,2.177419354838709,0.7258064516129032,0.0,0.0,0.0,0.0,0.0,0.0,3.629032258064516,2.903225806451613,0.0,0.7258064516129032,8.709677419354838,0.0,2.903225806451613,0.0,0.0,0.0,0.7333,50.0,62.0,0.0,0.0,0.0,80.0,,,,,,,,,,,
37648990,Vanja Pelko,Gorica,Attacker,24.0,Croatia,8.0,117.0,0.0,0.0,7.0,2.0,22.0,77.27,2.0,1.0,19.0,8.0,0.0,0.0,6.49,8.0,4.0,0.0,1.0,1.0,0.0,1.0,0.0,2.0,1.0,3.0,0.0,0.0,0.0,1.0,0.0,0.0,0.0,5.384615384615385,1.5384615384615383,16.923076923076923,1.5384615384615383,0.7692307692307693,0.0,6.153846153846154,3.076923076923077,0.0,0.7692307692307693,0.7692307692307693,0.0,0.7692307692307693,0.0,1.5384615384615383,0.7692307692307693,2.3076923076923075,0.0,0.0,12.5,28.571428571428573,0.0,0.7726999999999999,42.10526315789474,14.625,0.0,50.0,0.0,0.0,,,,,,,,,,,
38212387,Adam Guram,Hajduk Split,Midfielder,17.0,Ukraine,7.0,114.0,1.0,0.0,2.0,1.0,34.0,76.47,3.0,1.0,19.0,8.0,0.0,0.0,6.57,6.0,2.0,2.0,3.0,1.0,0.0,1.0,0.0,0.0,0.0,0.0,0.0,0.0,2.0,2.0,0.0,0.7894736842105263,0.0,1.5789473684210529,0.7894736842105263,26.84210526315789,2.3684210526315788,0.7894736842105263,0.0,4.7368421052631575,1.5789473684210529,1.5789473684210529,2.3684210526315788,0.7894736842105263,0.0,0.7894736842105263,0.0,0.0,0.0,0.0,0.0,1.5789473684210529,28.571428571428573,50.0,50.0,0.7646999999999999,42.10526315789474,16.285714285714285,0.7894736842105263,33.333333333333336,0.0,0.0,,,,,,,,,,,
22169296,Keyendrah Simmonds,Vukovar,Attacker,25.0,England,3.0,112.0,0.0,0.0,3.0,0.0,23.0,60.87,1.0,0.0,10.0,2.0,1.0,0.0,6.45,2.0,0.0,1.0,0.0,6.0,2.0,5.0,1.0,2.0,1.0,1.0,0.0,0.0,4.0,0.0,0.0,0.0,0.0,2.4107142857142856,0.0,18.482142857142858,0.8035714285714286,0.0,0.8035714285714286,1.6071428571428572,0.0,0.8035714285714286,0.0,4.821428571428571,1.6071428571428572,4.017857142857143,0.8035714285714286,1.6071428571428572,0.8035714285714286,0.8035714285714286,0.0,3.2142857142857144,0.0,0.0,0.0,0.6087,20.0,37.333333333333336,0.0,0.0,33.333333333333336,20.0,,,,,,,,,,,
14726337,Tyron Tormin,Vukovar,Attacker,25.0,France,3.0,112.0,0.0,0.0,5.0,2.0,30.0,86.67,4.0,0.0,16.0,10.0,1.0,0.0,6.81,3.0,2.0,1.0,3.0,1.0,0.0,1.0,1.0,0.0,1.0,0.0,0.0,0.0,2.0,0.0,0.0,0.0,0.0,4.017857142857143,1.6071428571428572,24.107142857142858,3.2142857142857144,0.0,0.8035714285714286,2.4107142857142856,1.6071428571428572,0.8035714285714286,2.4107142857142856,0.8035714285714286,0.0,0.8035714285714286,0.8035714285714286,0.0,0.8035714285714286,0.0,0.0,1.6071428571428572,0.0,40.0,0.0,0.8667,62.5,37.333333333333336,0.0,66.66666666666667,0.0,100.0,,,,,,,,,,,
37917432,Teodor Kralevski,Lokomotiva Zagreb,Defender,19.0,,7.0,104.0,0.0,0.0,0.0,0.0,26.0,88.46,1.0,0.0,5.0,3.0,0.0,0.0,6.8,0.0,0.0,0.0,0.0,0.0,0.0,3.0,1.0,0.0,2.0,9.0,0.0,0.0,0.0,4.0,0.0,0.0,0.0,0.0,0.0,22.5,0.8653846153846154,0.0,0.0,0.0,0.0,0.0,0.0,0.0,0.0,2.5961538461538463,0.8653846153846154,0.0,1.7307692307692308,7.788461538461538,0.0,0.0,57.142857142857146,0.0,0.0,0.8845999999999999,60.0,14.857142857142858,0.0,0.0,0.0,33.333333333333336,,,,,,,,,,,
37695127,Leoni Gastaldelo,Vukovar,Midfielder,23.0,Brazil,4.0,100.0,0.0,0.0,1.0,1.0,16.0,68.75,1.0,3.0,18.0,6.0,0.0,0.0,6.31,6.0,0.0,1.0,5.0,4.0,1.0,1.0,0.0,0.0,0.0,0.0,0.0,0.0,2.0,0.0,0.0,0.0,0.0,0.9,0.9,14.4,0.9,2.7,0.0,5.4,0.0,0.9,4.5,3.6,0.9,0.9,0.0,0.0,0.0,0.0,0.0,1.8,0.0,100.0,0.0,0.6875,33.333333333333336,25.0,0.0,0.0,25.0,0.0,,,,,,,,,,,
37694126,Jovan Ivanisevic,Istra 1961,Defender,21.0,United States,5.0,90.0,0.0,0.0,0.0,0.0,30.0,73.33,0.0,2.0,9.0,3.0,0.0,0.0,6.38,1.0,0.0,0.0,1.0,0.0,0.0,2.0,1.0,0.0,2.0,3.0,0.0,0.0,2.0,2.0,0.0,0.0,0.0,0.0,0.0,30.0,0.0,2.0,0.0,1.0,0.0,0.0,1.0,0.0,0.0,2.0,1.0,0.0,2.0,3.0,0.0,2.0,40.0,0.0,0.0,0.7333,33.333333333333336,18.0,0.0,0.0,0.0,50.0,,,,,,,,,,,
37732489,Matej Grahovac,Osijek,Goalkeeper,18.0,,1.0,90.0,0.0,0.0,0.0,0.0,25.0,72.0,0.0,0.0,0.0,0.0,0.0,0.0,7.17,0.0,0.0,0.0,0.0,0.0,0.0,19.0,12.0,0.0,0.0,0.0,2.0,1.0,0.0,1.0,0.0,0.0,0.0,0.0,0.0,25.0,0.0,0.0,0.0,0.0,0.0,0.0,0.0,0.0,0.0,19.0,12.0,0.0,0.0,0.0,2.0,0.0,100.0,0.0,0.0,0.72,0.0,90.0,0.0,0.0,0.0,63.1578947368421,,,,,,,,,,,
37540939,Jan Paus-Kunst,Istra 1961,Goalkeeper,24.0,Croatia,1.0,90.0,0.0,0.0,0.0,0.0,27.0,55.56,0.0,0.0,0.0,0.0,0.0,0.0,6.89,0.0,0.0,0.0,0.0,0.0,0.0,16.0,4.0,0.0,0.0,1.0,5.0,3.0,2.0,0.0,0.0,0.0,0.0,0.0,0.0,27.0,0.0,0.0,0.0,0.0,0.0,0.0,0.0,0.0,0.0,16.0,4.0,0.0,0.0,1.0,5.0,2.0,0.0,0.0,0.0,0.5556,0.0,90.0,0.0,0.0,0.0,25.0,,,,,,,,,,,
75320,Matej Marković,Vukovar,Goalkeeper,29.0,Bosnia and Herzegovina,1.0,90.0,0.0,0.0,0.0,0.0,28.0,28.57,0.0,0.0,3.0,3.0,0.0,0.0,6.9,0.0,0.0,0.0,2.0,0.0,0.0,22.0,3.0,0.0,2.0,4.0,2.0,2.0,1.0,0.0,0.0,0.0,0.0,0.0,0.0,28.0,0.0,0.0,0.0,0.0,0.0,0.0,2.0,0.0,0.0,22.0,3.0,0.0,2.0,4.0,2.0,1.0,0.0,0.0,0.0,0.2857,100.0,90.0,0.0,0.0,0.0,13.636363636363637,,,,,,,,,,,
37725155,Sven Šunta,Dinamo Zagreb,Midfielder,19.0,Slovenia,6.0,90.0,0.0,1.0,3.0,1.0,63.0,80.95,5.0,1.0,14.0,9.0,0.0,0.0,6.67,2.0,1.0,1.0,2.0,0.0,0.0,5.0,3.0,1.0,1.0,0.0,0.0,0.0,1.0,3.0,0.0,0.0,1.0,3.0,1.0,63.0,5.0,1.0,0.0,2.0,1.0,1.0,2.0,0.0,0.0,5.0,3.0,1.0,1.0,0.0,0.0,1.0,50.0,33.333333333333336,0.0,0.8095,64.28571428571429,15.0,1.0,50.0,0.0,60.0,,,,,,,,,,,
37550501,Gentrit Salihu,Lokomotiva Zagreb,Midfielder,23.0,Kosovo,1.0,84.0,0.0,0.0,0.0,0.0,25.0,76.0,2.0,1.0,9.0,3.0,0.0,0.0,6.49,1.0,0.0,2.0,1.0,0.0,0.0,2.0,1.0,0.0,0.0,2.0,0.0,0.0,0.0,1.0,0.0,0.0,0.0,0.0,0.0,26.785714285714285,2.142857142857143,1.0714285714285714,0.0,1.0714285714285714,0.0,2.142857142857143,1.0714285714285714,0.0,0.0,2.142857142857143,1.0714285714285714,0.0,0.0,2.142857142857143,0.0,0.0,100.0,0.0,0.0,0.76,33.333333333333336,84.0,0.0,0.0,0.0,50.0,,,,,,,,,,,
5270359,Silvio Gorican,Lokomotiva Zagreb,Attacker,26.0,Croatia,5.0,78.0,0.0,1.0,1.0,1.0,17.0,76.47,2.0,1.0,8.0,4.0,0.0,0.0,6.59,1.0,1.0,1.0,1.0,5.0,2.0,1.0,1.0,1.0,1.0,1.0,0.0,0.0,3.0,2.0,0.0,0.0,1.1538461538461535,1.1538461538461535,1.1538461538461535,19.615384615384617,2.3076923076923075,1.1538461538461535,0.0,1.1538461538461535,1.1538461538461535,1.1538461538461535,1.1538461538461535,5.769230769230769,2.3076923076923075,1.1538461538461535,1.1538461538461535,1.1538461538461535,1.1538461538461535,1.1538461538461535,0.0,3.4615384615384617,40.0,100.0,0.0,0.7646999999999999,50.0,15.6,1.1538461538461535,100.0,40.0,100.0,,,,,,,,,,,
37783726,David Kalem,Osijek,Attacker,17.0,,1.0,69.0,0.0,0.0,0.0,0.0,25.0,68.0,3.0,0.0,10.0,7.0,0.0,0.0,6.94,2.0,1.0,0.0,0.0,10.0,2.0,1.0,0.0,0.0,3.0,3.0,0.0,0.0,0.0,1.0,0.0,0.0,0.0,0.0,0.0,32.608695652173914,3.9130434782608696,0.0,0.0,2.608695652173913,1.3043478260869563,0.0,0.0,13.043478260869565,2.608695652173913,1.3043478260869563,0.0,0.0,3.9130434782608696,3.9130434782608696,0.0,0.0,100.0,0.0,0.0,0.68,70.0,69.0,0.0,50.0,20.0,0.0,,,,,,,,,,,
37904235,Marko Aščić,Slaven Koprivnica,Attacker,19.0,,5.0,66.0,0.0,0.0,3.0,1.0,11.0,72.73,0.0,0.0,10.0,6.0,0.0,0.0,6.63,1.0,1.0,0.0,3.0,0.0,0.0,1.0,1.0,0.0,2.0,1.0,0.0,0.0,0.0,1.0,0.0,0.0,0.0,4.090909090909091,1.3636363636363635,15.0,0.0,0.0,0.0,1.3636363636363635,1.3636363636363635,0.0,4.090909090909091,0.0,0.0,1.3636363636363635,1.3636363636363635,0.0,2.727272727272727,1.3636363636363635,0.0,0.0,20.0,33.333333333333336,0.0,0.7273000000000001,60.0,13.2,0.0,100.0,0.0,100.0,,,,,,,,,,,
38206938,Jona Jezic,Osijek,Midfielder,17.0,Croatia,3.0,65.0,0.0,0.0,3.0,2.0,29.0,89.66,1.0,0.0,19.0,7.0,0.0,0.0,6.5,0.0,0.0,0.0,1.0,2.0,0.0,0.0,0.0,1.0,5.0,1.0,0.0,0.0,0.0,1.0,0.0,0.0,0.0,4.153846153846154,2.769230769230769,40.15384615384615,1.3846153846153846,0.0,0.0,0.0,0.0,0.0,1.3846153846153846,2.769230769230769,0.0,0.0,0.0,1.3846153846153846,6.923076923076923,1.3846153846153846,0.0,0.0,33.333333333333336,66.66666666666667,0.0,0.8966,36.8421052631579,21.666666666666668,0.0,0.0,0.0,0.0,,,,,,,,,,,
37689659,Gustavo Albarracín,Istra 1961,Midfielder,20.0,Argentina,4.0,62.0,0.0,0.0,0.0,0.0,37.0,83.78,0.0,1.0,14.0,3.0,1.0,0.0,6.34,4.0,0.0,0.0,2.0,1.0,0.0,2.0,1.0,1.0,1.0,3.0,0.0,0.0,2.0,0.0,0.0,0.0,0.0,0.0,0.0,53.70967741935484,0.0,1.4516129032258065,1.4516129032258065,5.806451612903226,0.0,0.0,2.903225806451613,1.4516129032258065,0.0,2.903225806451613,1.4516129032258065,1.4516129032258065,1.4516129032258065,4.354838709677419,0.0,2.903225806451613,0.0,0.0,0.0,0.8378,21.428571428571427,15.5,0.0,0.0,0.0,50.0,,,,,,,,,,,
37682737,Zvonimir Josic,Gorica,Defender,19.0,Croatia,3.0,57.0,0.0,0.0,1.0,0.0,15.0,66.67,1.0,0.0,6.0,3.0,0.0,0.0,6.5,0.0,0.0,0.0,1.0,0.0,0.0,6.0,2.0,0.0,2.0,3.0,0.0,0.0,1.0,1.0,0.0,0.0,0.0,1.5789473684210529,0.0,23.68421052631579,1.5789473684210529,0.0,0.0,0.0,0.0,0.0,1.5789473684210529,0.0,0.0,9.473684210526317,3.1578947368421053,0.0,3.1578947368421053,4.7368421052631575,0.0,1.5789473684210529,33.333333333333336,0.0,0.0,0.6667000000000001,50.0,19.0,0.0,0.0,0.0,33.333333333333336,,,,,,,,,,,
37607123,Juan Córdoba,Dinamo Zagreb,Attacker,22.0,Colombia,2.0,57.0,1.0,0.0,2.0,1.0,23.0,86.96,1.0,0.0,8.0,5.0,0.0,0.0,7.01,6.0,4.0,0.0,0.0,0.0,0.0,1.0,0.0,1.0,0.0,0.0,0.0,0.0,0.0,1.0,0.0,1.5789473684210529,0.0,3.1578947368421053,1.5789473684210529,36.31578947368421,1.5789473684210529,0.0,0.0,9.473684210526317,6.315789473684211,0.0,0.0,0.0,0.0,1.5789473684210529,0.0,1.5789473684210529,0.0,0.0,0.0,0.0,50.0,50.0,50.0,0.8695999999999999,62.5,28.5,1.5789473684210529,66.66666666666667,0.0,0.0,,,,,,,,,,,
38208604,Nik Skafar Zuzic,Istra 1961,Attacker,17.0,Croatia,4.0,57.0,0.0,0.0,0.0,0.0,12.0,58.33,3.0,0.0,11.0,6.0,0.0,0.0,6.53,4.0,1.0,2.0,1.0,3.0,0.0,0.0,0.0,1.0,1.0,0.0,0.0,0.0,2.0,1.0,0.0,0.0,0.0,0.0,0.0,18.94736842105263,4.7368421052631575,0.0,0.0,6.315789473684211,1.5789473684210529,3.1578947368421053,1.5789473684210529,4.7368421052631575,0.0,0.0,0.0,1.5789473684210529,1.5789473684210529,0.0,0.0,3.1578947368421053,25.0,0.0,0.0,0.5832999999999999,54.54545454545455,14.25,0.0,25.0,0.0,0.0,,,,,,,,,,,
54693,Robert Mudrazija,Dinamo Zagreb,Midfielder,29.0,Croatia,5.0,51.0,0.0,0.0,0.0,0.0,10.0,60.0,0.0,0.0,8.0,0.0,0.0,0.0,6.26,0.0,0.0,1.0,0.0,0.0,0.0,2.0,1.0,0.0,0.0,0.0,0.0,0.0,0.0,3.0,0.0,0.0,0.0,0.0,0.0,17.647058823529413,0.0,0.0,0.0,0.0,0.0,1.7647058823529411,0.0,0.0,0.0,3.5294117647058822,1.7647058823529411,0.0,0.0,0.0,0.0,0.0,60.0,0.0,0.0,0.6,0.0,10.2,0.0,0.0,0.0,50.0,,,,,,,,,,,
37719899,Lovro Kitin,Rijeka,Defender,19.0,Croatia,3.0,51.0,0.0,0.0,1.0,1.0,21.0,71.43,0.0,0.0,3.0,3.0,0.0,0.0,6.54,0.0,0.0,0.0,1.0,0.0,0.0,0.0,0.0,0.0,2.0,5.0,0.0,0.0,1.0,1.0,0.0,0.0,0.0,1.7647058823529411,1.7647058823529411,37.05882352941177,0.0,0.0,0.0,0.0,0.0,0.0,1.7647058823529411,0.0,0.0,0.0,0.0,0.0,3.5294117647058822,8.823529411764707,0.0,1.7647058823529411,33.333333333333336,100.0,0.0,0.7143,100.0,17.0,0.0,0.0,0.0,0.0,,,,,,,,,,,
74877,Mihael Zaper,Lokomotiva Zagreb,Midfielder,27.0,Croatia,4.0,47.0,0.0,0.0,1.0,1.0,25.0,60.0,0.0,0.0,7.0,5.0,0.0,0.0,6.43,0.0,0.0,2.0,0.0,0.0,0.0,2.0,0.0,0.0,5.0,6.0,0.0,0.0,2.0,0.0,0.0,0.0,0.0,1.9148936170212767,1.9148936170212767,47.87234042553192,0.0,0.0,0.0,0.0,0.0,3.8297872340425534,0.0,0.0,0.0,3.8297872340425534,0.0,0.0,9.574468085106384,11.48936170212766,0.0,3.8297872340425534,0.0,100.0,0.0,0.6,71.42857142857143,11.75,0.0,0.0,0.0,0.0,,,,,,,,,,,
37660073,Domagoj Begonja,Varaždin,Defender,21.0,Croatia,3.0,42.0,0.0,0.0,0.0,0.0,16.0,62.5,2.0,1.0,15.0,9.0,0.0,0.0,6.61,2.0,1.0,3.0,4.0,6.0,2.0,0.0,0.0,1.0,2.0,2.0,0.0,0.0,0.0,0.0,0.0,0.0,0.0,0.0,0.0,34.285714285714285,4.285714285714286,2.142857142857143,0.0,4.285714285714286,2.142857142857143,6.428571428571429,8.571428571428571,12.857142857142858,4.285714285714286,0.0,0.0,2.142857142857143,4.285714285714286,4.285714285714286,0.0,0.0,0.0,0.0,0.0,0.625,60.0,14.0,0.0,50.0,33.333333333333336,0.0,,,,,,,,,,,
37546618,Raúl Torrente,Dinamo Zagreb,Defender,24.0,Spain,1.0,36.0,0.0,0.0,2.0,0.0,38.0,97.37,1.0,0.0,2.0,2.0,0.0,0.0,6.85,0.0,0.0,0.0,0.0,0.0,0.0,2.0,1.0,0.0,1.0,2.0,0.0,0.0,0.0,1.0,0.0,0.0,0.0,5.0,0.0,95.0,2.5,0.0,0.0,0.0,0.0,0.0,0.0,0.0,0.0,5.0,2.5,0.0,2.5,5.0,0.0,0.0,100.0,0.0,0.0,0.9737,100.0,36.0,0.0,0.0,0.0,50.0,,,,,,,,,,,
37574635,Pocholo Bugas,Vukovar,Attacker,24.0,Philippines,3.0,32.0,0.0,0.0,0.0,0.0,13.0,38.46,0.0,0.0,11.0,3.0,0.0,0.0,6.58,4.0,2.0,2.0,1.0,1.0,0.0,0.0,0.0,1.0,0.0,0.0,0.0,0.0,1.0,0.0,0.0,0.0,0.0,0.0,0.0,36.5625,0.0,0.0,0.0,11.25,5.625,5.625,2.8125,2.8125,0.0,0.0,0.0,2.8125,0.0,0.0,0.0,2.8125,0.0,0.0,0.0,0.3846,27.272727272727277,10.666666666666666,0.0,50.0,0.0,0.0,,,,,,,,,,,
37615226,Raí,Vukovar,Attacker,22.0,Brazil,3.0,30.0,0.0,0.0,1.0,0.0,19.0,73.68,0.0,0.0,9.0,3.0,0.0,0.0,6.51,2.0,1.0,0.0,1.0,3.0,1.0,2.0,0.0,1.0,1.0,0.0,0.0,0.0,2.0,0.0,0.0,0.0,0.0,3.0,0.0,57.0,0.0,0.0,0.0,6.0,3.0,0.0,3.0,9.0,3.0,6.0,0.0,3.0,3.0,0.0,0.0,6.0,0.0,0.0,0.0,0.7368000000000001,33.333333333333336,10.0,0.0,50.0,33.333333333333336,0.0,,,,,,,,,,,
37728376,Petar Zvonimir Kostelac,Lokomotiva Zagreb,Defender,18.0,Croatia,2.0,29.0,0.0,0.0,0.0,0.0,9.0,77.78,0.0,1.0,0.0,0.0,0.0,0.0,6.61,0.0,0.0,0.0,0.0,1.0,0.0,0.0,0.0,0.0,0.0,2.0,0.0,0.0,0.0,1.0,0.0,0.0,0.0,0.0,0.0,27.93103448275862,0.0,3.103448275862069,0.0,0.0,0.0,0.0,0.0,3.103448275862069,0.0,0.0,0.0,0.0,0.0,6.206896551724138,0.0,0.0,50.0,0.0,0.0,0.7778,0.0,14.5,0.0,0.0,0.0,0.0,,,,,,,,,,,
38067235,Dominik Celija,Istra 1961,Attacker,20.0,Croatia,2.0,29.0,0.0,0.0,1.0,1.0,5.0,80.0,3.0,0.0,6.0,5.0,0.0,0.0,6.61,1.0,0.0,1.0,2.0,1.0,1.0,0.0,0.0,1.0,0.0,0.0,0.0,0.0,3.0,0.0,0.0,0.0,0.0,3.103448275862069,3.103448275862069,15.517241379310343,9.310344827586206,0.0,0.0,3.103448275862069,0.0,3.103448275862069,6.206896551724138,3.103448275862069,3.103448275862069,0.0,0.0,3.103448275862069,0.0,0.0,0.0,9.310344827586206,0.0,100.0,0.0,0.8,83.33333333333333,14.5,0.0,0.0,100.0,0.0,,,,,,,,,,,
96854,Ronaël Pierre-Gabriel,Dinamo Zagreb,Defender,28.0,France,1.0,24.0,0.0,0.0,0.0,0.0,14.0,78.57,2.0,0.0,6.0,4.0,1.0,0.0,6.45,1.0,0.0,0.0,0.0,0.0,0.0,2.0,1.0,2.0,2.0,0.0,0.0,0.0,1.0,0.0,0.0,0.0,0.0,0.0,0.0,52.5,7.5,0.0,3.75,3.75,0.0,0.0,0.0,0.0,0.0,7.5,3.75,7.5,7.5,0.0,0.0,3.75,0.0,0.0,0.0,0.7857,66.66666666666667,24.0,0.0,0.0,0.0,50.0,,,,,,,,,,,
37731758,Fran Peček,Osijek,Midfielder,19.0,Croatia,1.0,24.0,0.0,0.0,1.0,0.0,4.0,75.0,0.0,0.0,2.0,1.0,0.0,0.0,6.58,1.0,1.0,0.0,0.0,0.0,0.0,0.0,0.0,0.0,0.0,0.0,0.0,0.0,0.0,0.0,0.0,0.0,0.0,3.75,0.0,15.0,0.0,0.0,0.0,3.75,3.75,0.0,0.0,0.0,0.0,0.0,0.0,0.0,0.0,0.0,0.0,0.0,0.0,0.0,0.0,0.75,50.0,24.0,0.0,100.0,0.0,0.0,,,,,,,,,,,
37671881,Erik Ridjan,Slaven Koprivnica,Defender,20.0,Croatia,2.0,23.0,0.0,0.0,0.0,0.0,13.0,84.62,1.0,0.0,7.0,1.0,0.0,0.0,6.32,1.0,0.0,2.0,0.0,0.0,0.0,0.0,0.0,0.0,0.0,1.0,0.0,0.0,0.0,0.0,0.0,0.0,0.0,0.0,0.0,50.869565217391305,3.9130434782608696,0.0,0.0,3.9130434782608696,0.0,7.826086956521739,0.0,0.0,0.0,0.0,0.0,0.0,0.0,3.9130434782608696,0.0,0.0,0.0,0.0,0.0,0.8462000000000001,14.285714285714286,11.5,0.0,0.0,0.0,0.0,,,,,,,,,,,
37778737,Josip Brundić,Dinamo Zagreb,Midfielder,19.0,,1.0,21.0,0.0,0.0,0.0,0.0,8.0,75.0,1.0,1.0,7.0,2.0,0.0,0.0,6.26,3.0,1.0,3.0,0.0,2.0,1.0,0.0,0.0,1.0,0.0,0.0,0.0,0.0,0.0,0.0,0.0,0.0,0.0,0.0,0.0,34.285714285714285,4.285714285714286,4.285714285714286,0.0,12.857142857142858,4.285714285714286,12.857142857142858,0.0,8.571428571428571,4.285714285714286,0.0,0.0,4.285714285714286,0.0,0.0,0.0,0.0,0.0,0.0,0.0,0.75,28.571428571428573,21.0,0.0,33.333333333333336,50.0,0.0,,,,,,,,,,,
38213277,Filip Kutleša,Slaven Koprivnica,Defender,17.0,Croatia,2.0,17.0,0.0,0.0,0.0,0.0,10.0,70.0,1.0,0.0,1.0,1.0,0.0,0.0,6.56,0.0,0.0,0.0,0.0,0.0,0.0,1.0,0.0,0.0,0.0,1.0,0.0,0.0,0.0,1.0,0.0,0.0,0.0,0.0,0.0,52.94117647058823,5.294117647058823,0.0,0.0,0.0,0.0,0.0,0.0,0.0,0.0,5.294117647058823,0.0,0.0,0.0,5.294117647058823,0.0,0.0,50.0,0.0,0.0,0.7,100.0,8.5,0.0,0.0,0.0,0.0,,,,,,,,,,,
38209084,Niko Pajvančić,Vukovar,Centre Forward,17.0,Croatia,3.0,16.0,0.0,0.0,0.0,0.0,5.0,40.0,0.0,0.0,5.0,2.0,0.0,0.0,6.37,0.0,0.0,0.0,0.0,0.0,0.0,0.0,0.0,0.0,2.0,0.0,0.0,0.0,2.0,0.0,0.0,0.0,0.0,0.0,0.0,28.125,0.0,0.0,0.0,0.0,0.0,0.0,0.0,0.0,0.0,0.0,0.0,0.0,11.25,0.0,0.0,11.25,0.0,0.0,0.0,0.4,40.0,5.333333333333333,0.0,0.0,0.0,0.0,,,,,,,,,,,
38056981,Paizinho,Varaždin,Attacker,17.0,Angola,2.0,13.0,0.0,0.0,1.0,0.0,4.0,100.0,1.0,0.0,6.0,3.0,0.0,0.0,6.57,3.0,2.0,1.0,0.0,2.0,1.0,0.0,0.0,0.0,0.0,0.0,0.0,0.0,1.0,0.0,0.0,0.0,0.0,6.923076923076923,0.0,27.692307692307693,6.923076923076923,0.0,0.0,20.76923076923077,13.846153846153848,6.923076923076923,0.0,13.846153846153848,6.923076923076923,0.0,0.0,0.0,0.0,0.0,0.0,6.923076923076923,0.0,0.0,0.0,1.0,50.0,6.5,0.0,66.66666666666667,50.0,0.0,,,,,,,,,,,
97414,Ismaël Diallo,Hajduk Split,Defender,29.0,Ivory Coast,1.0,8.0,0.0,0.0,0.0,0.0,5.0,80.0,1.0,0.0,2.0,1.0,0.0,0.0,6.55,0.0,0.0,0.0,0.0,0.0,0.0,1.0,1.0,0.0,0.0,0.0,0.0,0.0,0.0,1.0,0.0,0.0,0.0,0.0,0.0,56.25,11.25,0.0,0.0,0.0,0.0,0.0,0.0,0.0,0.0,11.25,11.25,0.0,0.0,0.0,0.0,0.0,100.0,0.0,0.0,0.8,50.0,8.0,0.0,0.0,0.0,100.0,,,,,,,,,,,
37757219,Mihael Kelava,Gorica,Midfielder,17.0,,1.0,8.0,0.0,0.0,0.0,0.0,1.0,100.0,0.0,0.0,6.0,0.0,0.0,0.0,5.98,2.0,0.0,0.0,0.0,0.0,0.0,0.0,0.0,0.0,0.0,0.0,0.0,0.0,0.0,1.0,0.0,0.0,0.0,0.0,0.0,11.25,0.0,0.0,0.0,22.5,0.0,0.0,0.0,0.0,0.0,0.0,0.0,0.0,0.0,0.0,0.0,0.0,100.0,0.0,0.0,1.0,0.0,8.0,0.0,0.0,0.0,0.0,,,,,,,,,,,
37715698,Luka Curkovic,Slaven Koprivnica,Defender,20.0,Croatia,2.0,8.0,0.0,0.0,1.0,0.0,4.0,100.0,0.0,0.0,1.0,1.0,0.0,0.0,,0.0,0.0,0.0,1.0,1.0,1.0,0.0,0.0,0.0,0.0,0.0,0.0,0.0,0.0,0.0,0.0,0.0,0.0,11.25,0.0,45.0,0.0,0.0,0.0,0.0,0.0,0.0,11.25,11.25,11.25,0.0,0.0,0.0,0.0,0.0,0.0,0.0,0.0,0.0,0.0,1.0,100.0,4.0,0.0,0.0,100.0,0.0,,,,,,,,,,,
38207023,Jakov Dedic,Osijek,Attacker,16.0,Croatia,2.0,8.0,0.0,0.0,0.0,0.0,4.0,50.0,0.0,0.0,2.0,1.0,0.0,0.0,6.37,1.0,0.0,0.0,0.0,0.0,0.0,0.0,0.0,0.0,1.0,0.0,0.0,0.0,0.0,0.0,0.0,0.0,0.0,0.0,0.0,45.0,0.0,0.0,0.0,11.25,0.0,0.0,0.0,0.0,0.0,0.0,0.0,0.0,11.25,0.0,0.0,0.0,0.0,0.0,0.0,0.5,50.0,4.0,0.0,0.0,0.0,0.0,,,,,,,,,,,
73858,Marko Rog,Lokomotiva Zagreb,Midfielder,30.0,Croatia,2.0,7.0,0.0,0.0,1.0,0.0,8.0,87.5,0.0,0.0,2.0,0.0,0.0,0.0,6.19,1.0,0.0,0.0,0.0,0.0,0.0,2.0,1.0,0.0,0.0,0.0,0.0,0.0,0.0,0.0,0.0,0.0,0.0,12.857142857142858,0.0,102.85714285714286,0.0,0.0,0.0,12.857142857142858,0.0,0.0,0.0,0.0,0.0,25.714285714285715,12.857142857142858,0.0,0.0,0.0,0.0,0.0,0.0,0.0,0.0,0.875,0.0,3.5,0.0,0.0,0.0,50.0,,,,,,,,,,,
38212670,Leon Geci,Slaven Koprivnica,Midfielder,18.0,Croatia,2.0,6.0,0.0,0.0,0.0,0.0,5.0,100.0,1.0,0.0,4.0,2.0,0.0,0.0,,0.0,0.0,0.0,1.0,0.0,0.0,0.0,0.0,0.0,0.0,0.0,0.0,0.0,0.0,1.0,0.0,0.0,0.0,0.0,0.0,75.0,15.0,0.0,0.0,0.0,0.0,0.0,15.0,0.0,0.0,0.0,0.0,0.0,0.0,0.0,0.0,0.0,50.0,0.0,0.0,1.0,50.0,3.0,0.0,0.0,0.0,0.0,,,,,,,,,,,
34649,Antonio Hidalgo,Rijeka,Coach,37.0,Croatia,1.0,6.0,0.0,0.0,1.0,0.0,2.0,0.0,0.0,0.0,4.0,2.0,0.0,0.0,6.45,0.0,0.0,0.0,1.0,0.0,0.0,0.0,0.0,0.0,2.0,0.0,0.0,0.0,0.0,0.0,0.0,0.0,0.0,15.0,0.0,30.0,0.0,0.0,0.0,0.0,0.0,0.0,15.0,0.0,0.0,0.0,0.0,0.0,30.0,0.0,0.0,0.0,0.0,0.0,0.0,0.0,50.0,6.0,0.0,0.0,0.0,0.0,,,,,,,,,,,
37656551,Jakov Gurlica,Gorica,Defender,22.0,Croatia,1.0,5.0,1.0,0.0,15.0,5.0,1.0,29400.0,2.0,19.0,2.0,2.0,3.0,0.0,6.9,12.0,7.0,11.0,5.0,6.0,1.0,1.0,23.0,3.0,32.0,5.0,0.0,0.0,31.0,2.0,0.0,18.0,0.0,270.0,90.0,18.0,36.0,342.0,54.0,216.0,126.0,198.0,90.0,108.0,18.0,18.0,414.0,54.0,576.0,90.0,0.0,558.0,200.0,33.333333333333336,6.666666666666667,294.0,100.0,5.0,18.0,58.333333333333336,16.666666666666668,2300.0,,,,,,,,,,,
37634142,Marin Zgomba,Istra 1961,Midfielder,21.0,Croatia,1.0,4.0,0.0,0.0,0.0,0.0,2.0,100.0,1.0,0.0,2.0,1.0,0.0,0.0,,0.0,0.0,0.0,0.0,0.0,0.0,0.0,0.0,0.0,0.0,0.0,0.0,0.0,0.0,1.0,0.0,0.0,0.0,0.0,0.0,45.0,22.5,0.0,0.0,0.0,0.0,0.0,0.0,0.0,0.0,0.0,0.0,0.0,0.0,0.0,0.0,0.0,100.0,0.0,0.0,1.0,50.0,4.0,0.0,0.0,0.0,0.0,,,,,,,,,,,
38214603,Goran Grulovic,Rijeka,Attacker,16.0,Croatia,1.0,2.0,0.0,0.0,1.0,0.0,0.0,0.0,0.0,0.0,3.0,2.0,0.0,0.0,,2.0,2.0,0.0,0.0,1.0,0.0,0.0,0.0,0.0,0.0,0.0,0.0,0.0,0.0,1.0,0.0,0.0,0.0,45.0,0.0,0.0,0.0,0.0,0.0,90.0,90.0,0.0,0.0,45.0,0.0,0.0,0.0,0.0,0.0,0.0,0.0,0.0,100.0,0.0,0.0,0.0,66.66666666666667,2.0,0.0,100.0,0.0,0.0,,,,,,,,,,,
13553593,Halid Šabanović,Vukovar,Defender,26.0,Bosnia and Herzegovina,1.0,1.0,0.0,0.0,0.0,0.0,2.0,100.0,0.0,0.0,0.0,0.0,0.0,0.0,6.54,0.0,0.0,0.0,0.0,0.0,0.0,0.0,0.0,1.0,0.0,0.0,0.0,0.0,0.0,0.0,0.0,0.0,0.0,0.0,0.0,180.0,0.0,0.0,0.0,0.0,0.0,0.0,0.0,0.0,0.0,0.0,0.0,90.0,0.0,0.0,0.0,0.0,0.0,0.0,0.0,1.0,0.0,1.0,0.0,0.0,0.0,0.0,,,,,,,,,,,
