player_id,player_name,team_name,position,age,nationality,appearances,minutes,goals,assists,shots,shots_on_target,passes,pass_accuracy,tackles,interceptions,duels,duels_won,yellow_cards,red_cards,rating,dribble_attempts,successful_dribbles,dribbled_past,fouls_drawn,crosses,accurate_crosses,long_balls,accurate_long_balls,key_passes,aerials_won,clearances,saves,saves_inside_box,goals_conceded,clean_sheets,penalties_saved,goals_per90,assists_per90,shots_per90,shots_on_target_per90,passes_per90,tackles_per90,interceptions_per90,cards_per90,dribble_attempts_per90,successful_dribbles_per90,dribbled_past_per90,fouls_drawn_per90,crosses_per90,accurate_crosses_per90,long_balls_per90,accurate_long_balls_per90,key_passes_per90,aerials_won_per90,clearances_per90,saves_per90,goals_conceded_per90,clean_sheet_rate,shot_accuracy,goal_conversion,pass_accuracy_ratio,duel_success_rate,minutes_per_appearance,goal_contribution_per90,dribble_success_rate,cross_accuracy,long_ball_accuracy
16120385,Davor Matijas,Gorica,Goalkeeper,26.0,Croatia,36.0,3240.0,0.0,0.0,0.0,0.0,1030.0,67.28,1.0,2.0,23.0,17.0,3.0,0.0,6.81,6.0,5.0,2.0,3.0,0.0,0.0,483.0,151.0,0.0,10.0,48.0,102.0,60.0,48.0,8.0,0.0,0.0,0.0,0.0,0.0,28.61111111111111,0.027777777777777776,0.05555555555555555,0.08333333333333333,0.16666666666666666,0.1388888888888889,0.05555555555555555,0.08333333333333333,0.0,0.0,13.416666666666666,4.194444444444445,0.0,0.2777777777777778,1.3333333333333333,2.8333333333333335,1.3333333333333333,22.22222222222222,0.0,0.0,0.6728000000000001,73.91304347826087,90.0,0.0,83.33333333333333,0.0,31.26293995859213
37341949,Franko Kolic,Istra 1961,Goalkeeper,23.0,Croatia,35.0,3150.0,0.0,0.0,0.0,0.0,871.0,65.33,3.0,0.0,19.0,17.0,2.0,0.0,6.94,1.0,1.0,0.0,6.0,0.0,0.0,435.0,139.0,0.0,8.0,24.0,122.0,75.0,49.0,6.0,1.0,0.0,0.0,0.0,0.0,24.885714285714286,0.08571428571428572,0.0,0.05714285714285714,0.02857142857142857,0.02857142857142857,0.0,0.17142857142857143,0.0,0.0,12.428571428571429,3.9714285714285715,0.0,0.22857142857142856,0.6857142857142857,3.4857142857142858,1.4,17.142857142857142,0.0,0.0,0.6533,89.47368421052632,90.0,0.0,100.0,0.0,31.95402298850575
37660075,Ante Kavelj,Gorica,Midfielder,20.0,Croatia,36.0,3106.0,3.0,2.0,24.0,10.0,983.0,76.5,67.0,49.0,325.0,184.0,3.0,0.0,6.87,18.0,6.0,21.0,38.0,19.0,1.0,122.0,53.0,17.0,77.0,117.0,0.0,0.0,42.0,8.0,0.0,0.08692852543464263,0.05795235028976175,0.6954282034771411,0.2897617514488088,28.4835801674179,1.9414037347070188,1.4198325820991629,0.08692852543464263,0.5215711526078558,0.17385705086928527,0.6084996780424984,1.1010946555054733,0.5505473277527366,0.028976175144880875,3.535093367675467,1.5357372826786864,0.49259497746297487,2.2311654861558274,3.3902124919510626,0.0,1.2169993560849968,22.22222222222222,41.666666666666664,12.5,0.765,56.61538461538461,86.27777777777777,0.1448808757244044,33.333333333333336,5.2631578947368425,43.442622950819676
74082,Jakov Filipovic,Gorica,Defender,33.0,Croatia,34.0,3027.0,2.0,0.0,15.0,7.0,1374.0,85.88,33.0,44.0,227.0,146.0,3.0,0.0,6.8,6.0,2.0,8.0,27.0,1.0,1.0,164.0,72.0,4.0,88.0,210.0,0.0,0.0,46.0,7.0,0.0,0.05946481665014866,0.0,0.44598612487611494,0.20812685827552033,40.85232903865213,0.981169474727453,1.3082259663032705,0.08919722497522299,0.17839444995044598,0.05946481665014866,0.23785926660059464,0.8027750247770069,0.02973240832507433,0.02973240832507433,4.8761149653121905,2.140733399405352,0.11892963330029732,2.616451932606541,6.2438057482656095,0.0,1.3676907829534193,20.58823529411765,46.666666666666664,13.333333333333334,0.8588,64.31718061674009,89.02941176470588,0.05946481665014866,33.333333333333336,100.0,43.90243902439025
1193792,Martin Zlomislic,Rijeka,Goalkeeper,27.0,Bosnia and Herzegovina,33.0,2970.0,0.0,0.0,0.0,0.0,958.0,68.89,0.0,1.0,17.0,12.0,1.0,0.0,6.68,0.0,0.0,1.0,6.0,0.0,0.0,433.0,138.0,0.0,8.0,25.0,71.0,38.0,36.0,11.0,1.0,0.0,0.0,0.0,0.0,29.03030303030303,0.0,0.030303030303030304,0.030303030303030304,0.0,0.0,0.030303030303030304,0.18181818181818182,0.0,0.0,13.121212121212121,4.181818181818182,0.0,0.24242424242424243,0.7575757575757576,2.1515151515151514,1.0909090909090908,33.333333333333336,0.0,0.0,0.6889,70.58823529411765,90.0,0.0,0.0,0.0,31.87066974595843
73926,Josip Posavec,Lokomotiva Zagreb,Goalkeeper,30.0,Croatia,33.0,2970.0,0.0,0.0,0.0,0.0,1116.0,74.82,2.0,0.0,14.0,13.0,2.0,0.0,6.7,0.0,0.0,0.0,8.0,0.0,0.0,441.0,166.0,0.0,3.0,43.0,81.0,48.0,51.0,6.0,1.0,0.0,0.0,0.0,0.0,33.81818181818182,0.06060606060606061,0.0,0.06060606060606061,0.0,0.0,0.0,0.24242424242424243,0.0,0.0,13.363636363636363,5.03030303030303,0.0,0.09090909090909091,1.303030303030303,2.4545454545454546,1.5454545454545454,18.181818181818183,0.0,0.0,0.7482,92.85714285714286,90.0,0.0,0.0,0.0,37.641723356009074
73867,Dominik Kovacic,Slaven Koprivnica,Defender,32.0,Croatia,33.0,2968.0,0.0,2.0,11.0,2.0,1585.0,86.37,61.0,42.0,224.0,128.0,4.0,0.0,6.8,12.0,11.0,23.0,13.0,8.0,3.0,224.0,108.0,14.0,45.0,157.0,0.0,0.0,56.0,5.0,0.0,0.0,0.06064690026954178,0.3335579514824798,0.06064690026954178,48.06266846361186,1.8497304582210243,1.2735849056603774,0.12129380053908356,0.3638814016172507,0.3335579514824798,0.6974393530997305,0.3942048517520216,0.24258760107816713,0.09097035040431267,6.7924528301886795,3.274932614555256,0.42452830188679247,1.36455525606469,4.760781671159029,0.0,1.6981132075471699,15.151515151515152,18.181818181818183,0.0,0.8637,57.142857142857146,89.93939393939394,0.06064690026954178,91.66666666666667,37.5,48.214285714285715
5968017,Zan Trontelj,Gorica,Defender,26.0,Slovenia,33.0,2960.0,3.0,4.0,12.0,7.0,1129.0,75.2,67.0,23.0,288.0,132.0,4.0,0.0,6.93,42.0,14.0,41.0,29.0,183.0,41.0,156.0,79.0,51.0,25.0,85.0,0.0,0.0,43.0,8.0,0.0,0.09121621621621621,0.12162162162162163,0.36486486486486486,0.21283783783783783,34.3277027027027,2.0371621621621623,0.6993243243243243,0.12162162162162163,1.277027027027027,0.42567567567567566,1.2466216216216217,0.8817567567567568,5.5641891891891895,1.2466216216216217,4.743243243243243,2.402027027027027,1.5506756756756757,0.7601351351351351,2.5844594594594597,0.0,1.3074324324324325,24.242424242424242,58.333333333333336,25.0,0.752,45.833333333333336,89.6969696969697,0.21283783783783783,33.333333333333336,22.404371584699454,50.64102564102564
37648988,Robin González,Vukovar,Midfielder,27.0,Colombia,35.0,2946.0,7.0,5.0,51.0,19.0,879.0,82.48,51.0,14.0,411.0,208.0,6.0,0.0,6.91,112.0,66.0,23.0,82.0,39.0,13.0,63.0,41.0,36.0,9.0,8.0,0.0,0.0,66.0,4.0,0.0,0.21384928716904278,0.15274949083503056,1.5580448065173116,0.5804480651731161,26.85336048879837,1.5580448065173116,0.42769857433808556,0.18329938900203666,3.4215885947046845,2.016293279022403,0.7026476578411406,2.505091649694501,1.1914460285132382,0.3971486761710794,1.924643584521385,1.2525458248472505,1.0997963340122199,0.27494908350305497,0.24439918533604887,0.0,2.016293279022403,11.428571428571429,37.254901960784316,13.72549019607843,0.8248000000000001,50.60827250608273,84.17142857142858,0.36659877800407337,58.92857142857143,33.333333333333336,65.07936507936508
73640,Oliver Zelenika,Varaždin,Goalkeeper,33.0,Croatia,32.0,2880.0,0.0,0.0,0.0,0.0,774.0,65.76,0.0,0.0,13.0,11.0,2.0,0.0,6.92,1.0,1.0,1.0,6.0,1.0,1.0,404.0,143.0,0.0,5.0,33.0,103.0,72.0,40.0,9.0,1.0,0.0,0.0,0.0,0.0,24.1875,0.0,0.0,0.0625,0.03125,0.03125,0.03125,0.1875,0.03125,0.03125,12.625,4.46875,0.0,0.15625,1.03125,3.21875,1.25,28.125,0.0,0.0,0.6576000000000001,84.61538461538461,90.0,0.0,100.0,100.0,35.396039603960396
52889,Josip Radosevic,Istra 1961,Midfielder,32.0,Croatia,32.0,2836.0,1.0,0.0,16.0,5.0,1429.0,84.39,84.0,35.0,251.0,137.0,4.0,0.0,6.88,21.0,8.0,27.0,24.0,51.0,17.0,146.0,82.0,29.0,23.0,49.0,0.0,0.0,43.0,6.0,0.0,0.03173483779971791,0.0,0.5077574047954866,0.15867418899858957,45.349083215796895,2.6657263751763045,1.1107193229901269,0.12693935119887165,0.6664315937940761,0.2538787023977433,0.8568406205923836,0.7616361071932299,1.6184767277856136,0.5394922425952046,4.633286318758815,2.602256699576869,0.9203102961918195,0.729901269393512,1.5550070521861776,0.0,1.3645980253878702,18.75,31.25,6.25,0.8439,54.581673306772906,88.625,0.03173483779971791,38.095238095238095,33.333333333333336,56.16438356164384
338593,Stjepan Loncar,Istra 1961,Midfielder,29.0,Bosnia and Herzegovina,33.0,2784.0,3.0,6.0,36.0,9.0,1056.0,80.87,27.0,9.0,254.0,106.0,6.0,0.0,6.87,74.0,38.0,15.0,25.0,84.0,32.0,87.0,41.0,52.0,19.0,21.0,0.0,0.0,42.0,5.0,0.0,0.09698275862068965,0.1939655172413793,1.1637931034482758,0.29094827586206895,34.13793103448276,0.8728448275862069,0.29094827586206895,0.1939655172413793,2.3922413793103448,1.228448275862069,0.4849137931034483,0.8081896551724138,2.7155172413793105,1.0344827586206897,2.8125,1.3254310344827587,1.6810344827586208,0.6142241379310345,0.6788793103448276,0.0,1.3577586206896552,15.151515151515152,25.0,8.333333333333334,0.8087000000000001,41.732283464566926,84.36363636363636,0.29094827586206895,51.351351351351354,38.095238095238095,47.12643678160919
73481,Jakov Puljic,Vukovar,Attacker,32.0,Croatia,31.0,2743.0,16.0,0.0,76.0,31.0,651.0,67.28,20.0,11.0,365.0,156.0,7.0,0.0,7.04,32.0,17.0,9.0,39.0,24.0,1.0,55.0,26.0,28.0,84.0,31.0,0.0,0.0,60.0,4.0,0.0,0.5249726576740795,0.0,2.4936201239518776,1.017134524243529,21.359825009114108,0.6562158220925993,0.36091870215092964,0.22967553773240976,1.049945315348159,0.5577834487787094,0.2952971199416697,1.2796208530805686,0.7874589865111192,0.03281079110462997,1.8045935107546482,0.8530805687203792,0.918702150929639,2.7561064527889174,1.017134524243529,0.0,1.968647466277798,12.903225806451612,40.78947368421053,21.05263157894737,0.6728000000000001,42.73972602739726,88.48387096774194,0.5249726576740795,53.125,4.166666666666667,47.27272727272727
540670,Iker Pozo,Gorica,Midfielder,25.0,Spain,32.0,2716.0,4.0,6.0,15.0,7.0,1302.0,87.17,79.0,47.0,374.0,214.0,11.0,0.0,7.12,79.0,51.0,25.0,64.0,13.0,1.0,94.0,49.0,29.0,24.0,53.0,0.0,0.0,41.0,8.0,0.0,0.1325478645066274,0.19882179675994108,0.49705449189985274,0.23195876288659795,43.144329896907216,2.617820324005891,1.5574374079528719,0.3645066273932253,2.617820324005891,1.6899852724594993,0.8284241531664213,2.1207658321060383,0.43078055964653905,0.03313696612665685,3.1148748159057438,1.6237113402061856,0.9609720176730486,0.7952871870397643,1.756259204712813,0.0,1.3586156111929308,25.0,46.666666666666664,26.666666666666668,0.8717,57.219251336898395,84.875,0.33136966126656847,64.55696202531645,7.6923076923076925,52.12765957446808
73710,Marko Malenica,Osijek,Goalkeeper,32.0,Croatia,30.0,2700.0,0.0,0.0,0.0,0.0,835.0,70.18,1.0,0.0,12.0,11.0,0.0,0.0,6.92,0.0,0.0,0.0,2.0,0.0,0.0,396.0,151.0,1.0,8.0,34.0,91.0,59.0,41.0,13.0,0.0,0.0,0.0,0.0,0.0,27.833333333333332,0.03333333333333333,0.0,0.0,0.0,0.0,0.0,0.06666666666666667,0.0,0.0,13.2,5.033333333333333,0.03333333333333333,0.26666666666666666,1.1333333333333333,3.033333333333333,1.3666666666666667,43.333333333333336,0.0,0.0,0.7018000000000001,91.66666666666667,90.0,0.0,0.0,0.0,38.13131313131313
37528365,Nail Omerovic,Osijek,Attacker,23.0,Bosnia and Herzegovina,35.0,2694.0,9.0,1.0,86.0,27.0,989.0,79.07,52.0,13.0,442.0,190.0,5.0,0.0,6.91,157.0,64.0,19.0,64.0,119.0,18.0,81.0,42.0,37.0,11.0,21.0,0.0,0.0,43.0,15.0,0.0,0.30066815144766146,0.0334075723830735,2.8730512249443207,0.9020044543429844,33.04008908685969,1.7371937639198218,0.43429844097995546,0.16703786191536749,5.244988864142539,2.138084632516704,0.6347438752783965,2.138084632516704,3.975501113585746,0.6013363028953229,2.706013363028953,1.4031180400890868,1.2360801781737194,0.3674832962138085,0.7015590200445434,0.0,1.4365256124721604,42.857142857142854,31.3953488372093,10.465116279069768,0.7907,42.98642533936651,76.97142857142858,0.33407572383073497,40.76433121019108,15.126050420168067,51.851851851851855
73585,Denis Kolinger,Lokomotiva Zagreb,Defender,32.0,Croatia,30.0,2693.0,0.0,0.0,16.0,5.0,1367.0,83.1,56.0,44.0,279.0,171.0,8.0,1.0,6.77,7.0,4.0,16.0,12.0,7.0,1.0,224.0,100.0,3.0,100.0,168.0,0.0,0.0,41.0,7.0,0.0,0.0,0.0,0.5347196435202377,0.16709988860007427,45.6851095432603,1.8715187523208319,1.4704790196806536,0.30077979948013367,0.23393984404010398,0.13367991088005943,0.5347196435202377,0.4010397326401782,0.23393984404010398,0.03341997772001486,7.4860750092833275,3.3419977720014855,0.10025993316004456,3.3419977720014855,5.614556256962495,0.0,1.370219086520609,23.333333333333332,31.25,0.0,0.831,61.29032258064516,89.76666666666667,0.0,57.142857142857146,14.285714285714286,44.642857142857146
73972,Ante Majstorovic,Rijeka,Defender,32.0,Croatia,31.0,2679.0,0.0,1.0,22.0,5.0,1806.0,85.38,32.0,44.0,210.0,133.0,7.0,1.0,6.9,8.0,6.0,8.0,24.0,13.0,7.0,281.0,116.0,8.0,73.0,161.0,0.0,0.0,32.0,11.0,0.0,0.0,0.0335946248600224,0.7390817469204927,0.167973124300112,60.671892497200446,1.0750279955207167,1.4781634938409853,0.2687569988801792,0.2687569988801792,0.20156774916013437,0.2687569988801792,0.8062709966405375,0.43673012318029114,0.23516237402015677,9.440089585666293,3.896976483762598,0.2687569988801792,2.452407614781635,5.408734602463606,0.0,1.0750279955207167,35.483870967741936,22.727272727272727,0.0,0.8538,63.333333333333336,86.41935483870968,0.0335946248600224,75.0,53.84615384615385,41.281138790035584
75072,Marijan Cabraja,Gorica,Defender,29.0,Croatia,31.0,2661.0,1.0,4.0,22.0,5.0,1505.0,80.47,57.0,34.0,263.0,141.0,8.0,0.0,7.06,41.0,18.0,19.0,37.0,148.0,51.0,294.0,151.0,40.0,32.0,117.0,0.0,0.0,39.0,6.0,0.0,0.033821871476888386,0.13528748590755355,0.7440811724915445,0.16910935738444194,50.90191657271702,1.927846674182638,1.1499436302142052,0.2705749718151071,1.3866967305524238,0.608793686583991,0.6426155580608793,1.2514092446448704,5.005636978579481,1.7249154453213078,9.943630214205186,5.107102593010146,1.3528748590755355,1.0822998872604284,3.9571589627959414,0.0,1.3190529875986472,19.35483870967742,22.727272727272727,4.545454545454546,0.8047,53.61216730038023,85.83870967741936,0.16910935738444194,43.90243902439025,34.45945945945946,51.36054421768708
73519,Josip Misic,Dinamo Zagreb,Midfielder,32.0,Croatia,31.0,2658.0,2.0,3.0,29.0,10.0,1564.0,88.24,67.0,51.0,230.0,130.0,8.0,0.0,7.26,24.0,17.0,17.0,23.0,39.0,14.0,169.0,128.0,39.0,23.0,47.0,0.0,0.0,20.0,15.0,0.0,0.06772009029345373,0.10158013544018059,0.981941309255079,0.33860045146726864,52.957110609480814,2.2686230248306996,1.72686230248307,0.2708803611738149,0.8126410835214447,0.5756207674943566,0.5756207674943566,0.7787810383747178,1.3205417607223475,0.47404063205417607,5.72234762979684,4.334085778781039,1.3205417607223475,0.7787810383747178,1.5914221218961626,0.0,0.6772009029345373,48.38709677419355,34.48275862068966,6.896551724137931,0.8824,56.52173913043478,85.74193548387096,0.16930022573363432,70.83333333333333,35.8974358974359,75.7396449704142
173047,Scott McKenna,Dinamo Zagreb,Defender,29.0,Scotland,30.0,2628.0,2.0,3.0,27.0,8.0,1986.0,89.93,28.0,18.0,236.0,154.0,3.0,0.0,7.11,5.0,5.0,1.0,11.0,0.0,0.0,183.0,89.0,11.0,112.0,150.0,0.0,0.0,23.0,13.0,0.0,0.0684931506849315,0.10273972602739725,0.9246575342465754,0.273972602739726,68.01369863013699,0.958904109589041,0.6164383561643836,0.10273972602739725,0.17123287671232876,0.17123287671232876,0.03424657534246575,0.3767123287671233,0.0,0.0,6.267123287671233,3.047945205479452,0.3767123287671233,3.835616438356164,5.136986301369863,0.0,0.7876712328767124,43.333333333333336,29.62962962962963,7.407407407407407,0.8993000000000001,65.2542372881356,87.6,0.17123287671232876,100.0,0.0,48.63387978142077
37705033,Aleks Stojakovic,Lokomotiva Zagreb,Attacker,22.0,Slovenia,34.0,2620.0,8.0,2.0,56.0,25.0,537.0,71.88,26.0,10.0,305.0,116.0,5.0,0.0,6.78,38.0,20.0,8.0,30.0,30.0,8.0,31.0,17.0,23.0,46.0,16.0,0.0,0.0,43.0,6.0,0.0,0.2748091603053435,0.06870229007633588,1.9236641221374047,0.8587786259541985,18.446564885496183,0.8931297709923665,0.3435114503816794,0.1717557251908397,1.3053435114503817,0.6870229007633588,0.2748091603053435,1.0305343511450382,1.0305343511450382,0.2748091603053435,1.0648854961832062,0.583969465648855,0.7900763358778626,1.5801526717557253,0.549618320610687,0.0,1.4770992366412214,17.647058823529413,44.642857142857146,14.285714285714286,0.7188,38.032786885245905,77.05882352941177,0.3435114503816794,52.63157894736842,26.666666666666668,54.83870967741935
22878483,Dion Beljo,Dinamo Zagreb,Attacker,24.0,Croatia,36.0,2619.0,31.0,5.0,102.0,56.0,505.0,77.43,7.0,5.0,270.0,130.0,2.0,0.0,7.47,58.0,28.0,6.0,45.0,5.0,3.0,5.0,4.0,54.0,50.0,18.0,0.0,0.0,23.0,16.0,0.0,1.0652920962199313,0.1718213058419244,3.5051546391752577,1.9243986254295533,17.353951890034363,0.24054982817869416,0.1718213058419244,0.06872852233676977,1.993127147766323,0.9621993127147767,0.20618556701030927,1.5463917525773196,0.1718213058419244,0.10309278350515463,0.1718213058419244,0.13745704467353953,1.8556701030927836,1.7182130584192439,0.6185567010309279,0.0,0.7903780068728522,44.44444444444444,54.90196078431372,30.392156862745097,0.7743000000000001,48.148148148148145,72.75,1.2371134020618557,48.275862068965516,60.0,80.0
21072870,Jurica Prsir,Gorica,Midfielder,26.0,Croatia,33.0,2601.0,7.0,3.0,57.0,19.0,897.0,82.16,62.0,16.0,381.0,181.0,8.0,0.0,6.94,63.0,24.0,31.0,65.0,86.0,23.0,57.0,30.0,39.0,30.0,27.0,0.0,0.0,39.0,7.0,0.0,0.2422145328719723,0.10380622837370242,1.972318339100346,0.657439446366782,31.038062283737023,2.1453287197231834,0.5536332179930796,0.2768166089965398,2.179930795847751,0.8304498269896193,1.0726643598615917,2.2491349480968856,2.9757785467128026,0.7958477508650519,1.972318339100346,1.0380622837370241,1.3494809688581315,1.0380622837370241,0.9342560553633218,0.0,1.3494809688581315,21.21212121212121,33.333333333333336,12.280701754385966,0.8216,47.506561679790025,78.81818181818181,0.3460207612456747,38.095238095238095,26.74418604651163,52.63157894736842
32786881,Tomislav Duvnjak,Varaždin,Midfielder,23.0,Croatia,34.0,2600.0,1.0,2.0,25.0,8.0,1226.0,81.65,70.0,33.0,291.0,151.0,8.0,0.0,6.8,51.0,27.0,33.0,40.0,20.0,4.0,195.0,106.0,28.0,17.0,44.0,0.0,0.0,39.0,9.0,0.0,0.03461538461538462,0.06923076923076923,0.8653846153846154,0.27692307692307694,42.43846153846154,2.423076923076923,1.1423076923076922,0.27692307692307694,1.7653846153846153,0.9346153846153846,1.1423076923076922,1.3846153846153846,0.6923076923076923,0.13846153846153847,6.75,3.669230769230769,0.9692307692307692,0.5884615384615385,1.523076923076923,0.0,1.35,26.470588235294116,32.0,4.0,0.8165,51.89003436426117,76.47058823529412,0.10384615384615385,52.94117647058823,20.0,54.35897435897436
37596354,Sergi Domínguez,Dinamo Zagreb,Defender,21.0,Spain,30.0,2576.0,2.0,3.0,25.0,6.0,2099.0,87.09,56.0,38.0,251.0,158.0,4.0,0.0,7.08,17.0,8.0,16.0,8.0,4.0,2.0,213.0,110.0,11.0,87.0,134.0,0.0,0.0,23.0,13.0,0.0,0.06987577639751552,0.1048136645962733,0.8734472049689441,0.2096273291925466,73.33462732919254,1.9565217391304348,1.3276397515527951,0.13975155279503104,0.593944099378882,0.2795031055900621,0.5590062111801242,0.2795031055900621,0.13975155279503104,0.06987577639751552,7.441770186335404,3.843167701863354,0.3843167701863354,3.0395962732919255,4.681677018633541,0.0,0.8035714285714286,43.333333333333336,24.0,8.0,0.8709,62.94820717131474,85.86666666666666,0.1746894409937888,47.05882352941177,50.0,51.64319248826291
73278,Marko Pajac,Lokomotiva Zagreb,Defender,33.0,Croatia,30.0,2550.0,6.0,5.0,24.0,9.0,1274.0,78.1,35.0,13.0,211.0,111.0,8.0,0.0,7.08,55.0,28.0,12.0,45.0,253.0,60.0,194.0,96.0,53.0,5.0,30.0,0.0,0.0,35.0,7.0,0.0,0.21176470588235294,0.17647058823529413,0.8470588235294118,0.3176470588235294,44.96470588235294,1.2352941176470589,0.4588235294117647,0.2823529411764706,1.9411764705882353,0.9882352941176471,0.4235294117647059,1.588235294117647,8.929411764705883,2.1176470588235294,6.847058823529411,3.388235294117647,1.8705882352941177,0.17647058823529413,1.0588235294117647,0.0,1.2352941176470589,23.333333333333332,37.5,25.0,0.7809999999999999,52.60663507109005,85.0,0.38823529411764707,50.90909090909091,23.715415019762847,49.48453608247423
52461,Osman Hadzikic,Slaven Koprivnica,Goalkeeper,30.0,Bosnia and Herzegovina,29.0,2544.0,0.0,0.0,0.0,0.0,748.0,58.69,2.0,1.0,15.0,13.0,2.0,0.0,6.57,0.0,0.0,0.0,2.0,0.0,0.0,457.0,152.0,2.0,11.0,23.0,73.0,51.0,50.0,5.0,1.0,0.0,0.0,0.0,0.0,26.462264150943398,0.07075471698113207,0.03537735849056604,0.07075471698113207,0.0,0.0,0.0,0.07075471698113207,0.0,0.0,16.16745283018868,5.377358490566038,0.07075471698113207,0.3891509433962264,0.8136792452830188,2.582547169811321,1.7688679245283019,17.24137931034483,0.0,0.0,0.5869,86.66666666666667,87.72413793103448,0.0,0.0,0.0,33.26039387308534
34529,Smail Prevljak,Istra 1961,Attacker,31.0,Bosnia and Herzegovina,32.0,2534.0,14.0,3.0,64.0,30.0,448.0,74.78,9.0,3.0,283.0,113.0,4.0,0.0,6.93,36.0,16.0,8.0,49.0,13.0,3.0,9.0,7.0,21.0,40.0,24.0,0.0,0.0,36.0,6.0,0.0,0.4972375690607735,0.10655090765588003,2.273086029992107,1.0655090765588002,15.911602209944752,0.3196527229676401,0.10655090765588003,0.1420678768745067,1.2786108918705603,0.5682715074980268,0.2841357537490134,1.7403314917127073,0.4617205998421468,0.10655090765588003,0.3196527229676401,0.24861878453038674,0.7458563535911602,1.420678768745067,0.8524072612470402,0.0,1.2786108918705603,18.75,46.875,21.875,0.7478,39.92932862190813,79.1875,0.6037884767166535,44.44444444444444,23.076923076923077,77.77777777777777
7346393,Aleksa Latkovic,Varaždin,Midfielder,25.0,Montenegro,35.0,2492.0,8.0,6.0,63.0,25.0,663.0,80.69,39.0,8.0,275.0,127.0,6.0,0.0,7.09,70.0,41.0,22.0,41.0,97.0,29.0,25.0,12.0,71.0,7.0,9.0,0.0,0.0,32.0,10.0,0.0,0.28892455858747995,0.21669341894060995,2.2752808988764044,0.9028892455858748,23.9446227929374,1.4085072231139646,0.28892455858747995,0.21669341894060995,2.5280898876404496,1.4807383627608346,0.7945425361155698,1.4807383627608346,3.5032102728731944,1.0473515248796148,0.9028892455858748,0.4333868378812199,2.5642054574638844,0.25280898876404495,0.32504012841091495,0.0,1.1556982343499198,28.571428571428573,39.682539682539684,12.698412698412698,0.8069,46.18181818181818,71.2,0.5056179775280899,58.57142857142857,29.896907216494846,48.0
4536487,Tiago Dantas,Rijeka,Midfielder,25.0,Portugal,31.0,2487.0,7.0,6.0,39.0,16.0,1211.0,87.28,15.0,16.0,108.0,51.0,4.0,0.0,7.31,12.0,3.0,12.0,20.0,123.0,48.0,149.0,100.0,76.0,14.0,32.0,0.0,0.0,23.0,13.0,0.0,0.25331724969843183,0.21712907117008443,1.4113389626055488,0.5790108564535585,43.82388419782871,0.5428226779252111,0.5790108564535585,0.14475271411338964,0.43425814234016885,0.10856453558504221,0.43425814234016885,0.7237635705669482,4.451145958986731,1.7370325693606754,5.3920386007237635,3.6188178528347406,2.750301568154403,0.5066344993968637,1.158021712907117,0.0,0.8323281061519904,41.935483870967744,41.02564102564103,17.94871794871795,0.8728,47.22222222222222,80.2258064516129,0.47044632086851623,25.0,39.02439024390244,67.11409395973155
37328039,Blaz Boskovic,Lokomotiva Zagreb,Midfielder,24.0,Bosnia and Herzegovina,33.0,2459.0,3.0,0.0,35.0,10.0,912.0,76.86,69.0,45.0,450.0,235.0,8.0,0.0,6.9,45.0,23.0,26.0,41.0,6.0,2.0,79.0,46.0,20.0,106.0,64.0,0.0,0.0,37.0,6.0,0.0,0.10980073200488004,0.0,1.2810085400569338,0.36600244001626675,33.37942252948353,2.5254168361122407,1.6470109800732005,0.2928019520130134,1.6470109800732005,0.8418056120374136,0.9516063440422936,1.5006100040666939,0.21960146400976008,0.07320048800325335,2.8914192761285076,1.683611224074827,0.7320048800325335,3.8796258641724277,2.342415616104107,0.0,1.354209028060187,18.181818181818183,28.571428571428573,8.571428571428571,0.7686,52.22222222222222,74.51515151515152,0.10980073200488004,51.111111111111114,33.333333333333336,58.22784810126582
37596443,Rokas Pukstas,Hajduk Split,Midfielder,21.0,United States,31.0,2455.0,9.0,1.0,73.0,32.0,724.0,72.65,67.0,22.0,493.0,282.0,6.0,0.0,7.26,70.0,38.0,16.0,70.0,19.0,4.0,49.0,26.0,36.0,108.0,21.0,0.0,0.0,25.0,13.0,0.0,0.329938900203666,0.03665987780040733,2.6761710794297353,1.1731160896130346,26.54175152749491,2.4562118126272914,0.8065173116089613,0.219959266802444,2.566191446028513,1.3930753564154785,0.5865580448065173,2.566191446028513,0.6965376782077393,0.14663951120162932,1.7963340122199594,0.9531568228105907,1.319755600814664,3.9592668024439917,0.769857433808554,0.0,0.9164969450101833,41.935483870967744,43.83561643835616,12.32876712328767,0.7265,57.20081135902637,79.19354838709677,0.36659877800407337,54.285714285714285,21.05263157894737,53.06122448979592
37583387,Lovro Banovec,Vukovar,Attacker,24.0,Croatia,31.0,2394.0,4.0,5.0,34.0,9.0,592.0,68.41,59.0,24.0,392.0,167.0,5.0,0.0,6.75,49.0,19.0,45.0,48.0,39.0,12.0,41.0,12.0,37.0,45.0,52.0,0.0,0.0,48.0,3.0,0.0,0.15037593984962405,0.18796992481203006,1.2781954887218046,0.3383458646616541,22.25563909774436,2.218045112781955,0.9022556390977443,0.18796992481203006,1.8421052631578947,0.7142857142857143,1.6917293233082706,1.8045112781954886,1.4661654135338347,0.45112781954887216,1.5413533834586466,0.45112781954887216,1.3909774436090225,1.6917293233082706,1.9548872180451127,0.0,1.8045112781954886,9.67741935483871,26.470588235294116,11.764705882352942,0.6840999999999999,42.60204081632653,77.2258064516129,0.3383458646616541,38.775510204081634,30.76923076923077,29.26829268292683
1872745,Mladen Devetak,Rijeka,Defender,27.0,Serbia,29.0,2376.0,1.0,6.0,16.0,3.0,939.0,84.13,26.0,18.0,205.0,93.0,8.0,0.0,6.72,13.0,4.0,14.0,29.0,57.0,9.0,91.0,30.0,10.0,36.0,55.0,0.0,0.0,22.0,13.0,0.0,0.03787878787878788,0.22727272727272727,0.6060606060606061,0.11363636363636363,35.56818181818182,0.9848484848484849,0.6818181818181818,0.30303030303030304,0.49242424242424243,0.15151515151515152,0.5303030303030303,1.0984848484848484,2.159090909090909,0.3409090909090909,3.446969696969697,1.1363636363636365,0.3787878787878788,1.3636363636363635,2.0833333333333335,0.0,0.8333333333333334,44.827586206896555,18.75,6.25,0.8412999999999999,45.36585365853659,81.93103448275862,0.26515151515151514,30.76923076923077,15.789473684210526,32.967032967032964
23707307,Luka Jelenic,Osijek,Defender,26.0,Croatia,28.0,2363.0,3.0,0.0,11.0,7.0,1229.0,89.75,26.0,37.0,180.0,104.0,5.0,0.0,6.79,4.0,1.0,10.0,15.0,0.0,0.0,126.0,58.0,0.0,63.0,126.0,0.0,0.0,35.0,12.0,0.0,0.11426153195090986,0.0,0.4189589504866695,0.2666102412187897,46.809140922556075,0.9902666102412188,1.4092255607278883,0.19043588658484978,0.1523487092678798,0.03808717731696995,0.38087177316969956,0.5713076597545493,0.0,0.0,4.7989843419382145,2.2090562843842574,0.0,2.3994921709691073,4.7989843419382145,0.0,1.3330512060939483,42.857142857142854,63.63636363636363,27.272727272727273,0.8975,57.77777777777778,84.39285714285714,0.11426153195090986,25.0,0.0,46.03174603174603
37742,Stefan Peric,Gorica,Defender,29.0,Austria,29.0,2359.0,0.0,0.0,3.0,2.0,1153.0,83.52,39.0,20.0,188.0,113.0,5.0,1.0,6.74,11.0,7.0,11.0,17.0,9.0,1.0,195.0,88.0,1.0,50.0,146.0,0.0,0.0,30.0,8.0,0.0,0.0,0.0,0.11445527766002543,0.07630351844001695,43.98897838066978,1.4879186095803307,0.7630351844001696,0.22891055532005086,0.41966935142009326,0.26706231454005935,0.41966935142009326,0.6485799067401441,0.3433658329800763,0.03815175922000848,7.439593047901654,3.357354811360746,0.03815175922000848,1.9075879610004238,5.570156846121238,0.0,1.1445527766002543,27.586206896551722,66.66666666666667,0.0,0.8351999999999999,60.1063829787234,81.34482758620689,0.0,63.63636363636363,11.11111111111111,45.12820512820513
19970146,Josip Mitrovic,Slaven Koprivnica,Attacker,26.0,Croatia,30.0,2346.0,8.0,2.0,44.0,17.0,603.0,77.61,36.0,20.0,279.0,140.0,4.0,0.0,6.96,48.0,24.0,26.0,57.0,67.0,18.0,49.0,15.0,31.0,26.0,29.0,0.0,0.0,46.0,4.0,0.0,0.3069053708439898,0.07672634271099744,1.6879795396419437,0.6521739130434783,23.132992327365727,1.381074168797954,0.7672634271099744,0.1534526854219949,1.8414322250639386,0.9207161125319693,0.9974424552429667,2.186700767263427,2.5703324808184145,0.690537084398977,1.8797953964194374,0.5754475703324808,1.1892583120204603,0.9974424552429667,1.1125319693094629,0.0,1.7647058823529411,13.333333333333334,38.63636363636363,18.181818181818183,0.7761,50.17921146953405,78.2,0.3836317135549872,50.0,26.865671641791046,30.612244897959183
27066735,Tino Jukic,Lokomotiva Zagreb,Defender,24.0,Germany,30.0,2339.0,0.0,0.0,14.0,2.0,1440.0,85.76,47.0,37.0,204.0,125.0,4.0,2.0,6.77,12.0,9.0,10.0,17.0,15.0,3.0,174.0,92.0,8.0,52.0,148.0,0.0,0.0,38.0,6.0,0.0,0.0,0.0,0.5386917486105173,0.07695596408721676,55.408294142796066,1.808465156049594,1.42368533561351,0.23086789226165028,0.46173578452330055,0.3463018383924754,0.3847798204360838,0.6541256947413424,0.5771697306541257,0.11543394613082514,6.695168875587858,3.5399743480119708,0.30782385634886705,2.000855066267636,5.69474134245404,0.0,1.4621633176571185,20.0,14.285714285714286,0.0,0.8576,61.27450980392157,77.96666666666667,0.0,75.0,20.0,52.87356321839081
37530358,Ante Orec,Rijeka,Defender,24.0,Croatia,30.0,2338.0,2.0,5.0,25.0,6.0,906.0,81.57,68.0,24.0,263.0,144.0,6.0,0.0,7.0,57.0,20.0,8.0,40.0,111.0,25.0,117.0,62.0,27.0,17.0,52.0,0.0,0.0,21.0,12.0,0.0,0.07698887938408897,0.1924721984602224,0.962360992301112,0.2309666381522669,34.875962360992304,2.6176218990590248,0.9238665526090676,0.2309666381522669,2.1941830624465357,0.7698887938408896,0.30795551753635586,1.5397775876817792,4.272882805816938,0.962360992301112,4.503849443969204,2.3866552609067577,1.039349871685201,0.6544054747647562,2.0017108639863133,0.0,0.8083832335329342,40.0,24.0,8.0,0.8157,54.752851711026615,77.93333333333334,0.2694610778443114,35.08771929824562,22.52252252252252,52.99145299145299
75000,Antonio Borsic,Varaždin,Defender,30.0,Croatia,30.0,2330.0,2.0,1.0,14.0,5.0,1053.0,78.16,39.0,19.0,189.0,95.0,3.0,1.0,6.64,28.0,14.0,13.0,24.0,39.0,9.0,164.0,68.0,15.0,20.0,92.0,0.0,0.0,36.0,7.0,0.0,0.07725321888412018,0.03862660944206009,0.5407725321888412,0.19313304721030042,40.67381974248927,1.5064377682403434,0.7339055793991416,0.15450643776824036,1.0815450643776825,0.5407725321888412,0.5021459227467812,0.927038626609442,1.5064377682403434,0.34763948497854075,6.334763948497854,2.6266094420600856,0.5793991416309013,0.7725321888412017,3.5536480686695278,0.0,1.390557939914163,23.333333333333332,35.714285714285715,14.285714285714286,0.7816,50.264550264550266,77.66666666666667,0.11587982832618027,50.0,23.076923076923077,41.46341463414634
73090,Tomislav Bozic,Slaven Koprivnica,Defender,38.0,Croatia,27.0,2320.0,1.0,0.0,12.0,3.0,1142.0,81.26,47.0,25.0,212.0,119.0,2.0,0.0,6.79,9.0,4.0,12.0,15.0,18.0,2.0,203.0,78.0,8.0,55.0,133.0,0.0,0.0,39.0,5.0,0.0,0.03879310344827586,0.0,0.46551724137931033,0.11637931034482758,44.30172413793103,1.8232758620689655,0.9698275862068966,0.07758620689655173,0.34913793103448276,0.15517241379310345,0.46551724137931033,0.5818965517241379,0.6982758620689655,0.07758620689655173,7.875,3.0258620689655173,0.3103448275862069,2.1336206896551726,5.1594827586206895,0.0,1.5129310344827587,18.51851851851852,25.0,8.333333333333334,0.8126000000000001,56.132075471698116,85.92592592592592,0.03879310344827586,44.44444444444444,11.11111111111111,38.423645320197046
24838185,Ivan Cubelic,Slaven Koprivnica,Midfielder,23.0,Croatia,34.0,2311.0,2.0,0.0,43.0,8.0,1031.0,74.3,66.0,34.0,305.0,155.0,3.0,1.0,6.77,45.0,26.0,42.0,23.0,24.0,2.0,136.0,70.0,18.0,40.0,39.0,0.0,0.0,39.0,6.0,0.0,0.07788836001730852,0.0,1.6745997403721333,0.3115534400692341,40.151449588922546,2.570315880571181,1.324102120294245,0.15577672003461704,1.7524881003894417,1.0125486802250108,1.635655560363479,0.895716140199048,0.9346603202077023,0.07788836001730852,5.29640848117698,2.7260926006057984,0.7009952401557767,1.5577672003461704,1.5188230203375161,0.0,1.5188230203375161,17.647058823529413,18.6046511627907,4.651162790697675,0.743,50.81967213114754,67.97058823529412,0.07788836001730852,57.77777777777778,8.333333333333334,51.470588235294116
21404430,Emil Frederiksen,Istra 1961,Attacker,25.0,Denmark,33.0,2260.0,4.0,6.0,37.0,14.0,814.0,71.87,33.0,16.0,214.0,100.0,2.0,0.0,6.92,43.0,22.0,21.0,29.0,109.0,25.0,76.0,39.0,37.0,17.0,17.0,0.0,0.0,36.0,4.0,0.0,0.1592920353982301,0.23893805309734514,1.4734513274336283,0.5575221238938053,32.415929203539825,1.3141592920353982,0.6371681415929203,0.07964601769911504,1.7123893805309736,0.8761061946902655,0.8362831858407079,1.154867256637168,4.34070796460177,0.995575221238938,3.0265486725663715,1.5530973451327434,1.4734513274336283,0.6769911504424779,0.6769911504424779,0.0,1.4336283185840708,12.121212121212121,37.83783783783784,10.81081081081081,0.7187,46.728971962616825,68.48484848484848,0.39823008849557523,51.16279069767442,22.93577981651376,51.31578947368421
37596430,Simun Hrgovic,Hajduk Split,Defender,22.0,Croatia,29.0,2238.0,0.0,3.0,11.0,1.0,1027.0,79.55,29.0,16.0,134.0,67.0,0.0,0.0,6.74,27.0,14.0,11.0,7.0,115.0,35.0,120.0,29.0,30.0,20.0,58.0,0.0,0.0,29.0,10.0,0.0,0.0,0.12064343163538874,0.44235924932975873,0.040214477211796246,41.30026809651474,1.1662198391420913,0.6434316353887399,0.0,1.0857908847184987,0.5630026809651475,0.44235924932975873,0.28150134048257375,4.624664879356568,1.4075067024128687,4.825737265415549,1.1662198391420913,1.2064343163538873,0.8042895442359249,2.3324396782841825,0.0,1.1662198391420913,34.48275862068966,9.090909090909092,0.0,0.7955,50.0,77.17241379310344,0.12064343163538874,51.851851851851855,30.434782608695652,24.166666666666668
37690641,Filip Kruselj,Slaven Koprivnica,Defender,21.0,Croatia,26.0,2226.0,2.0,3.0,19.0,5.0,787.0,75.22,64.0,31.0,229.0,114.0,4.0,0.0,6.8,32.0,16.0,22.0,14.0,89.0,20.0,88.0,28.0,20.0,22.0,59.0,0.0,0.0,39.0,6.0,0.0,0.08086253369272237,0.12129380053908356,0.7681940700808625,0.20215633423180593,31.81940700808625,2.5876010781671157,1.2533692722371967,0.16172506738544473,1.2938005390835579,0.6469002695417789,0.889487870619946,0.5660377358490566,3.5983827493261455,0.8086253369272237,3.557951482479784,1.1320754716981132,0.8086253369272237,0.889487870619946,2.38544474393531,0.0,1.5768194070080863,23.076923076923077,26.31578947368421,10.526315789473685,0.7522,49.78165938864629,85.61538461538461,0.20215633423180593,50.0,22.471910112359552,31.818181818181817
37694071,Niko Sigur,Hajduk Split,Midfielder,22.0,Canada,29.0,2224.0,1.0,2.0,11.0,2.0,1371.0,90.3,69.0,33.0,252.0,144.0,4.0,1.0,6.97,24.0,11.0,23.0,43.0,10.0,3.0,105.0,65.0,18.0,21.0,43.0,0.0,0.0,19.0,13.0,0.0,0.040467625899280574,0.08093525179856115,0.44514388489208634,0.08093525179856115,55.481115107913666,2.79226618705036,1.335431654676259,0.20233812949640287,0.9712230215827338,0.44514388489208634,0.9307553956834532,1.7401079136690647,0.40467625899280574,0.12140287769784172,4.249100719424461,2.6303956834532376,0.7284172661870504,0.8498201438848921,1.7401079136690647,0.0,0.7688848920863309,44.827586206896555,18.181818181818183,9.090909090909092,0.903,57.142857142857146,76.6896551724138,0.12140287769784172,45.833333333333336,30.0,61.904761904761905
1485781,Zvonimir Sarlija,Hajduk Split,Defender,29.0,Croatia,27.0,2211.0,1.0,1.0,13.0,2.0,1654.0,91.96,40.0,24.0,253.0,149.0,9.0,0.0,6.95,8.0,7.0,11.0,40.0,0.0,0.0,86.0,39.0,9.0,64.0,110.0,0.0,0.0,19.0,13.0,0.0,0.0407055630936228,0.0407055630936228,0.5291723202170964,0.0814111261872456,67.32700135685211,1.6282225237449117,0.9769335142469471,0.36635006784260515,0.3256445047489824,0.28493894165535955,0.44776119402985076,1.6282225237449117,0.0,0.0,3.5006784260515604,1.587516960651289,0.36635006784260515,2.605156037991859,4.477611940298507,0.0,0.7734056987788331,48.148148148148145,15.384615384615385,7.6923076923076925,0.9196,58.89328063241107,81.88888888888889,0.0814111261872456,87.5,0.0,45.348837209302324
496680,Arnel Jakupovic,Osijek,Attacker,28.0,Austria,30.0,2179.0,3.0,1.0,63.0,17.0,488.0,73.16,20.0,5.0,251.0,109.0,3.0,0.0,6.87,14.0,9.0,8.0,31.0,7.0,1.0,18.0,9.0,20.0,52.0,44.0,0.0,0.0,34.0,11.0,0.0,0.12391005048187242,0.04130335016062414,2.602111060119321,0.7021569527306104,20.15603487838458,0.8260670032124828,0.2065167508031207,0.12391005048187242,0.578246902248738,0.3717301514456173,0.33042680128499313,1.2804038549793484,0.289123451124369,0.04130335016062414,0.7434603028912345,0.3717301514456173,0.8260670032124828,2.1477742083524554,1.8173474070674622,0.0,1.4043139054612208,36.666666666666664,26.984126984126984,4.761904761904762,0.7315999999999999,43.42629482071713,72.63333333333334,0.16521340064249657,64.28571428571429,14.285714285714286,50.0
37538351,Eniss Shabani,Vukovar,Midfielder,23.0,Albania,27.0,2165.0,0.0,2.0,19.0,6.0,819.0,74.24,44.0,26.0,270.0,148.0,6.0,0.0,6.78,60.0,38.0,16.0,40.0,31.0,7.0,126.0,46.0,19.0,26.0,34.0,0.0,0.0,46.0,3.0,0.0,0.0,0.08314087759815242,0.789838337182448,0.24942263279445728,34.046189376443415,1.8290993071593533,1.0808314087759816,0.24942263279445728,2.4942263279445727,1.579676674364896,0.6651270207852193,1.6628175519630486,1.2886836027713626,0.2909930715935335,5.237875288683603,1.9122401847575057,0.789838337182448,1.0808314087759816,1.4133949191685913,0.0,1.9122401847575057,11.11111111111111,31.57894736842105,0.0,0.7424,54.81481481481482,80.18518518518519,0.08314087759815242,63.333333333333336,22.580645161290324,36.507936507936506
73871,Filip Krovinovic,Hajduk Split,Midfielder,30.0,Croatia,29.0,2140.0,1.0,0.0,51.0,17.0,1281.0,87.59,31.0,12.0,185.0,101.0,0.0,0.0,7.09,19.0,8.0,5.0,31.0,57.0,19.0,64.0,31.0,35.0,33.0,33.0,0.0,0.0,20.0,13.0,0.0,0.04205607476635514,0.0,2.1448598130841123,0.7149532710280374,53.873831775700936,1.3037383177570094,0.5046728971962616,0.0,0.7990654205607477,0.3364485981308411,0.2102803738317757,1.3037383177570094,2.397196261682243,0.7990654205607477,2.691588785046729,1.3037383177570094,1.47196261682243,1.3878504672897196,1.3878504672897196,0.0,0.8411214953271028,44.827586206896555,33.333333333333336,1.9607843137254901,0.8759,54.5945945945946,73.79310344827586,0.04205607476635514,42.10526315789474,33.333333333333336,48.4375
37543226,Toni Fruk,Rijeka,Midfielder,25.0,Croatia,31.0,2131.0,12.0,3.0,74.0,25.0,712.0,78.93,37.0,10.0,283.0,148.0,2.0,0.0,7.2,75.0,39.0,8.0,59.0,61.0,14.0,72.0,42.0,45.0,13.0,9.0,0.0,0.0,22.0,13.0,0.0,0.5068043172219615,0.12670107930549038,3.1252932895354295,1.0558423275457531,30.07038948850305,1.5626466447677148,0.4223369310183013,0.08446738620366025,3.1675269826372596,1.647114030971375,0.337869544814641,2.4917878930079773,2.5762552792116375,0.5912717034256217,3.0408259033317693,1.7738151102768653,1.9005161895823557,0.5490380103237916,0.38010323791647116,0.0,0.9291412482402628,41.935483870967744,33.78378378378378,16.216216216216218,0.7893000000000001,52.29681978798587,68.74193548387096,0.6335053965274519,52.0,22.950819672131146,58.333333333333336
46031,Marcel Heister,Istra 1961,Defender,33.0,Germany,31.0,2107.0,1.0,2.0,22.0,6.0,769.0,80.75,63.0,39.0,224.0,127.0,8.0,0.0,6.71,33.0,18.0,31.0,22.0,57.0,11.0,72.0,27.0,12.0,26.0,78.0,0.0,0.0,36.0,5.0,0.0,0.04271476032273375,0.0854295206454675,0.9397247271001424,0.2562885619364025,32.84765068818225,2.691029900332226,1.665875652586616,0.34171808258187,1.4095870906502135,0.7688656858092074,1.324157570004746,0.9397247271001424,2.4347413383958236,0.4698623635500712,3.0754627432368298,1.153298528713811,0.512577123872805,1.1105837683910773,3.331751305173232,0.0,1.5377313716184149,16.129032258064516,27.272727272727273,4.545454545454546,0.8075,56.69642857142857,67.96774193548387,0.12814428096820124,54.54545454545455,19.29824561403509,37.5
37582792,Luka Mamic,Varaždin,Midfielder,23.0,Croatia,30.0,2103.0,8.0,1.0,54.0,24.0,650.0,76.62,23.0,7.0,256.0,103.0,2.0,0.0,6.73,63.0,23.0,17.0,23.0,10.0,0.0,40.0,27.0,26.0,40.0,33.0,0.0,0.0,36.0,8.0,0.0,0.34236804564907275,0.042796005706134094,2.310984308131241,1.0271041369472182,27.81740370898716,0.9843081312410842,0.2995720399429387,0.08559201141226819,2.6961483594864477,0.9843081312410842,0.7275320970042796,0.9843081312410842,0.42796005706134094,0.0,1.7118402282453637,1.1554921540656204,1.1126961483594864,1.7118402282453637,1.412268188302425,0.0,1.5406562054208275,26.666666666666668,44.44444444444444,14.814814814814815,0.7662,40.234375,70.1,0.3851640513552068,36.507936507936506,0.0,67.5
37414398,Iuri Tavares,Varaždin,Attacker,25.0,Cape Verde,31.0,2065.0,6.0,2.0,37.0,12.0,570.0,74.04,45.0,11.0,350.0,194.0,3.0,0.0,6.94,107.0,46.0,17.0,58.0,28.0,4.0,29.0,16.0,24.0,46.0,31.0,0.0,0.0,21.0,8.0,0.0,0.26150121065375304,0.08716707021791767,1.612590799031477,0.5230024213075061,24.84261501210654,1.9612590799031477,0.4794188861985472,0.13075060532687652,4.663438256658596,2.0048426150121066,0.7409200968523002,2.5278450363196128,1.2203389830508475,0.17433414043583534,1.2639225181598064,0.6973365617433414,1.0460048426150121,2.0048426150121066,1.3510895883777239,0.0,0.9152542372881356,25.806451612903224,32.432432432432435,16.216216216216218,0.7404000000000001,55.42857142857143,66.61290322580645,0.3486682808716707,42.99065420560748,14.285714285714286,55.172413793103445
37719905,Matija Subotic,Lokomotiva Zagreb,Midfielder,18.0,Croatia,32.0,2055.0,0.0,2.0,6.0,1.0,948.0,90.3,26.0,30.0,124.0,71.0,0.0,0.0,6.65,21.0,14.0,6.0,29.0,6.0,0.0,49.0,24.0,4.0,6.0,20.0,0.0,0.0,33.0,7.0,0.0,0.0,0.08759124087591241,0.26277372262773724,0.043795620437956206,41.518248175182485,1.1386861313868613,1.313868613138686,0.0,0.9197080291970803,0.6131386861313869,0.26277372262773724,1.27007299270073,0.26277372262773724,0.0,2.145985401459854,1.051094890510949,0.17518248175182483,0.26277372262773724,0.8759124087591241,0.0,1.4452554744525548,21.875,16.666666666666668,0.0,0.903,57.25806451612903,64.21875,0.08759124087591241,66.66666666666667,0.0,48.97959183673469
3568423,Michele Sego,Hajduk Split,Attacker,25.0,Croatia,32.0,2051.0,13.0,5.0,61.0,28.0,445.0,75.73,9.0,10.0,186.0,85.0,4.0,0.0,6.99,29.0,11.0,6.0,32.0,98.0,27.0,22.0,13.0,35.0,35.0,17.0,0.0,0.0,24.0,11.0,0.0,0.5704534373476353,0.21940516821062897,2.676743052169673,1.2286689419795223,19.527059970745977,0.39492930277913213,0.43881033642125794,0.17552413456850316,1.272549975621648,0.4826913700633837,0.26328620185275475,1.4041930765480253,4.300341296928328,1.1847879083373964,0.9653827401267674,0.5704534373476353,1.5358361774744027,1.5358361774744027,0.7459775719161384,0.0,1.053144807411019,34.375,45.90163934426229,21.311475409836067,0.7573000000000001,45.69892473118279,64.09375,0.7898586055582643,37.93103448275862,27.551020408163264,59.09090909090909
68104,Advan Kadusic,Istra 1961,Defender,28.0,Bosnia and Herzegovina,29.0,2046.0,1.0,2.0,9.0,2.0,912.0,69.3,98.0,24.0,261.0,153.0,5.0,0.0,6.8,20.0,11.0,38.0,24.0,70.0,13.0,152.0,56.0,17.0,21.0,73.0,0.0,0.0,33.0,6.0,0.0,0.04398826979472141,0.08797653958944282,0.39589442815249265,0.08797653958944282,40.117302052785924,4.310850439882698,1.0557184750733137,0.21994134897360704,0.8797653958944281,0.4838709677419355,1.6715542521994136,1.0557184750733137,3.0791788856304985,0.5718475073313783,6.686217008797654,2.463343108504399,0.7478005865102639,0.9237536656891495,3.2111436950146626,0.0,1.4516129032258065,20.689655172413794,22.22222222222222,11.11111111111111,0.693,58.62068965517241,70.55172413793103,0.13196480938416422,55.0,18.571428571428573,36.8421052631579
74038,Marko Vesovic,Lokomotiva Zagreb,Defender,34.0,Montenegro,26.0,2012.0,1.0,4.0,15.0,4.0,629.0,81.24,36.0,15.0,198.0,95.0,3.0,0.0,6.82,43.0,20.0,11.0,24.0,104.0,25.0,68.0,38.0,32.0,16.0,53.0,0.0,0.0,31.0,4.0,0.0,0.04473161033797217,0.17892644135188868,0.6709741550695825,0.17892644135188868,28.136182902584494,1.610337972166998,0.6709741550695825,0.1341948310139165,1.9234592445328031,0.8946322067594433,0.49204771371769385,1.073558648111332,4.652087475149106,1.1182902584493042,3.0417495029821073,1.6998011928429424,1.4314115308151094,0.7157057654075547,2.3707753479125246,0.0,1.3866799204771372,15.384615384615385,26.666666666666668,6.666666666666667,0.8123999999999999,47.97979797979798,77.38461538461539,0.22365805168986086,46.51162790697674,24.03846153846154,55.88235294117647
47589,Stjepan Radeljic,Rijeka,Defender,28.0,Bosnia and Herzegovina,25.0,1977.0,2.0,1.0,22.0,5.0,1298.0,85.59,34.0,31.0,171.0,101.0,8.0,0.0,7.01,13.0,8.0,8.0,17.0,11.0,1.0,194.0,84.0,11.0,46.0,113.0,0.0,0.0,15.0,12.0,0.0,0.09104704097116843,0.04552352048558422,1.0015174506828528,0.2276176024279211,59.089529590288315,1.5477996965098635,1.4112291350531108,0.36418816388467373,0.5918057663125948,0.36418816388467373,0.36418816388467373,0.7738998482549317,0.5007587253414264,0.04552352048558422,8.831562974203338,3.8239757207890746,0.5007587253414264,2.094081942336874,5.144157814871017,0.0,0.6828528072837633,48.0,22.727272727272727,9.090909090909092,0.8559,59.06432748538012,79.08,0.13657056145675264,61.53846153846154,9.090909090909092,43.29896907216495
28912771,Adrion Pajaziti,Hajduk Split,Midfielder,23.0,Albania,31.0,1970.0,1.0,1.0,22.0,5.0,1295.0,91.2,48.0,19.0,207.0,108.0,6.0,0.0,6.86,36.0,21.0,26.0,38.0,27.0,5.0,91.0,64.0,16.0,1.0,13.0,0.0,0.0,21.0,12.0,0.0,0.04568527918781726,0.04568527918781726,1.0050761421319796,0.22842639593908629,59.16243654822335,2.1928934010152283,0.868020304568528,0.27411167512690354,1.6446700507614214,0.9593908629441624,1.1878172588832487,1.736040609137056,1.233502538071066,0.22842639593908629,4.157360406091371,2.9238578680203045,0.7309644670050761,0.04568527918781726,0.5939086294416244,0.0,0.9593908629441624,38.70967741935484,22.727272727272727,4.545454545454546,0.912,52.17391304347826,63.54838709677419,0.09137055837563451,58.333333333333336,18.51851851851852,70.32967032967034
37544959,Moris Valincic,Dinamo Zagreb,Defender,23.0,Croatia,27.0,1967.0,0.0,1.0,11.0,3.0,980.0,84.29,23.0,23.0,174.0,93.0,3.0,0.0,6.82,51.0,27.0,10.0,27.0,45.0,7.0,71.0,41.0,19.0,19.0,37.0,0.0,0.0,16.0,12.0,0.0,0.0,0.045754956786985254,0.5033045246568378,0.13726487036095578,44.83985765124555,1.052364006100661,1.052364006100661,0.13726487036095578,2.3335027961362482,1.235383833248602,0.45754956786985257,1.235383833248602,2.0589730554143366,0.3202846975088968,3.248601931875953,1.8759532282663955,0.8693441789527199,0.8693441789527199,1.6929334011184545,0.0,0.7320793085917641,44.44444444444444,27.272727272727273,0.0,0.8429000000000001,53.44827586206897,72.85185185185185,0.045754956786985254,52.94117647058823,15.555555555555555,57.74647887323944
74322,Frane Maglica,Varaždin,Defender,29.0,Croatia,24.0,1955.0,0.0,6.0,4.0,2.0,728.0,75.0,51.0,18.0,208.0,107.0,2.0,0.0,6.83,33.0,14.0,15.0,12.0,87.0,22.0,86.0,37.0,25.0,31.0,55.0,0.0,0.0,21.0,8.0,0.0,0.0,0.27621483375959077,0.18414322250639387,0.09207161125319693,33.514066496163686,2.347826086956522,0.8286445012787724,0.09207161125319693,1.5191815856777493,0.6445012787723785,0.690537084398977,0.5524296675191815,4.005115089514066,1.0127877237851663,3.959079283887468,1.7033248081841432,1.1508951406649617,1.4271099744245523,2.5319693094629154,0.0,0.9667519181585678,33.333333333333336,50.0,0.0,0.75,51.44230769230769,81.45833333333333,0.27621483375959077,42.42424242424242,25.28735632183908,43.02325581395349
21054111,David Colina,Osijek,Defender,25.0,Croatia,29.0,1951.0,0.0,3.0,11.0,2.0,699.0,77.4,43.0,23.0,230.0,102.0,2.0,0.0,6.69,44.0,20.0,15.0,18.0,58.0,12.0,52.0,26.0,24.0,23.0,51.0,0.0,0.0,34.0,11.0,0.0,0.0,0.13839056893900564,0.5074320861096874,0.09226037929267042,32.245002562788315,1.9835981547924142,1.0609943618657098,0.09226037929267042,2.0297283444387495,0.9226037929267042,0.6919528446950282,0.8303434136340339,2.6755509994874425,0.5535622757560226,2.398769861609431,1.1993849308047155,1.1071245515120451,1.0609943618657098,2.3526396719630958,0.0,1.5684264479753973,37.93103448275862,18.181818181818183,0.0,0.774,44.34782608695652,67.27586206896552,0.13839056893900564,45.45454545454545,20.689655172413794,50.0
73733,Domagoj Pavicic,Gorica,Midfielder,32.0,Croatia,32.0,1933.0,3.0,2.0,28.0,11.0,694.0,84.15,26.0,11.0,205.0,101.0,4.0,0.0,6.77,31.0,19.0,10.0,36.0,19.0,5.0,40.0,22.0,24.0,20.0,13.0,0.0,0.0,27.0,8.0,0.0,0.1396792550439731,0.09311950336264874,1.3036730470770823,0.512157268494568,32.31246766683911,1.2105535437144335,0.512157268494568,0.18623900672529747,1.4433523021210553,0.8846352819451629,0.4655975168132437,1.6761510605276773,0.8846352819451629,0.23279875840662184,1.8623900672529747,1.024314536989136,1.1174340403517848,0.9311950336264874,0.6052767718572167,0.0,1.2571132953957578,25.0,39.285714285714285,10.714285714285714,0.8415,49.26829268292683,60.40625,0.23279875840662184,61.29032258064516,26.31578947368421,55.0
37581526,Domagoj Bukvic,Osijek,Attacker,22.0,Croatia,34.0,1923.0,0.0,0.0,39.0,10.0,614.0,77.85,61.0,23.0,276.0,128.0,2.0,0.0,6.75,79.0,44.0,26.0,12.0,83.0,18.0,45.0,19.0,31.0,12.0,30.0,0.0,0.0,26.0,14.0,0.0,0.0,0.0,1.825273010920437,0.46801872074882994,28.73634945397816,2.854914196567863,1.076443057722309,0.093603744149766,3.6973478939157567,2.059282371294852,1.216848673946958,0.5616224648985959,3.8845553822152885,0.8424336973478939,2.1060842433697347,0.8892355694227769,1.4508580343213728,0.5616224648985959,1.4040561622464898,0.0,1.216848673946958,41.1764705882353,25.641025641025642,0.0,0.7785,46.3768115942029,56.55882352941177,0.0,55.69620253164557,21.686746987951807,42.22222222222222
21072869,Kristijan Pavicic,Vukovar,Defender,27.0,Croatia,24.0,1903.0,0.0,0.0,6.0,1.0,639.0,74.8,41.0,45.0,154.0,82.0,5.0,0.0,6.62,6.0,2.0,14.0,16.0,40.0,9.0,119.0,37.0,4.0,24.0,134.0,0.0,0.0,40.0,2.0,0.0,0.0,0.0,0.2837624802942722,0.047293746715712036,30.22070415133999,1.9390436153441934,2.1282186022070415,0.23646873357856016,0.2837624802942722,0.09458749343142407,0.6621124540199684,0.7566999474513926,1.8917498686284813,0.4256437204414083,5.627955859169732,1.7498686284813452,0.18917498686284814,1.1350499211770888,6.337362059905413,0.0,1.8917498686284813,8.333333333333334,16.666666666666668,0.0,0.748,53.246753246753244,79.29166666666667,0.0,33.333333333333336,22.5,31.092436974789916
37555802,Toni Silic,Hajduk Split,Goalkeeper,22.0,Croatia,21.0,1890.0,0.0,0.0,1.0,0.0,580.0,73.79,2.0,0.0,14.0,10.0,1.0,0.0,6.93,1.0,1.0,3.0,3.0,0.0,0.0,240.0,93.0,0.0,3.0,9.0,55.0,31.0,20.0,6.0,0.0,0.0,0.0,0.047619047619047616,0.0,27.61904761904762,0.09523809523809523,0.0,0.047619047619047616,0.047619047619047616,0.047619047619047616,0.14285714285714285,0.14285714285714285,0.0,0.0,11.428571428571429,4.428571428571429,0.0,0.14285714285714285,0.42857142857142855,2.619047619047619,0.9523809523809523,28.571428571428573,0.0,0.0,0.7379000000000001,71.42857142857143,90.0,0.0,100.0,0.0,38.75
37542102,Marino Bulat,Vukovar,Goalkeeper,27.0,Croatia,21.0,1890.0,0.0,0.0,0.0,0.0,498.0,51.0,0.0,0.0,4.0,3.0,2.0,0.0,6.77,0.0,0.0,1.0,0.0,0.0,0.0,340.0,98.0,0.0,3.0,26.0,74.0,55.0,40.0,2.0,0.0,0.0,0.0,0.0,0.0,23.714285714285715,0.0,0.0,0.09523809523809523,0.0,0.0,0.047619047619047616,0.0,0.0,0.0,16.19047619047619,4.666666666666667,0.0,0.14285714285714285,1.2380952380952381,3.5238095238095237,1.9047619047619047,9.523809523809524,0.0,0.0,0.51,75.0,90.0,0.0,0.0,0.0,28.823529411764707
62670,Ljuban Crepulja,Slaven Koprivnica,Midfielder,32.0,Croatia,29.0,1841.0,3.0,5.0,14.0,6.0,1336.0,89.6,36.0,11.0,142.0,77.0,1.0,0.0,7.05,17.0,10.0,29.0,10.0,89.0,26.0,132.0,89.0,36.0,22.0,28.0,0.0,0.0,41.0,6.0,0.0,0.14665942422596415,0.24443237370994025,0.6844106463878327,0.2933188484519283,65.31233025529603,1.7599130907115699,0.5377512221618685,0.04888647474198805,0.8310700706137969,0.4888647474198805,1.4177077675176535,0.4888647474198805,4.350896252036937,1.2710483432916893,6.453014665942423,4.350896252036937,1.7599130907115699,1.075502444323737,1.3688212927756653,0.0,2.00434546442151,20.689655172413794,42.857142857142854,21.428571428571427,0.8959999999999999,54.225352112676056,63.48275862068966,0.39109179793590443,58.8235294117647,29.213483146067414,67.42424242424242
32636,Ante Rebić,Hajduk Split,Attacker,32.0,Croatia,26.0,1828.0,7.0,5.0,48.0,23.0,500.0,61.4,34.0,13.0,272.0,122.0,6.0,0.0,7.02,78.0,38.0,13.0,28.0,70.0,16.0,26.0,13.0,30.0,25.0,14.0,0.0,0.0,20.0,10.0,0.0,0.34463894967177244,0.2461706783369803,2.363238512035011,1.1323851203501094,24.61706783369803,1.6739606126914661,0.6400437636761488,0.29540481400437635,3.840262582056893,1.8708971553610503,0.6400437636761488,1.3785557986870898,3.446389496717724,0.787746170678337,1.2800875273522976,0.6400437636761488,1.4770240700218817,1.2308533916849016,0.6892778993435449,0.0,0.9846827133479212,38.46153846153846,47.916666666666664,14.583333333333334,0.614,44.85294117647059,70.3076923076923,0.5908096280087527,48.717948717948715,22.857142857142858,50.0
37616075,Antonio Mauric,Istra 1961,Midfielder,22.0,Croatia,29.0,1825.0,2.0,0.0,21.0,4.0,826.0,87.41,28.0,21.0,140.0,74.0,5.0,0.0,6.79,29.0,15.0,17.0,25.0,14.0,2.0,48.0,27.0,18.0,8.0,20.0,0.0,0.0,25.0,6.0,0.0,0.09863013698630137,0.0,1.0356164383561643,0.19726027397260273,40.73424657534247,1.3808219178082193,1.0356164383561643,0.2465753424657534,1.4301369863013698,0.7397260273972602,0.8383561643835616,1.2328767123287672,0.6904109589041096,0.09863013698630137,2.367123287671233,1.3315068493150686,0.8876712328767123,0.39452054794520547,0.9863013698630136,0.0,1.2328767123287672,20.689655172413794,19.047619047619047,9.523809523809524,0.8741,52.857142857142854,62.93103448275862,0.09863013698630137,51.724137931034484,14.285714285714286,56.25
1486200,Arbër Hoxha,Dinamo Zagreb,Attacker,27.0,Kosovo,31.0,1818.0,7.0,5.0,54.0,19.0,462.0,83.12,19.0,5.0,245.0,107.0,3.0,0.0,6.97,95.0,49.0,5.0,33.0,50.0,10.0,7.0,5.0,21.0,6.0,5.0,0.0,0.0,16.0,15.0,0.0,0.3465346534653465,0.24752475247524752,2.6732673267326734,0.9405940594059405,22.871287128712872,0.9405940594059405,0.24752475247524752,0.1485148514851485,4.702970297029703,2.4257425742574257,0.24752475247524752,1.6336633663366336,2.4752475247524752,0.49504950495049505,0.3465346534653465,0.24752475247524752,1.0396039603960396,0.297029702970297,0.24752475247524752,0.0,0.7920792079207921,48.38709677419355,35.18518518518518,12.962962962962964,0.8312,43.673469387755105,58.645161290322584,0.594059405940594,51.578947368421055,20.0,71.42857142857143
37656051,Vito Caic,Vukovar,Midfielder,21.0,Croatia,25.0,1813.0,1.0,1.0,15.0,2.0,757.0,77.68,28.0,19.0,171.0,86.0,5.0,1.0,6.55,11.0,7.0,17.0,17.0,10.0,2.0,112.0,35.0,9.0,36.0,106.0,0.0,0.0,42.0,3.0,0.0,0.049641478212906785,0.049641478212906785,0.7446221731936018,0.09928295642581357,37.57859900717044,1.38996138996139,0.9431880860452289,0.2978488692774407,0.5460562603419746,0.3474903474903475,0.8439051296194153,0.8439051296194153,0.49641478212906787,0.09928295642581357,5.55984555984556,1.7374517374517375,0.44677330391616105,1.7870932156646442,5.261996690568119,0.0,2.0849420849420848,12.0,13.333333333333334,6.666666666666667,0.7768,50.292397660818715,72.52,0.09928295642581357,63.63636363636363,20.0,31.25
37563601,Luka Stojkovic,Dinamo Zagreb,Midfielder,22.0,Croatia,29.0,1812.0,7.0,12.0,72.0,26.0,920.0,84.57,31.0,17.0,215.0,96.0,3.0,2.0,7.23,47.0,16.0,23.0,36.0,109.0,36.0,67.0,45.0,61.0,14.0,8.0,0.0,0.0,16.0,14.0,0.0,0.347682119205298,0.5960264900662252,3.576158940397351,1.2913907284768211,45.6953642384106,1.5397350993377483,0.8443708609271523,0.24834437086092714,2.334437086092715,0.7947019867549668,1.1423841059602649,1.7880794701986755,5.413907284768212,1.7880794701986755,3.327814569536424,2.2350993377483444,3.0298013245033113,0.695364238410596,0.3973509933774834,0.0,0.7947019867549668,48.275862068965516,36.111111111111114,9.722222222222221,0.8456999999999999,44.651162790697676,62.48275862068966,0.9437086092715232,34.04255319148936,33.027522935779814,67.16417910447761
52801,Dario Maresic,Istra 1961,Defender,26.0,Austria,20.0,1798.0,1.0,2.0,7.0,1.0,1267.0,81.69,35.0,20.0,144.0,87.0,7.0,0.0,6.92,5.0,1.0,8.0,24.0,12.0,2.0,252.0,114.0,5.0,28.0,105.0,0.0,0.0,29.0,3.0,0.0,0.05005561735261402,0.10011123470522804,0.3503893214682981,0.05005561735261402,63.42046718576196,1.7519466073414904,1.0011123470522802,0.3503893214682981,0.25027808676307006,0.05005561735261402,0.40044493882091214,1.2013348164627364,0.6006674082313682,0.10011123470522804,12.614015572858731,5.706340378197997,0.25027808676307006,1.4015572858731924,5.2558398220244715,0.0,1.4516129032258065,15.0,14.285714285714286,14.285714285714286,0.8169,60.416666666666664,89.9,0.15016685205784205,20.0,16.666666666666668,45.23809523809524
73913,Ilija Nestorovski,Slaven Koprivnica,Attacker,36.0,Macedonia,24.0,1767.0,6.0,3.0,66.0,21.0,543.0,66.67,11.0,2.0,294.0,136.0,8.0,0.0,7.06,14.0,6.0,4.0,47.0,4.0,1.0,49.0,27.0,17.0,75.0,20.0,0.0,0.0,28.0,5.0,0.0,0.30560271646859083,0.15280135823429541,3.3616298811544993,1.069609507640068,27.65704584040747,0.5602716468590832,0.10186757215619695,0.4074702886247878,0.7130730050933786,0.30560271646859083,0.2037351443123939,2.3938879456706283,0.2037351443123939,0.050933786078098474,2.495755517826825,1.3752122241086588,0.865874363327674,3.8200339558573853,1.0186757215619695,0.0,1.4261460101867571,20.833333333333332,31.818181818181817,9.090909090909092,0.6667000000000001,46.25850340136054,73.625,0.45840407470288624,42.857142857142854,25.0,55.10204081632653
37561382,Cheikh Mbacke,Lokomotiva Zagreb,Midfielder,26.0,Senegal,21.0,1755.0,1.0,0.0,11.0,2.0,855.0,85.73,25.0,20.0,166.0,92.0,4.0,0.0,6.81,4.0,2.0,8.0,24.0,4.0,0.0,108.0,56.0,3.0,45.0,146.0,0.0,0.0,29.0,3.0,0.0,0.05128205128205128,0.0,0.5641025641025641,0.10256410256410256,43.84615384615385,1.2820512820512822,1.0256410256410255,0.20512820512820512,0.20512820512820512,0.10256410256410256,0.41025641025641024,1.2307692307692308,0.20512820512820512,0.0,5.538461538461538,2.871794871794872,0.15384615384615385,2.3076923076923075,7.487179487179487,0.0,1.4871794871794872,14.285714285714286,18.181818181818183,9.090909090909092,0.8573000000000001,55.42168674698795,83.57142857142857,0.05128205128205128,50.0,0.0,51.851851851851855
129013,Marko Livaja,Hajduk Split,Attacker,32.0,Croatia,26.0,1744.0,9.0,6.0,60.0,28.0,410.0,70.0,7.0,0.0,198.0,89.0,6.0,0.0,7.06,38.0,20.0,6.0,38.0,20.0,6.0,33.0,14.0,34.0,24.0,16.0,0.0,0.0,16.0,10.0,0.0,0.4644495412844037,0.30963302752293576,3.096330275229358,1.444954128440367,21.158256880733944,0.36123853211009177,0.0,0.30963302752293576,1.9610091743119267,1.0321100917431192,0.30963302752293576,1.9610091743119267,1.0321100917431192,0.30963302752293576,1.7029816513761469,0.7224770642201835,1.7545871559633028,1.238532110091743,0.8256880733944955,0.0,0.8256880733944955,38.46153846153846,46.666666666666664,15.0,0.7,44.94949494949495,67.07692307692308,0.7740825688073394,52.63157894736842,30.0,42.42424242424242
62691,Mario Tičinović,Vukovar,Defender,34.0,Croatia,24.0,1737.0,0.0,3.0,8.0,4.0,594.0,75.08,26.0,20.0,196.0,92.0,3.0,0.0,6.65,26.0,14.0,17.0,26.0,85.0,17.0,99.0,35.0,15.0,27.0,53.0,0.0,0.0,30.0,3.0,0.0,0.0,0.15544041450777202,0.41450777202072536,0.20725388601036268,30.77720207253886,1.3471502590673574,1.0362694300518134,0.15544041450777202,1.3471502590673574,0.7253886010362695,0.8808290155440415,1.3471502590673574,4.404145077720207,0.8808290155440415,5.129533678756476,1.8134715025906736,0.7772020725388601,1.3989637305699483,2.7461139896373057,0.0,1.5544041450777202,12.5,50.0,0.0,0.7508,46.93877551020408,72.375,0.15544041450777202,53.84615384615385,20.0,35.35353535353536
37704799,Adriano Jagusic,Slaven Koprivnica,Midfielder,20.0,Croatia,20.0,1728.0,7.0,4.0,56.0,22.0,733.0,81.17,36.0,15.0,268.0,135.0,0.0,0.0,7.34,78.0,34.0,20.0,52.0,96.0,26.0,60.0,42.0,35.0,14.0,8.0,0.0,0.0,28.0,2.0,0.0,0.3645833333333333,0.20833333333333334,2.9166666666666665,1.1458333333333333,38.177083333333336,1.875,0.78125,0.0,4.0625,1.7708333333333333,1.0416666666666667,2.7083333333333335,5.0,1.3541666666666667,3.125,2.1875,1.8229166666666667,0.7291666666666666,0.4166666666666667,0.0,1.4583333333333333,10.0,39.285714285714285,12.5,0.8117,50.37313432835821,86.4,0.5729166666666666,43.58974358974359,27.083333333333332,70.0
37732502,Raul Kumar,Istra 1961,Defender,18.0,Croatia,21.0,1716.0,0.0,0.0,7.0,3.0,1022.0,86.89,17.0,19.0,114.0,54.0,4.0,0.0,6.79,9.0,4.0,8.0,3.0,1.0,0.0,125.0,60.0,2.0,30.0,122.0,0.0,0.0,22.0,3.0,0.0,0.0,0.0,0.36713286713286714,0.15734265734265734,53.6013986013986,0.8916083916083916,0.9965034965034965,0.2097902097902098,0.47202797202797203,0.2097902097902098,0.4195804195804196,0.15734265734265734,0.05244755244755245,0.0,6.555944055944056,3.1468531468531467,0.1048951048951049,1.5734265734265733,6.398601398601398,0.0,1.1538461538461537,14.285714285714286,42.857142857142854,0.0,0.8689,47.36842105263158,81.71428571428571,0.0,44.44444444444444,0.0,48.0
1525043,Matej Vuk,Varaždin,Attacker,26.0,Croatia,29.0,1699.0,3.0,1.0,31.0,7.0,473.0,72.52,31.0,16.0,212.0,130.0,4.0,0.0,6.85,67.0,40.0,7.0,46.0,47.0,8.0,40.0,14.0,22.0,15.0,14.0,0.0,0.0,29.0,7.0,0.0,0.15891701000588582,0.052972336668628606,1.6421424367274868,0.37080635668040024,25.05591524426133,1.6421424367274868,0.8475573866980577,0.21188934667451442,3.5491465567981164,2.1188934667451442,0.37080635668040024,2.436727486756916,2.4896998234255445,0.42377869334902885,2.1188934667451442,0.7416127133608005,1.1653914067098292,0.794585050029429,0.7416127133608005,0.0,1.5361977633902295,24.137931034482758,22.580645161290324,9.67741935483871,0.7252,61.320754716981135,58.58620689655172,0.21188934667451442,59.701492537313435,17.02127659574468,35.0
24838179,Luka Skaricic,Varaždin,Defender,24.0,Croatia,23.0,1678.0,3.0,0.0,12.0,4.0,881.0,83.65,30.0,27.0,108.0,66.0,5.0,0.0,6.92,2.0,2.0,4.0,7.0,12.0,2.0,168.0,93.0,5.0,29.0,95.0,0.0,0.0,26.0,7.0,0.0,0.16090584028605484,0.0,0.6436233611442194,0.21454112038140644,47.25268176400477,1.6090584028605484,1.4481525625744935,0.26817640047675806,0.10727056019070322,0.10727056019070322,0.21454112038140644,0.37544696066746125,0.6436233611442194,0.10727056019070322,9.01072705601907,4.988081048867699,0.26817640047675806,1.5554231227651967,5.095351609058403,0.0,1.3945172824791419,30.434782608695652,33.333333333333336,25.0,0.8365,61.111111111111114,72.95652173913044,0.16090584028605484,100.0,16.666666666666668,55.357142857142854
134041,Miha Zajc,Dinamo Zagreb,Midfielder,32.0,Slovenia,23.0,1656.0,8.0,7.0,36.0,14.0,799.0,84.98,24.0,14.0,131.0,57.0,2.0,0.0,7.46,34.0,22.0,16.0,7.0,94.0,32.0,51.0,34.0,58.0,6.0,19.0,0.0,0.0,13.0,11.0,0.0,0.43478260869565216,0.3804347826086957,1.9565217391304348,0.7608695652173914,43.42391304347826,1.3043478260869565,0.7608695652173914,0.10869565217391304,1.8478260869565217,1.1956521739130435,0.8695652173913043,0.3804347826086957,5.108695652173913,1.7391304347826086,2.7717391304347827,1.8478260869565217,3.152173913043478,0.32608695652173914,1.0326086956521738,0.0,0.7065217391304348,47.82608695652174,38.888888888888886,22.22222222222222,0.8498,43.51145038167939,72.0,0.8152173913043479,64.70588235294117,34.04255319148936,66.66666666666667
37598782,Matteo Pérez Vinlöf,Dinamo Zagreb,Defender,20.0,Sweden,25.0,1647.0,0.0,3.0,10.0,3.0,992.0,84.78,33.0,12.0,180.0,105.0,3.0,0.0,6.95,45.0,29.0,6.0,30.0,77.0,23.0,113.0,57.0,21.0,13.0,47.0,0.0,0.0,15.0,9.0,0.0,0.0,0.16393442622950818,0.546448087431694,0.16393442622950818,54.20765027322405,1.8032786885245902,0.6557377049180327,0.16393442622950818,2.459016393442623,1.5846994535519126,0.32786885245901637,1.639344262295082,4.2076502732240435,1.2568306010928962,6.174863387978142,3.1147540983606556,1.1475409836065573,0.7103825136612022,2.568306010928962,0.0,0.819672131147541,36.0,30.0,0.0,0.8478,58.333333333333336,65.88,0.16393442622950818,64.44444444444444,29.87012987012987,50.442477876106196
12393223,Mateo Les,Gorica,Defender,26.0,Croatia,23.0,1639.0,0.0,0.0,2.0,0.0,915.0,91.04,24.0,14.0,129.0,66.0,4.0,0.0,6.54,7.0,3.0,10.0,11.0,3.0,0.0,66.0,28.0,4.0,32.0,71.0,0.0,0.0,30.0,3.0,0.0,0.0,0.0,0.10982306284319707,0.0,50.24405125076266,1.317876754118365,0.7687614399023796,0.21964612568639413,0.3843807199511898,0.16473459426479561,0.5491153142159854,0.6040268456375839,0.16473459426479561,0.0,3.6241610738255035,1.537522879804759,0.21964612568639413,1.757169005491153,3.898718730933496,0.0,1.647345942647956,13.043478260869565,0.0,0.0,0.9104000000000001,51.16279069767442,71.26086956521739,0.0,42.857142857142854,0.0,42.42424242424242
37596447,Filip Cuic,Gorica,Attacker,23.0,Bosnia and Herzegovina,22.0,1635.0,4.0,1.0,49.0,18.0,396.0,67.17,17.0,4.0,238.0,96.0,4.0,0.0,6.83,13.0,6.0,6.0,29.0,11.0,3.0,21.0,14.0,8.0,48.0,23.0,0.0,0.0,29.0,3.0,0.0,0.22018348623853212,0.05504587155963303,2.697247706422018,0.9908256880733946,21.798165137614678,0.9357798165137615,0.22018348623853212,0.22018348623853212,0.7155963302752294,0.3302752293577982,0.3302752293577982,1.5963302752293578,0.6055045871559633,0.1651376146788991,1.1559633027522935,0.7706422018348624,0.44036697247706424,2.6422018348623855,1.2660550458715596,0.0,1.5963302752293578,13.636363636363637,36.734693877551024,8.16326530612245,0.6717,40.33613445378151,74.31818181818181,0.27522935779816515,46.15384615384615,27.272727272727273,66.66666666666667
75251,Bruno Goda,Dinamo Zagreb,Defender,28.0,Croatia,25.0,1587.0,0.0,2.0,9.0,0.0,874.0,78.95,48.0,24.0,191.0,116.0,2.0,0.0,6.8,28.0,13.0,12.0,21.0,40.0,4.0,101.0,37.0,16.0,36.0,32.0,0.0,0.0,13.0,12.0,0.0,0.0,0.11342155009451796,0.5103969754253308,0.0,49.56521739130435,2.722117202268431,1.3610586011342154,0.11342155009451796,1.5879017013232515,0.7372400756143668,0.6805293005671077,1.1909262759924386,2.268431001890359,0.22684310018903592,5.727788279773157,2.0982986767485823,0.9073724007561437,2.041587901701323,1.8147448015122873,0.0,0.7372400756143668,48.0,0.0,0.0,0.7895,60.73298429319372,63.48,0.11342155009451796,46.42857142857143,10.0,36.633663366336634
67827,Amer Gojak,Rijeka,Midfielder,29.0,Bosnia and Herzegovina,30.0,1585.0,2.0,2.0,30.0,12.0,467.0,76.87,27.0,5.0,157.0,70.0,2.0,0.0,6.73,28.0,14.0,15.0,13.0,61.0,15.0,41.0,17.0,19.0,16.0,15.0,0.0,0.0,14.0,12.0,0.0,0.11356466876971609,0.11356466876971609,1.7034700315457414,0.6813880126182965,26.517350157728707,1.5331230283911672,0.28391167192429023,0.11356466876971609,1.5899053627760253,0.7949526813880127,0.8517350157728707,0.7381703470031545,3.4637223974763405,0.8517350157728707,2.32807570977918,0.9652996845425867,1.0788643533123028,0.9085173501577287,0.8517350157728707,0.0,0.7949526813880127,40.0,40.0,6.666666666666667,0.7687,44.5859872611465,52.833333333333336,0.22712933753943218,50.0,24.59016393442623,41.46341463414634
37582788,Vinko Rozic,Istra 1961,Attacker,22.0,Bosnia and Herzegovina,27.0,1574.0,3.0,1.0,39.0,10.0,407.0,79.36,16.0,7.0,175.0,75.0,6.0,0.0,6.69,53.0,23.0,7.0,17.0,43.0,7.0,12.0,9.0,13.0,19.0,12.0,0.0,0.0,24.0,4.0,0.0,0.17153748411689962,0.05717916137229987,2.229987293519695,0.5717916137229987,23.27191867852605,0.9148665819567979,0.40025412960609913,0.34307496823379924,3.0304955527318933,1.3151207115628971,0.40025412960609913,0.9720457433290979,2.4587039390088945,0.40025412960609913,0.6861499364675985,0.5146124523506989,0.7433290978398983,1.0864040660736975,0.6861499364675985,0.0,1.372299872935197,14.814814814814815,25.641025641025642,7.6923076923076925,0.7936,42.857142857142854,58.2962962962963,0.22871664548919948,43.39622641509434,16.27906976744186,75.0
74274,Mario Marina,Varaždin,Midfielder,36.0,Bosnia and Herzegovina,28.0,1572.0,1.0,0.0,12.0,2.0,576.0,76.74,60.0,24.0,186.0,109.0,2.0,0.0,6.75,7.0,6.0,13.0,11.0,4.0,1.0,78.0,31.0,3.0,38.0,65.0,0.0,0.0,26.0,8.0,0.0,0.05725190839694656,0.0,0.6870229007633588,0.11450381679389313,32.97709923664122,3.435114503816794,1.3740458015267176,0.11450381679389313,0.40076335877862596,0.3435114503816794,0.7442748091603053,0.6297709923664122,0.22900763358778625,0.05725190839694656,4.465648854961832,1.7748091603053435,0.1717557251908397,2.1755725190839694,3.7213740458015265,0.0,1.4885496183206106,28.571428571428573,16.666666666666668,8.333333333333334,0.7674,58.60215053763441,56.142857142857146,0.05725190839694656,85.71428571428571,25.0,39.743589743589745
37356253,Dušan Vuković,Lokomotiva Zagreb,Attacker,23.0,Montenegro,25.0,1571.0,3.0,2.0,32.0,15.0,282.0,60.64,14.0,12.0,228.0,91.0,4.0,0.0,6.6,77.0,28.0,13.0,27.0,28.0,6.0,18.0,9.0,16.0,24.0,13.0,0.0,0.0,24.0,6.0,0.0,0.1718650541056652,0.11457670273711013,1.833227243793762,0.8593252705283259,16.15531508593253,0.8020369191597708,0.6874602164226608,0.22915340547422025,4.411203055378739,1.6040738383195416,0.7447485677912158,1.5467854869509867,1.6040738383195416,0.3437301082113304,1.031190324633991,0.5155951623169955,0.916613621896881,1.3749204328453215,0.7447485677912158,0.0,1.3749204328453215,24.0,46.875,9.375,0.6064,39.91228070175438,62.84,0.2864417568427753,36.36363636363637,21.428571428571427,50.0
37661771,Iker Almena,Hajduk Split,Attacker,22.0,Spain,21.0,1571.0,3.0,2.0,31.0,14.0,542.0,81.18,14.0,6.0,147.0,88.0,1.0,0.0,7.09,62.0,35.0,5.0,38.0,46.0,11.0,26.0,11.0,35.0,2.0,7.0,0.0,0.0,19.0,6.0,0.0,0.1718650541056652,0.11457670273711013,1.7759388924252069,0.8020369191597708,31.050286441756842,0.8020369191597708,0.3437301082113304,0.05728835136855506,3.5518777848504137,2.0050922978994272,0.2864417568427753,2.1769573520050924,2.6352641629535327,0.6301718650541057,1.4894971355824316,0.6301718650541057,2.0050922978994272,0.11457670273711013,0.4010184595798854,0.0,1.0884786760025462,28.571428571428573,45.16129032258065,9.67741935483871,0.8118000000000001,59.863945578231295,74.80952380952381,0.2864417568427753,56.45161290322581,23.91304347826087,42.30769230769231
74193,Ivan Mamut,Varaždin,Attacker,29.0,Croatia,25.0,1569.0,9.0,4.0,54.0,22.0,331.0,73.11,7.0,4.0,151.0,66.0,8.0,0.0,7.01,7.0,2.0,3.0,26.0,13.0,2.0,28.0,14.0,26.0,34.0,33.0,0.0,0.0,25.0,4.0,0.0,0.5162523900573613,0.2294455066921606,3.0975143403441683,1.2619502868068833,18.98661567877629,0.40152963671128106,0.2294455066921606,0.4588910133843212,0.40152963671128106,0.1147227533460803,0.17208413001912046,1.491395793499044,0.745697896749522,0.1147227533460803,1.6061185468451242,0.8030592734225621,1.491395793499044,1.9502868068833652,1.892925430210325,0.0,1.4340344168260037,16.0,40.74074074074074,16.666666666666668,0.7311,43.70860927152318,62.76,0.7456978967495219,28.571428571428573,15.384615384615385,50.0
37608777,Daniel Adu-Adjei,Rijeka,Attacker,21.0,England,27.0,1556.0,6.0,3.0,54.0,18.0,141.0,66.67,19.0,7.0,204.0,82.0,1.0,0.0,6.82,11.0,7.0,5.0,26.0,9.0,4.0,3.0,3.0,11.0,32.0,13.0,0.0,0.0,17.0,10.0,0.0,0.34704370179948585,0.17352185089974292,3.1233933161953726,1.0411311053984575,8.155526992287918,1.0989717223650386,0.40488431876606684,0.05784061696658098,0.6362467866323908,0.40488431876606684,0.2892030848329049,1.5038560411311055,0.5205655526992288,0.23136246786632392,0.17352185089974292,0.17352185089974292,0.6362467866323908,1.8508997429305913,0.7519280205655527,0.0,0.9832904884318766,37.03703703703704,33.333333333333336,11.11111111111111,0.6667000000000001,40.19607843137255,57.629629629629626,0.5205655526992288,63.63636363636363,44.44444444444444,100.0
28932717,Renan Guedes,Osijek,Defender,28.0,Brazil,22.0,1553.0,0.0,0.0,8.0,1.0,600.0,77.5,39.0,19.0,194.0,105.0,3.0,0.0,6.65,21.0,5.0,8.0,33.0,54.0,9.0,70.0,17.0,16.0,29.0,54.0,0.0,0.0,30.0,7.0,0.0,0.0,0.0,0.463618802318094,0.05795235028976175,34.77141017385705,2.2601416613007084,1.1010946555054733,0.17385705086928527,1.2169993560849968,0.2897617514488088,0.463618802318094,1.9124275595621378,3.1294269156471346,0.5215711526078558,4.056664520283323,0.9851899549259497,0.927237604636188,1.6806181584030908,3.1294269156471346,0.0,1.7385705086928525,31.818181818181817,12.5,0.0,0.775,54.123711340206185,70.5909090909091,0.0,23.80952380952381,16.666666666666668,24.285714285714285
139181,Justas Lasickas,Rijeka,Defender,28.0,Lithuania,29.0,1541.0,0.0,1.0,10.0,2.0,662.0,74.17,36.0,25.0,208.0,107.0,5.0,0.0,6.73,36.0,15.0,11.0,33.0,35.0,15.0,52.0,20.0,23.0,24.0,49.0,0.0,0.0,23.0,11.0,0.0,0.0,0.058403634003893576,0.5840363400389358,0.11680726800778715,38.66320571057755,2.102530824140169,1.4600908500973393,0.2920181700194679,2.102530824140169,0.8760545100584036,0.6424399740428294,1.927319922128488,2.044127190136275,0.8760545100584036,3.0369889682024658,1.1680726800778716,1.3432835820895523,1.4016872160934457,2.861778066190785,0.0,1.3432835820895523,37.93103448275862,20.0,0.0,0.7417,51.44230769230769,53.13793103448276,0.058403634003893576,41.666666666666664,42.857142857142854,38.46153846153846
37553141,Monsef Bakrar,Dinamo Zagreb,Attacker,25.0,Algeria,29.0,1511.0,10.0,4.0,53.0,19.0,365.0,70.96,22.0,15.0,215.0,82.0,6.0,0.0,6.87,52.0,17.0,20.0,17.0,37.0,5.0,10.0,5.0,16.0,26.0,12.0,0.0,0.0,14.0,11.0,0.0,0.5956320317670417,0.23825281270681667,3.156849768365321,1.1317008603573793,21.74056915949702,1.3103904698874917,0.8934480476505625,0.357379219060225,3.097286565188617,1.012574454003971,1.1912640635340834,1.012574454003971,2.2038385175380544,0.29781601588352086,0.5956320317670417,0.29781601588352086,0.9530112508272667,1.5486432825943084,0.71475843812045,0.0,0.8338848444738584,37.93103448275862,35.84905660377358,18.867924528301888,0.7095999999999999,38.13953488372093,52.10344827586207,0.8338848444738584,32.69230769230769,13.513513513513514,50.0
75498,Mario Tadic,Vukovar,Defender,33.0,Croatia,22.0,1509.0,1.0,0.0,15.0,9.0,867.0,77.97,16.0,31.0,141.0,82.0,5.0,3.0,6.67,2.0,2.0,10.0,17.0,11.0,0.0,200.0,82.0,1.0,48.0,105.0,0.0,0.0,30.0,4.0,0.0,0.05964214711729622,0.0,0.8946322067594433,0.536779324055666,51.709741550695824,0.9542743538767395,1.848906560636183,0.47713717693836977,0.11928429423459244,0.11928429423459244,0.5964214711729622,1.0139165009940359,0.6560636182902585,0.0,11.928429423459244,4.89065606361829,0.05964214711729622,2.862823061630219,6.262425447316104,0.0,1.7892644135188867,18.181818181818183,60.0,6.666666666666667,0.7797,58.156028368794324,68.5909090909091,0.05964214711729622,100.0,0.0,41.0
16488582,Ville Koski,Istra 1961,Defender,24.0,Finland,18.0,1506.0,0.0,0.0,2.0,0.0,974.0,88.09,21.0,17.0,110.0,64.0,3.0,0.0,6.85,2.0,2.0,6.0,14.0,0.0,0.0,104.0,44.0,3.0,28.0,119.0,0.0,0.0,22.0,3.0,0.0,0.0,0.0,0.11952191235059761,0.0,58.20717131474104,1.254980079681275,1.0159362549800797,0.17928286852589642,0.11952191235059761,0.11952191235059761,0.35856573705179284,0.8366533864541833,0.0,0.0,6.2151394422310755,2.6294820717131473,0.17928286852589642,1.6733067729083666,7.111553784860558,0.0,1.3147410358565736,16.666666666666668,0.0,0.0,0.8809,58.18181818181818,83.66666666666667,0.0,100.0,0.0,42.30769230769231
37570527,Anel Husic,Rijeka,Defender,25.0,Switzerland,19.0,1500.0,1.0,1.0,12.0,2.0,909.0,84.05,36.0,19.0,124.0,57.0,3.0,0.0,6.69,5.0,3.0,4.0,2.0,11.0,1.0,137.0,62.0,7.0,16.0,72.0,0.0,0.0,23.0,6.0,0.0,0.06,0.06,0.72,0.12,54.54,2.16,1.14,0.18,0.3,0.18,0.24,0.12,0.66,0.06,8.22,3.72,0.42,0.96,4.32,0.0,1.38,31.57894736842105,16.666666666666668,8.333333333333334,0.8405,45.96774193548387,78.94736842105263,0.12,60.0,9.090909090909092,45.25547445255474
537274,Oleksandr Petrusenko,Osijek,Midfielder,28.0,Ukraine,24.0,1484.0,0.0,0.0,8.0,3.0,749.0,88.92,50.0,24.0,156.0,78.0,4.0,0.0,6.71,10.0,6.0,15.0,16.0,4.0,0.0,61.0,45.0,10.0,6.0,27.0,0.0,0.0,19.0,11.0,0.0,0.0,0.0,0.48517520215633425,0.18194070080862534,45.424528301886795,3.032345013477089,1.4555256064690028,0.24258760107816713,0.6064690026954178,0.3638814016172507,0.9097035040431267,0.9703504043126685,0.24258760107816713,0.0,3.6994609164420487,2.72911051212938,0.6064690026954178,0.3638814016172507,1.637466307277628,0.0,1.1522911051212938,45.833333333333336,37.5,0.0,0.8892,50.0,61.833333333333336,0.0,60.0,0.0,73.77049180327869
37667333,Kristijan Cabrajic,Vukovar,Defender,22.0,Croatia,20.0,1449.0,0.0,1.0,6.0,0.0,485.0,77.53,32.0,23.0,138.0,72.0,3.0,0.0,6.43,30.0,15.0,22.0,12.0,31.0,5.0,48.0,13.0,12.0,16.0,44.0,0.0,0.0,39.0,2.0,0.0,0.0,0.062111801242236024,0.37267080745341613,0.0,30.124223602484474,1.9875776397515528,1.4285714285714286,0.18633540372670807,1.8633540372670807,0.9316770186335404,1.3664596273291925,0.7453416149068323,1.9254658385093169,0.3105590062111801,2.981366459627329,0.8074534161490683,0.7453416149068323,0.9937888198757764,2.732919254658385,0.0,2.422360248447205,10.0,0.0,0.0,0.7753,52.17391304347826,72.45,0.062111801242236024,50.0,16.129032258064516,27.083333333333332
37512280,Niko Galesic,Dinamo Zagreb,Defender,25.0,Croatia,22.0,1405.0,0.0,0.0,14.0,3.0,962.0,87.01,32.0,16.0,121.0,70.0,1.0,0.0,6.85,13.0,9.0,9.0,8.0,17.0,5.0,94.0,47.0,7.0,21.0,62.0,0.0,0.0,10.0,10.0,0.0,0.0,0.0,0.896797153024911,0.19217081850533807,61.62277580071174,2.0498220640569396,1.0249110320284698,0.06405693950177936,0.8327402135231317,0.5765124555160143,0.5765124555160143,0.5124555160142349,1.0889679715302492,0.3202846975088968,6.0213523131672595,3.0106761565836297,0.4483985765124555,1.3451957295373667,3.9715302491103204,0.0,0.6405693950177936,45.45454545454545,21.428571428571427,0.0,0.8701000000000001,57.85123966942149,63.86363636363637,0.0,69.23076923076923,29.41176470588235,50.0
13239047,Mario Mladenovski,Varaždin,Defender,25.0,Macedonia,22.0,1399.0,0.0,1.0,9.0,2.0,696.0,79.6,25.0,25.0,115.0,55.0,5.0,1.0,6.58,2.0,1.0,5.0,4.0,1.0,0.0,156.0,66.0,1.0,27.0,92.0,0.0,0.0,24.0,4.0,0.0,0.0,0.06433166547533953,0.5789849892780558,0.12866333095067906,44.77483917083631,1.6082916368834883,1.6082916368834883,0.38598999285203717,0.12866333095067906,0.06433166547533953,0.32165832737669764,0.2573266619013581,0.06433166547533953,0.0,10.035739814152967,4.245889921372409,0.06433166547533953,1.7369549678341674,5.918513223731237,0.0,1.5439599714081487,18.181818181818183,22.22222222222222,0.0,0.7959999999999999,47.82608695652174,63.59090909090909,0.06433166547533953,50.0,0.0,42.30769230769231
183535,Dejan Petrovic,Rijeka,Midfielder,28.0,Slovenia,20.0,1396.0,1.0,1.0,8.0,1.0,580.0,84.66,16.0,28.0,108.0,46.0,4.0,2.0,6.64,7.0,2.0,12.0,18.0,6.0,2.0,57.0,33.0,7.0,13.0,35.0,0.0,0.0,18.0,6.0,0.0,0.06446991404011461,0.06446991404011461,0.5157593123209169,0.06446991404011461,37.392550143266476,1.0315186246418337,1.8051575931232091,0.3868194842406877,0.4512893982808023,0.12893982808022922,0.7736389684813754,1.160458452722063,0.3868194842406877,0.12893982808022922,3.674785100286533,2.127507163323782,0.4512893982808023,0.83810888252149,2.2564469914040113,0.0,1.160458452722063,30.0,12.5,12.5,0.8466,42.592592592592595,69.8,0.12893982808022922,28.571428571428573,33.333333333333336,57.89473684210526
74023,Leonard Žuta,Slaven Koprivnica,Defender,33.0,Macedonia,19.0,1394.0,2.0,1.0,8.0,2.0,552.0,71.2,21.0,7.0,88.0,51.0,2.0,0.0,6.62,4.0,3.0,4.0,3.0,42.0,12.0,106.0,36.0,7.0,25.0,57.0,0.0,0.0,22.0,3.0,0.0,0.1291248206599713,0.06456241032998565,0.5164992826398852,0.1291248206599713,35.63845050215208,1.3558106169296986,0.4519368723098996,0.1291248206599713,0.2582496413199426,0.19368723098995697,0.2582496413199426,0.19368723098995697,2.7116212338593972,0.7747489239598279,6.843615494978479,2.3242467718794835,0.4519368723098996,1.6140602582496413,3.6800573888091823,0.0,1.4203730272596844,15.789473684210526,25.0,25.0,0.7120000000000001,57.95454545454545,73.36842105263158,0.19368723098995694,75.0,28.571428571428573,33.9622641509434
37540937,Mateo Lisica,Dinamo Zagreb,Attacker,22.0,Croatia,25.0,1387.0,2.0,8.0,21.0,6.0,507.0,86.59,25.0,9.0,116.0,64.0,1.0,0.0,6.97,28.0,10.0,11.0,19.0,68.0,23.0,23.0,13.0,38.0,12.0,13.0,0.0,0.0,12.0,11.0,0.0,0.12977649603460706,0.5191059841384282,1.3626532083633742,0.3893294881038212,32.89834174477289,1.6222062004325883,0.5839942321557318,0.06488824801730353,1.8168709444844988,0.6488824801730353,0.7137707281903388,1.2328767123287672,4.41240086517664,1.4924297043979813,1.4924297043979813,0.8435472242249459,2.4657534246575343,0.7786589762076424,0.8435472242249459,0.0,0.7786589762076424,44.0,28.571428571428573,9.523809523809524,0.8659,55.172413793103445,55.48,0.6488824801730353,35.714285714285715,33.8235294117647,56.52173913043478
37538492,Gabriel Vidovic,Dinamo Zagreb,Attacker,22.0,Croatia,27.0,1380.0,7.0,4.0,38.0,15.0,534.0,86.52,21.0,13.0,157.0,78.0,1.0,0.0,7.0,43.0,19.0,4.0,31.0,10.0,3.0,21.0,15.0,26.0,9.0,5.0,0.0,0.0,10.0,13.0,0.0,0.45652173913043476,0.2608695652173913,2.4782608695652173,0.9782608695652174,34.82608695652174,1.3695652173913044,0.8478260869565217,0.06521739130434782,2.8043478260869565,1.2391304347826086,0.2608695652173913,2.0217391304347827,0.6521739130434783,0.1956521739130435,1.3695652173913044,0.9782608695652174,1.6956521739130435,0.5869565217391305,0.32608695652173914,0.0,0.6521739130434783,48.148148148148145,39.473684210526315,18.42105263157895,0.8652,49.681528662420384,51.111111111111114,0.717391304347826,44.18604651162791,30.0,71.42857142857143
5641028,Hugo Guillamón,Hajduk Split,Midfielder,26.0,Spain,23.0,1377.0,0.0,0.0,11.0,3.0,1066.0,87.34,34.0,24.0,151.0,80.0,4.0,0.0,6.91,5.0,4.0,10.0,27.0,42.0,11.0,96.0,66.0,18.0,16.0,18.0,0.0,0.0,19.0,7.0,0.0,0.0,0.0,0.7189542483660131,0.19607843137254902,69.67320261437908,2.2222222222222223,1.5686274509803921,0.26143790849673204,0.32679738562091504,0.26143790849673204,0.6535947712418301,1.7647058823529411,2.7450980392156863,0.7189542483660131,6.2745098039215685,4.313725490196078,1.1764705882352942,1.0457516339869282,1.1764705882352942,0.0,1.2418300653594772,30.434782608695652,27.272727272727273,0.0,0.8734000000000001,52.980132450331126,59.869565217391305,0.0,80.0,26.19047619047619,68.75
24838178,Jakov-Anton Vasilj,Lokomotiva Zagreb,Midfielder,24.0,Croatia,25.0,1375.0,2.0,2.0,26.0,9.0,471.0,76.65,14.0,8.0,206.0,90.0,1.0,0.0,6.68,61.0,25.0,10.0,25.0,15.0,2.0,31.0,14.0,22.0,27.0,8.0,0.0,0.0,19.0,5.0,0.0,0.13090909090909092,0.13090909090909092,1.701818181818182,0.5890909090909091,30.829090909090908,0.9163636363636364,0.5236363636363637,0.06545454545454546,3.9927272727272727,1.6363636363636365,0.6545454545454545,1.6363636363636365,0.9818181818181818,0.13090909090909092,2.0290909090909093,0.9163636363636364,1.44,1.7672727272727273,0.5236363636363637,0.0,1.2436363636363637,20.0,34.61538461538461,7.6923076923076925,0.7665000000000001,43.689320388349515,55.0,0.26181818181818184,40.98360655737705,13.333333333333334,45.16129032258065
37535538,Luka Dajcer,Lokomotiva Zagreb,Defender,25.0,Croatia,23.0,1371.0,0.0,0.0,9.0,2.0,787.0,80.94,14.0,19.0,123.0,63.0,4.0,0.0,6.57,18.0,9.0,3.0,10.0,12.0,5.0,108.0,44.0,5.0,31.0,56.0,0.0,0.0,22.0,4.0,0.0,0.0,0.0,0.5908096280087527,0.13129102844638948,51.66301969365427,0.9190371991247265,1.2472647702407003,0.26258205689277897,1.1816192560175054,0.5908096280087527,0.19693654266958424,0.6564551422319475,0.787746170678337,0.3282275711159737,7.089715536105033,2.888402625820569,0.3282275711159737,2.035010940919037,3.676148796498906,0.0,1.4442013129102844,17.391304347826086,22.22222222222222,0.0,0.8094,51.21951219512195,59.608695652173914,0.0,50.0,41.666666666666664,40.74074074074074
23277919,Kerim Çalhanoğlu,Vukovar,Defender,23.0,Germany,22.0,1350.0,1.0,2.0,12.0,4.0,482.0,67.01,33.0,19.0,132.0,65.0,2.0,0.0,6.73,21.0,11.0,19.0,5.0,87.0,17.0,89.0,21.0,16.0,18.0,66.0,0.0,0.0,26.0,3.0,0.0,0.06666666666666667,0.13333333333333333,0.8,0.26666666666666666,32.13333333333333,2.2,1.2666666666666666,0.13333333333333333,1.4,0.7333333333333333,1.2666666666666666,0.3333333333333333,5.8,1.1333333333333333,5.933333333333334,1.4,1.0666666666666667,1.2,4.4,0.0,1.7333333333333334,13.636363636363637,33.333333333333336,8.333333333333334,0.6701,49.24242424242424,61.36363636363637,0.2,52.38095238095238,19.54022988505747,23.59550561797753
73976,Ivica Ivusic,Hajduk Split,Goalkeeper,31.0,Croatia,15.0,1350.0,0.0,0.0,0.0,0.0,410.0,74.88,1.0,1.0,4.0,4.0,1.0,0.0,6.72,1.0,1.0,0.0,2.0,0.0,0.0,192.0,90.0,0.0,1.0,13.0,21.0,15.0,16.0,8.0,0.0,0.0,0.0,0.0,0.0,27.333333333333332,0.06666666666666667,0.06666666666666667,0.06666666666666667,0.06666666666666667,0.06666666666666667,0.0,0.13333333333333333,0.0,0.0,12.8,6.0,0.0,0.06666666666666667,0.8666666666666667,1.4,1.0666666666666667,53.333333333333336,0.0,0.0,0.7487999999999999,100.0,90.0,0.0,100.0,0.0,46.875
37325018,Emin Hasic,Osijek,Defender,23.0,Sweden,20.0,1336.0,0.0,1.0,2.0,1.0,809.0,89.86,19.0,17.0,111.0,57.0,5.0,0.0,6.64,5.0,3.0,8.0,12.0,3.0,1.0,80.0,40.0,8.0,25.0,68.0,0.0,0.0,20.0,8.0,0.0,0.0,0.06736526946107785,0.1347305389221557,0.06736526946107785,54.49850299401198,1.279940119760479,1.1452095808383234,0.33682634730538924,0.33682634730538924,0.20209580838323354,0.5389221556886228,0.8083832335329342,0.20209580838323354,0.06736526946107785,5.389221556886228,2.694610778443114,0.5389221556886228,1.6841317365269461,4.580838323353293,0.0,1.347305389221557,40.0,50.0,0.0,0.8986,51.351351351351354,66.8,0.06736526946107785,60.0,33.333333333333336,50.0
34398,Roberto Puncec,Varaždin,Defender,34.0,Croatia,20.0,1332.0,0.0,0.0,0.0,0.0,508.0,86.22,20.0,22.0,103.0,55.0,6.0,0.0,6.72,0.0,0.0,6.0,6.0,0.0,0.0,68.0,27.0,1.0,29.0,88.0,0.0,0.0,13.0,6.0,0.0,0.0,0.0,0.0,0.0,34.32432432432432,1.3513513513513513,1.4864864864864864,0.40540540540540543,0.0,0.0,0.40540540540540543,0.40540540540540543,0.0,0.0,4.594594594594595,1.8243243243243243,0.06756756756756757,1.9594594594594594,5.945945945945946,0.0,0.8783783783783784,30.0,0.0,0.0,0.8622,53.398058252427184,66.6,0.0,0.0,0.0,39.705882352941174
37697289,Salim Fago Lawal,Istra 1961,Attacker,23.0,Nigeria,17.0,1328.0,5.0,2.0,31.0,11.0,264.0,71.21,16.0,5.0,200.0,76.0,0.0,0.0,6.86,50.0,18.0,12.0,22.0,40.0,8.0,8.0,5.0,8.0,21.0,20.0,0.0,0.0,18.0,3.0,0.0,0.338855421686747,0.1355421686746988,2.1009036144578315,0.7454819277108434,17.89156626506024,1.0843373493975903,0.338855421686747,0.0,3.38855421686747,1.2198795180722892,0.8132530120481928,1.4909638554216869,2.710843373493976,0.5421686746987951,0.5421686746987951,0.338855421686747,0.5421686746987951,1.4231927710843373,1.355421686746988,0.0,1.2198795180722892,17.647058823529413,35.483870967741936,16.129032258064516,0.7121,38.0,78.11764705882354,0.4743975903614458,36.0,20.0,62.5
133342,Lamine Ba,Varaždin,Defender,28.0,Mauritania,15.0,1311.0,0.0,0.0,5.0,3.0,648.0,85.34,19.0,22.0,102.0,52.0,4.0,0.0,6.83,10.0,8.0,3.0,6.0,1.0,0.0,83.0,34.0,2.0,20.0,89.0,0.0,0.0,20.0,3.0,0.0,0.0,0.0,0.34324942791762014,0.20594965675057209,44.48512585812357,1.3043478260869565,1.5102974828375286,0.2745995423340961,0.6864988558352403,0.5491990846681922,0.20594965675057209,0.41189931350114417,0.06864988558352403,0.0,5.697940503432494,2.334096109839817,0.13729977116704806,1.3729977116704806,6.109839816933638,0.0,1.3729977116704806,20.0,60.0,0.0,0.8534,50.98039215686274,87.4,0.0,80.0,0.0,40.963855421686745
37601089,Mohamed Nasraoui,Istra 1961,Defender,23.0,Tunisia,19.0,1307.0,0.0,1.0,5.0,0.0,593.0,80.78,39.0,36.0,146.0,97.0,4.0,0.0,6.95,11.0,8.0,8.0,13.0,12.0,2.0,75.0,31.0,7.0,41.0,77.0,0.0,0.0,19.0,2.0,0.0,0.0,0.06885998469778118,0.34429992348890587,0.0,40.833970925784236,2.685539403213466,2.4789594491201226,0.2754399387911247,0.7574598316755929,0.5508798775822494,0.5508798775822494,0.8951798010711554,0.8263198163733741,0.13771996939556236,5.164498852333589,2.1346595256312164,0.4820198928844682,2.8232593726090283,5.30221882172915,0.0,1.3083397092578424,10.526315789473685,0.0,0.0,0.8078,66.43835616438356,68.78947368421052,0.06885998469778118,72.72727272727273,16.666666666666668,41.333333333333336
37596437,Roko Brajkovic,Hajduk Split,Attacker,21.0,Croatia,21.0,1300.0,3.0,3.0,25.0,13.0,420.0,80.24,25.0,3.0,167.0,71.0,2.0,0.0,6.87,38.0,17.0,21.0,17.0,79.0,20.0,27.0,12.0,26.0,13.0,15.0,0.0,0.0,14.0,7.0,0.0,0.2076923076923077,0.2076923076923077,1.7307692307692308,0.9,29.076923076923077,1.7307692307692308,0.2076923076923077,0.13846153846153847,2.6307692307692307,1.176923076923077,1.4538461538461538,1.176923076923077,5.469230769230769,1.3846153846153846,1.8692307692307693,0.8307692307692308,1.8,0.9,1.0384615384615385,0.0,0.9692307692307692,33.333333333333336,52.0,12.0,0.8024,42.51497005988024,61.904761904761905,0.4153846153846154,44.73684210526316,25.31645569620253,44.44444444444444
37550498,Ron Raci,Hajduk Split,Defender,23.0,Kosovo,18.0,1300.0,0.0,0.0,11.0,0.0,751.0,91.34,34.0,18.0,125.0,70.0,4.0,0.0,6.84,15.0,13.0,15.0,11.0,2.0,1.0,84.0,49.0,3.0,14.0,60.0,0.0,0.0,13.0,9.0,0.0,0.0,0.0,0.7615384615384615,0.0,51.99230769230769,2.353846153846154,1.2461538461538462,0.27692307692307694,1.0384615384615385,0.9,1.0384615384615385,0.7615384615384615,0.13846153846153847,0.06923076923076923,5.815384615384615,3.3923076923076922,0.2076923076923077,0.9692307692307692,4.153846153846154,0.0,0.9,50.0,0.0,0.0,0.9134,56.0,72.22222222222223,0.0,86.66666666666667,50.0,58.333333333333336
37915521,Branimir Mlacic,Hajduk Split,Defender,19.0,,15.0,1284.0,0.0,1.0,5.0,1.0,771.0,91.96,17.0,12.0,104.0,61.0,2.0,0.0,6.9,5.0,3.0,5.0,6.0,0.0,0.0,47.0,18.0,4.0,35.0,75.0,0.0,0.0,15.0,6.0,0.0,0.0,0.07009345794392523,0.35046728971962615,0.07009345794392523,54.04205607476636,1.191588785046729,0.8411214953271028,0.14018691588785046,0.35046728971962615,0.2102803738317757,0.35046728971962615,0.4205607476635514,0.0,0.0,3.294392523364486,1.2616822429906542,0.2803738317757009,2.453271028037383,5.257009345794392,0.0,1.0514018691588785,40.0,20.0,0.0,0.9196,58.65384615384615,85.6,0.07009345794392523,60.0,0.0,38.297872340425535
37571435,Ante Suto,Slaven Koprivnica,Attacker,26.0,Australia,18.0,1260.0,4.0,6.0,24.0,9.0,222.0,69.82,31.0,8.0,198.0,80.0,5.0,0.0,6.85,26.0,9.0,11.0,18.0,15.0,2.0,16.0,8.0,18.0,24.0,9.0,0.0,0.0,22.0,2.0,0.0,0.2857142857142857,0.42857142857142855,1.7142857142857142,0.6428571428571429,15.857142857142858,2.2142857142857144,0.5714285714285714,0.35714285714285715,1.8571428571428572,0.6428571428571429,0.7857142857142857,1.2857142857142858,1.0714285714285714,0.14285714285714285,1.1428571428571428,0.5714285714285714,1.2857142857142858,1.7142857142857142,0.6428571428571429,0.0,1.5714285714285714,11.11111111111111,37.5,16.666666666666668,0.6981999999999999,40.4040404040404,70.0,0.7142857142857142,34.61538461538461,13.333333333333334,50.0
73721,Dominik Livakovic,Dinamo Zagreb,Goalkeeper,31.0,Croatia,14.0,1260.0,0.0,0.0,0.0,0.0,398.0,81.41,0.0,0.0,4.0,4.0,0.0,0.0,6.78,1.0,1.0,0.0,3.0,0.0,0.0,130.0,61.0,0.0,1.0,6.0,21.0,16.0,10.0,7.0,0.0,0.0,0.0,0.0,0.0,28.428571428571427,0.0,0.0,0.0,0.07142857142857142,0.07142857142857142,0.0,0.21428571428571427,0.0,0.0,9.285714285714286,4.357142857142857,0.0,0.07142857142857142,0.42857142857142855,1.5,0.7142857142857143,50.0,0.0,0.0,0.8140999999999999,100.0,90.0,0.0,100.0,0.0,46.92307692307692
460601,Vladan Bubanja,Osijek,Midfielder,27.0,Montenegro,17.0,1256.0,2.0,0.0,17.0,6.0,508.0,72.64,39.0,24.0,208.0,99.0,4.0,0.0,6.81,17.0,7.0,20.0,2.0,14.0,2.0,47.0,14.0,8.0,51.0,34.0,0.0,0.0,18.0,8.0,0.0,0.14331210191082802,0.0,1.2181528662420382,0.4299363057324841,36.40127388535032,2.7945859872611467,1.7197452229299364,0.28662420382165604,1.2181528662420382,0.5015923566878981,1.4331210191082802,0.14331210191082802,1.0031847133757963,0.14331210191082802,3.3678343949044587,1.0031847133757963,0.5732484076433121,3.6544585987261144,2.4363057324840764,0.0,1.2898089171974523,47.05882352941177,35.294117647058826,11.764705882352942,0.7264,47.59615384615385,73.88235294117646,0.14331210191082802,41.1764705882353,14.285714285714286,29.78723404255319
412433,Bruno Bogojevic,Gorica,Attacker,28.0,Croatia,16.0,1255.0,4.0,3.0,23.0,14.0,239.0,70.71,13.0,11.0,122.0,52.0,2.0,0.0,6.89,39.0,14.0,11.0,13.0,22.0,8.0,22.0,6.0,16.0,12.0,21.0,0.0,0.0,15.0,6.0,0.0,0.2868525896414343,0.2151394422310757,1.649402390438247,1.00398406374502,17.139442231075698,0.9322709163346613,0.7888446215139442,0.14342629482071714,2.7968127490039842,1.00398406374502,0.7888446215139442,0.9322709163346613,1.5776892430278884,0.5737051792828686,1.5776892430278884,0.4302788844621514,1.1474103585657371,0.8605577689243028,1.5059760956175299,0.0,1.0756972111553784,37.5,60.869565217391305,17.391304347826086,0.7071,42.622950819672134,78.4375,0.50199203187251,35.8974358974359,36.36363636363637,27.272727272727273
34481476,Roko Jurisic,Osijek,Defender,24.0,Croatia,19.0,1229.0,0.0,2.0,7.0,3.0,679.0,84.68,26.0,12.0,110.0,67.0,3.0,0.0,6.77,17.0,8.0,7.0,16.0,21.0,0.0,50.0,20.0,10.0,19.0,38.0,0.0,0.0,16.0,8.0,0.0,0.0,0.14646053702196907,0.5126118795768918,0.21969080553295361,49.723352318958504,1.903986981285598,0.8787632221318145,0.21969080553295361,1.2449145646867372,0.5858421480878763,0.5126118795768918,1.1716842961757525,1.5378356387306753,0.0,3.661513425549227,1.4646053702196908,0.7323026851098454,1.3913751017087064,2.7827502034174127,0.0,1.1716842961757525,42.10526315789474,42.857142857142854,0.0,0.8468000000000001,60.90909090909091,64.6842105263158,0.14646053702196907,47.05882352941177,0.0,40.0
74016,Alen Jurilj,Vukovar,Attacker,30.0,Bosnia and Herzegovina,20.0,1222.0,2.0,1.0,11.0,6.0,223.0,65.92,10.0,5.0,98.0,44.0,3.0,0.0,6.64,22.0,11.0,4.0,13.0,32.0,9.0,20.0,7.0,13.0,10.0,10.0,0.0,0.0,23.0,3.0,0.0,0.14729950900163666,0.07364975450081833,0.8101472995090017,0.44189852700491,16.42389525368249,0.7364975450081833,0.36824877250409166,0.220949263502455,1.6202945990180033,0.8101472995090017,0.2945990180032733,0.9574468085106383,2.3567921440261865,0.662847790507365,1.4729950900163666,0.5155482815057283,0.9574468085106383,0.7364975450081833,0.7364975450081833,0.0,1.6939443535188217,15.0,54.54545454545455,18.181818181818183,0.6592,44.89795918367347,61.1,0.22094926350245497,50.0,28.125,35.0
37745418,Luka Vrzic,Gorica,Attacker,19.0,,29.0,1209.0,1.0,0.0,27.0,8.0,390.0,75.9,29.0,11.0,136.0,60.0,2.0,0.0,6.65,35.0,14.0,17.0,14.0,30.0,7.0,34.0,15.0,17.0,5.0,21.0,0.0,0.0,23.0,6.0,0.0,0.07444168734491315,0.0,2.009925558312655,0.5955334987593052,29.032258064516128,2.1588089330024816,0.8188585607940446,0.1488833746898263,2.6054590570719602,1.0421836228287842,1.2655086848635235,1.0421836228287842,2.2332506203473947,0.5210918114143921,2.531017369727047,1.1166253101736974,1.2655086848635235,0.37220843672456577,1.5632754342431763,0.0,1.7121588089330024,20.689655172413794,29.62962962962963,3.7037037037037037,0.759,44.11764705882353,41.689655172413794,0.07444168734491315,40.0,23.333333333333332,44.11764705882353
37571660,Simun Mikolcic,Osijek,Midfielder,22.0,Croatia,27.0,1208.0,3.0,2.0,23.0,5.0,416.0,78.37,13.0,13.0,108.0,52.0,4.0,0.0,6.73,14.0,9.0,8.0,24.0,40.0,8.0,60.0,32.0,15.0,8.0,16.0,0.0,0.0,18.0,12.0,0.0,0.22350993377483444,0.1490066225165563,1.7135761589403973,0.37251655629139074,30.99337748344371,0.9685430463576159,0.9685430463576159,0.2980132450331126,1.0430463576158941,0.6705298013245033,0.5960264900662252,1.7880794701986755,2.980132450331126,0.5960264900662252,4.470198675496689,2.384105960264901,1.1175496688741722,0.5960264900662252,1.1920529801324504,0.0,1.3410596026490067,44.44444444444444,21.73913043478261,13.043478260869565,0.7837000000000001,48.148148148148145,44.74074074074074,0.37251655629139074,64.28571428571429,20.0,53.333333333333336
37550997,Moreno Zivkovic,Vukovar,Defender,22.0,Croatia,14.0,1199.0,0.0,1.0,1.0,0.0,483.0,84.27,21.0,19.0,110.0,65.0,4.0,0.0,6.5,9.0,5.0,4.0,24.0,3.0,2.0,46.0,15.0,1.0,17.0,56.0,0.0,0.0,28.0,2.0,0.0,0.0,0.0750625521267723,0.0750625521267723,0.0,36.25521267723103,1.5763135946622184,1.426188490408674,0.3002502085070892,0.6755629691409508,0.37531276063386154,0.3002502085070892,1.8015012510425354,0.22518765638031693,0.1501251042535446,3.4528773978315264,1.1259382819015846,0.0750625521267723,1.2760633861551294,4.2035029190992494,0.0,2.1017514595496247,14.285714285714286,0.0,0.0,0.8427,59.09090909090909,85.64285714285714,0.0750625521267723,55.55555555555556,66.66666666666667,32.608695652173914
74071,Ivan Nevistic,Dinamo Zagreb,Goalkeeper,27.0,Croatia,13.0,1170.0,0.0,0.0,0.0,0.0,391.0,72.89,0.0,0.0,4.0,3.0,0.0,0.0,6.73,1.0,1.0,0.0,1.0,0.0,0.0,152.0,49.0,0.0,1.0,7.0,28.0,15.0,12.0,5.0,0.0,0.0,0.0,0.0,0.0,30.076923076923077,0.0,0.0,0.0,0.07692307692307693,0.07692307692307693,0.0,0.07692307692307693,0.0,0.0,11.692307692307692,3.769230769230769,0.0,0.07692307692307693,0.5384615384615384,2.1538461538461537,0.9230769230769231,38.46153846153846,0.0,0.0,0.7289,75.0,90.0,0.0,100.0,0.0,32.23684210526316
24837955,Styopa Mkrtchyan,Osijek,Defender,23.0,Armenia,17.0,1167.0,0.0,1.0,3.0,0.0,657.0,83.71,17.0,10.0,127.0,70.0,3.0,0.0,6.77,4.0,4.0,5.0,16.0,0.0,0.0,107.0,46.0,3.0,34.0,59.0,0.0,0.0,19.0,5.0,0.0,0.0,0.07712082262210797,0.23136246786632392,0.0,50.66838046272493,1.3110539845758356,0.7712082262210797,0.23136246786632392,0.30848329048843187,0.30848329048843187,0.3856041131105398,1.2339331619537275,0.0,0.0,8.251928020565552,3.5475578406169666,0.23136246786632392,2.622107969151671,4.5501285347043705,0.0,1.4652956298200515,29.41176470588235,0.0,0.0,0.8371,55.118110236220474,68.6470588235294,0.07712082262210797,100.0,0.0,42.99065420560748
37551107,Leon Belcar,Lokomotiva Zagreb,Midfielder,24.0,Croatia,16.0,1163.0,1.0,1.0,20.0,5.0,465.0,82.37,26.0,18.0,139.0,65.0,5.0,0.0,6.73,15.0,4.0,10.0,24.0,18.0,4.0,65.0,36.0,12.0,11.0,19.0,0.0,0.0,16.0,4.0,0.0,0.07738607050730868,0.07738607050730868,1.5477214101461736,0.3869303525365434,35.98452278589854,2.0120378331900257,1.3929492691315564,0.3869303525365434,1.1607910576096303,0.30954428202923473,0.7738607050730868,1.8572656921754085,1.3929492691315564,0.30954428202923473,5.030094582975065,2.7858985382631127,0.9286328460877042,0.8512467755803955,1.470335339638865,0.0,1.238177128116939,25.0,25.0,5.0,0.8237000000000001,46.76258992805755,72.6875,0.15477214101461736,26.666666666666668,22.22222222222222,55.38461538461539
37600577,Fabijan Krivak,Lokomotiva Zagreb,Midfielder,21.0,Croatia,17.0,1162.0,3.0,1.0,19.0,8.0,261.0,79.31,14.0,8.0,150.0,70.0,0.0,0.0,6.84,42.0,21.0,9.0,25.0,21.0,3.0,23.0,16.0,19.0,11.0,5.0,0.0,0.0,22.0,2.0,0.0,0.23235800344234078,0.0774526678141136,1.4716006884681583,0.6196213425129088,20.21514629948365,1.0843373493975903,0.6196213425129088,0.0,3.253012048192771,1.6265060240963856,0.6970740103270223,1.93631669535284,1.6265060240963856,0.23235800344234078,1.7814113597246128,1.2392426850258176,1.4716006884681583,0.8519793459552496,0.387263339070568,0.0,1.7039586919104992,11.764705882352942,42.10526315789474,15.789473684210526,0.7931,46.666666666666664,68.3529411764706,0.3098106712564544,50.0,14.285714285714286,69.56521739130434
37356259,Michael Agbekpornu,Slaven Koprivnica,Midfielder,27.0,Ghana,17.0,1146.0,1.0,1.0,5.0,2.0,561.0,82.89,35.0,17.0,183.0,89.0,6.0,0.0,6.78,17.0,10.0,9.0,11.0,1.0,0.0,46.0,31.0,8.0,34.0,23.0,0.0,0.0,17.0,2.0,0.0,0.07853403141361257,0.07853403141361257,0.39267015706806285,0.15706806282722513,44.05759162303665,2.74869109947644,1.3350785340314135,0.4712041884816754,1.3350785340314135,0.7853403141361257,0.7068062827225131,0.8638743455497382,0.07853403141361257,0.0,3.612565445026178,2.4345549738219896,0.6282722513089005,2.670157068062827,1.806282722513089,0.0,1.3350785340314135,11.764705882352942,40.0,20.0,0.8289,48.63387978142077,67.41176470588235,0.15706806282722513,58.8235294117647,0.0,67.3913043478261
31255596,Alfonso Daniel Barco del Solar,Rijeka,Midfielder,24.0,Peru,15.0,1131.0,0.0,0.0,8.0,0.0,606.0,86.3,18.0,13.0,117.0,45.0,6.0,0.0,6.54,4.0,1.0,14.0,12.0,8.0,2.0,64.0,33.0,4.0,14.0,22.0,0.0,0.0,11.0,7.0,0.0,0.0,0.0,0.636604774535809,0.0,48.222811671087534,1.4323607427055702,1.0344827586206897,0.47745358090185674,0.3183023872679045,0.07957559681697612,1.1140583554376657,0.9549071618037135,0.636604774535809,0.15915119363395225,5.092838196286472,2.625994694960212,0.3183023872679045,1.1140583554376657,1.7506631299734747,0.0,0.8753315649867374,46.666666666666664,0.0,0.0,0.863,38.46153846153846,75.4,0.0,25.0,25.0,51.5625
37533537,Novak Tepsic,Varaždin,Defender,24.0,Croatia,22.0,1126.0,0.0,1.0,4.0,1.0,494.0,80.77,35.0,7.0,114.0,71.0,2.0,0.0,6.76,6.0,4.0,5.0,8.0,11.0,3.0,74.0,32.0,4.0,24.0,62.0,0.0,0.0,11.0,7.0,0.0,0.0,0.07992895204262877,0.3197158081705151,0.07992895204262877,39.48490230905861,2.797513321492007,0.5595026642984015,0.15985790408525755,0.47957371225577267,0.3197158081705151,0.3996447602131439,0.6394316163410302,0.8792184724689165,0.23978685612788633,5.914742451154529,2.5577264653641207,0.3197158081705151,1.9182948490230907,4.9555950266429845,0.0,0.8792184724689165,31.818181818181817,25.0,0.0,0.8077,62.280701754385966,51.18181818181818,0.07992895204262877,66.66666666666667,27.272727272727273,43.24324324324324
37717672,Ivan Katic ,Lokomotiva Zagreb,Midfielder,20.0,Croatia,20.0,1120.0,0.0,0.0,12.0,1.0,467.0,79.23,20.0,7.0,137.0,64.0,8.0,0.0,6.51,31.0,13.0,11.0,25.0,5.0,1.0,43.0,29.0,5.0,8.0,21.0,0.0,0.0,20.0,3.0,0.0,0.0,0.0,0.9642857142857143,0.08035714285714286,37.526785714285715,1.6071428571428572,0.5625,0.6428571428571429,2.4910714285714284,1.0446428571428572,0.8839285714285714,2.0089285714285716,0.4017857142857143,0.08035714285714286,3.455357142857143,2.330357142857143,0.4017857142857143,0.6428571428571429,1.6875,0.0,1.6071428571428572,15.0,8.333333333333334,0.0,0.7923,46.715328467153284,56.0,0.0,41.935483870967744,20.0,67.44186046511628
37356247,Ognjen Bakic,Gorica,Midfielder,23.0,Montenegro,24.0,1110.0,1.0,1.0,15.0,6.0,342.0,79.53,24.0,13.0,124.0,53.0,6.0,0.0,6.64,17.0,10.0,14.0,11.0,13.0,4.0,35.0,21.0,11.0,8.0,20.0,0.0,0.0,14.0,7.0,0.0,0.08108108108108109,0.08108108108108109,1.2162162162162162,0.4864864864864865,27.72972972972973,1.945945945945946,1.054054054054054,0.4864864864864865,1.3783783783783783,0.8108108108108109,1.135135135135135,0.8918918918918919,1.054054054054054,0.32432432432432434,2.8378378378378377,1.7027027027027026,0.8918918918918919,0.6486486486486487,1.6216216216216217,0.0,1.135135135135135,29.166666666666668,40.0,6.666666666666667,0.7953,42.74193548387097,46.25,0.16216216216216217,58.8235294117647,30.76923076923077,60.0
37594485,Ante Matej Juric,Rijeka,Attacker,23.0,Croatia,26.0,1106.0,4.0,1.0,47.0,15.0,184.0,65.22,9.0,10.0,174.0,73.0,4.0,0.0,6.83,14.0,8.0,3.0,14.0,14.0,5.0,12.0,3.0,17.0,42.0,19.0,0.0,0.0,15.0,11.0,0.0,0.325497287522604,0.081374321880651,3.824593128390597,1.2206148282097649,14.972875226039783,0.7323688969258589,0.8137432188065099,0.325497287522604,1.139240506329114,0.650994575045208,0.244122965641953,1.139240506329114,1.139240506329114,0.40687160940325495,0.976491862567812,0.244122965641953,1.383363471971067,3.4177215189873418,1.546112115732369,0.0,1.2206148282097649,42.30769230769231,31.914893617021278,8.51063829787234,0.6522,41.95402298850575,42.53846153846154,0.40687160940325495,57.142857142857146,35.714285714285715,25.0
530693,Hrvoje Babec,Osijek,Midfielder,26.0,Croatia,15.0,1095.0,1.0,1.0,12.0,3.0,688.0,82.85,21.0,13.0,111.0,54.0,2.0,0.0,6.82,4.0,2.0,11.0,6.0,2.0,0.0,82.0,42.0,5.0,26.0,34.0,0.0,0.0,21.0,5.0,0.0,0.0821917808219178,0.0821917808219178,0.9863013698630136,0.2465753424657534,56.54794520547945,1.726027397260274,1.0684931506849316,0.1643835616438356,0.3287671232876712,0.1643835616438356,0.9041095890410958,0.4931506849315068,0.1643835616438356,0.0,6.739726027397261,3.452054794520548,0.410958904109589,2.136986301369863,2.7945205479452055,0.0,1.726027397260274,33.333333333333336,25.0,8.333333333333334,0.8284999999999999,48.648648648648646,73.0,0.1643835616438356,50.0,0.0,51.21951219512195
37667026,Igor Lepinjica,Slaven Koprivnica,Attacker,26.0,Croatia,27.0,1073.0,1.0,0.0,16.0,3.0,247.0,72.47,11.0,2.0,143.0,52.0,2.0,0.0,6.5,26.0,10.0,5.0,16.0,9.0,0.0,12.0,6.0,11.0,17.0,10.0,0.0,0.0,26.0,4.0,0.0,0.08387698042870456,0.0,1.342031686859273,0.2516309412861137,20.717614165890026,0.9226467847157502,0.16775396085740912,0.16775396085740912,2.180801491146319,0.8387698042870456,0.4193849021435228,1.342031686859273,0.7548928238583411,0.0,1.0065237651444547,0.5032618825722274,0.9226467847157502,1.4259086672879777,0.8387698042870456,0.0,2.180801491146319,14.814814814814815,18.75,6.25,0.7247,36.36363636363637,39.74074074074074,0.08387698042870456,38.46153846153846,0.0,50.0
73159,Ante Erceg,Gorica,Attacker,36.0,Croatia,20.0,1035.0,6.0,0.0,36.0,14.0,348.0,77.87,13.0,2.0,143.0,56.0,3.0,0.0,6.85,22.0,11.0,12.0,15.0,12.0,1.0,10.0,6.0,4.0,18.0,9.0,0.0,0.0,13.0,5.0,0.0,0.5217391304347826,0.0,3.130434782608696,1.2173913043478262,30.26086956521739,1.1304347826086956,0.17391304347826086,0.2608695652173913,1.9130434782608696,0.9565217391304348,1.0434782608695652,1.3043478260869565,1.0434782608695652,0.08695652173913043,0.8695652173913043,0.5217391304347826,0.34782608695652173,1.565217391304348,0.782608695652174,0.0,1.1304347826086956,25.0,38.888888888888886,16.666666666666668,0.7787000000000001,39.16083916083916,51.75,0.5217391304347826,50.0,8.333333333333334,60.0
37596440,Antonio Jakir,Slaven Koprivnica,Defender,23.0,Croatia,20.0,1033.0,0.0,0.0,7.0,2.0,391.0,75.96,27.0,16.0,121.0,67.0,3.0,0.0,6.66,9.0,4.0,9.0,18.0,53.0,17.0,65.0,25.0,9.0,19.0,40.0,0.0,0.0,18.0,4.0,0.0,0.0,0.0,0.6098741529525653,0.17424975798644723,34.06582768635044,2.352371732817038,1.3939980638915779,0.26137463697967084,0.7841239109390126,0.34849951597289447,0.7841239109390126,1.5682478218780251,4.617618586640852,1.4811229428848016,5.663117134559536,2.1781219748305904,0.7841239109390126,1.6553727008712489,3.484995159728945,0.0,1.5682478218780251,20.0,28.571428571428573,0.0,0.7595999999999999,55.37190082644628,51.65,0.0,44.44444444444444,32.075471698113205,38.46153846153846
37600592,Luka Vrbancic,Osijek,Midfielder,21.0,Croatia,18.0,1033.0,0.0,0.0,13.0,1.0,570.0,80.88,35.0,8.0,159.0,82.0,3.0,0.0,6.72,24.0,11.0,16.0,33.0,12.0,0.0,61.0,29.0,15.0,4.0,18.0,0.0,0.0,10.0,8.0,0.0,0.0,0.0,1.132623426911907,0.08712487899322362,49.66118102613746,3.0493707647628265,0.6969990319457889,0.26137463697967084,2.0909970958373667,0.9583736689254598,1.3939980638915779,2.8751210067763795,1.0454985479186834,0.0,5.314617618586641,2.526621490803485,1.3068731848983544,0.34849951597289447,1.5682478218780251,0.0,0.8712487899322362,44.44444444444444,7.6923076923076925,0.0,0.8088,51.57232704402516,57.388888888888886,0.0,45.833333333333336,0.0,47.540983606557376
37600585,Filip Mažar,Slaven Koprivnica,Midfielder,21.0,Croatia,14.0,1016.0,1.0,0.0,12.0,4.0,346.0,84.68,20.0,10.0,141.0,70.0,1.0,0.0,6.69,36.0,18.0,8.0,25.0,4.0,0.0,27.0,18.0,8.0,8.0,10.0,0.0,0.0,19.0,3.0,0.0,0.08858267716535433,0.0,1.062992125984252,0.3543307086614173,30.6496062992126,1.7716535433070866,0.8858267716535433,0.08858267716535433,3.188976377952756,1.594488188976378,0.7086614173228346,2.2145669291338583,0.3543307086614173,0.0,2.391732283464567,1.594488188976378,0.7086614173228346,0.7086614173228346,0.8858267716535433,0.0,1.6830708661417322,21.428571428571427,33.333333333333336,8.333333333333334,0.8468000000000001,49.645390070921984,72.57142857142857,0.08858267716535433,50.0,0.0,66.66666666666667
37668568,Filip Taraba,Istra 1961,Defender,20.0,Bosnia and Herzegovina,22.0,1013.0,0.0,0.0,0.0,0.0,596.0,83.89,30.0,10.0,103.0,55.0,1.0,0.0,6.62,8.0,4.0,8.0,7.0,13.0,2.0,75.0,28.0,3.0,15.0,59.0,0.0,0.0,14.0,4.0,0.0,0.0,0.0,0.0,0.0,52.95162882527147,2.665350444225074,0.8884501480750246,0.08884501480750247,0.7107601184600197,0.35538005923000987,0.7107601184600197,0.6219151036525172,1.154985192497532,0.17769002961500494,6.663376110562685,2.487660414610069,0.2665350444225074,1.332675222112537,5.2418558736426455,0.0,1.2438302073050345,18.181818181818183,0.0,0.0,0.8389,53.398058252427184,46.04545454545455,0.0,50.0,15.384615384615385,37.333333333333336
1452457,Dejan Ljubicic,Dinamo Zagreb,Midfielder,28.0,Austria,15.0,1008.0,0.0,3.0,16.0,6.0,398.0,85.68,12.0,2.0,62.0,20.0,1.0,0.0,6.83,7.0,3.0,12.0,4.0,8.0,3.0,22.0,13.0,26.0,5.0,6.0,0.0,0.0,8.0,7.0,0.0,0.0,0.26785714285714285,1.4285714285714286,0.5357142857142857,35.535714285714285,1.0714285714285714,0.17857142857142858,0.08928571428571429,0.625,0.26785714285714285,1.0714285714285714,0.35714285714285715,0.7142857142857143,0.26785714285714285,1.9642857142857142,1.1607142857142858,2.3214285714285716,0.44642857142857145,0.5357142857142857,0.0,0.7142857142857143,46.666666666666664,37.5,0.0,0.8568000000000001,32.25806451612903,67.2,0.26785714285714285,42.857142857142854,37.5,59.09090909090909
37688968,Anton Matkovic,Osijek,Attacker,20.0,Croatia,17.0,996.0,1.0,1.0,14.0,6.0,151.0,64.24,11.0,3.0,149.0,67.0,1.0,0.0,6.65,15.0,6.0,7.0,24.0,8.0,0.0,8.0,4.0,9.0,26.0,9.0,0.0,0.0,22.0,6.0,0.0,0.09036144578313253,0.09036144578313253,1.2650602409638554,0.5421686746987951,13.644578313253012,0.9939759036144579,0.2710843373493976,0.09036144578313253,1.355421686746988,0.5421686746987951,0.6325301204819277,2.1686746987951806,0.7228915662650602,0.0,0.7228915662650602,0.3614457831325301,0.8132530120481928,2.3493975903614457,0.8132530120481928,0.0,1.9879518072289157,35.294117647058826,42.857142857142854,7.142857142857143,0.6424,44.966442953020135,58.588235294117645,0.18072289156626506,40.0,0.0,50.0
37632412,Samuel Akere,Osijek,Attacker,22.0,Nigeria,18.0,980.0,3.0,0.0,25.0,9.0,200.0,80.5,24.0,8.0,142.0,74.0,2.0,0.0,6.8,36.0,16.0,7.0,29.0,15.0,4.0,7.0,2.0,13.0,5.0,14.0,0.0,0.0,14.0,9.0,0.0,0.2755102040816326,0.0,2.295918367346939,0.826530612244898,18.367346938775512,2.204081632653061,0.7346938775510204,0.1836734693877551,3.306122448979592,1.469387755102041,0.6428571428571429,2.663265306122449,1.3775510204081634,0.3673469387755102,0.6428571428571429,0.1836734693877551,1.1938775510204083,0.45918367346938777,1.2857142857142858,0.0,1.2857142857142858,50.0,36.0,12.0,0.805,52.11267605633803,54.44444444444444,0.2755102040816326,44.44444444444444,26.666666666666668,28.571428571428573
100190,Ismaël Bennacer,Dinamo Zagreb,Midfielder,28.0,Algeria,17.0,956.0,1.0,2.0,8.0,4.0,670.0,89.25,27.0,11.0,147.0,89.0,2.0,0.0,7.13,37.0,23.0,5.0,33.0,52.0,16.0,49.0,33.0,18.0,8.0,3.0,0.0,0.0,12.0,6.0,0.0,0.09414225941422594,0.18828451882845187,0.7531380753138075,0.37656903765690375,63.07531380753138,2.5418410041841004,1.0355648535564854,0.18828451882845187,3.48326359832636,2.1652719665271967,0.4707112970711297,3.1066945606694563,4.895397489539749,1.506276150627615,4.612970711297071,3.1066945606694563,1.6945606694560669,0.7531380753138075,0.2824267782426778,0.0,1.1297071129707112,35.294117647058826,50.0,12.5,0.8925,60.54421768707483,56.23529411764706,0.2824267782426778,62.16216216216216,30.76923076923077,67.34693877551021
37724444,Luka Hodak,Hajduk Split,Defender,20.0,Croatia,16.0,956.0,0.0,0.0,6.0,1.0,461.0,86.77,27.0,18.0,105.0,51.0,3.0,0.0,6.51,13.0,3.0,11.0,5.0,5.0,1.0,27.0,11.0,2.0,16.0,22.0,0.0,0.0,16.0,6.0,0.0,0.0,0.0,0.5648535564853556,0.09414225941422594,43.39958158995816,2.5418410041841004,1.6945606694560669,0.2824267782426778,1.2238493723849373,0.2824267782426778,1.0355648535564854,0.4707112970711297,0.4707112970711297,0.09414225941422594,2.5418410041841004,1.0355648535564854,0.18828451882845187,1.506276150627615,2.071129707112971,0.0,1.506276150627615,37.5,16.666666666666668,0.0,0.8676999999999999,48.57142857142857,59.75,0.0,23.076923076923077,20.0,40.74074074074074
37748224,Simun Butic,Vukovar,Attacker,20.0,,16.0,954.0,1.0,2.0,18.0,5.0,130.0,68.46,9.0,2.0,70.0,26.0,2.0,0.0,6.45,23.0,9.0,4.0,4.0,24.0,8.0,10.0,4.0,8.0,5.0,10.0,0.0,0.0,25.0,2.0,0.0,0.09433962264150944,0.18867924528301888,1.6981132075471699,0.4716981132075472,12.264150943396226,0.8490566037735849,0.18867924528301888,0.18867924528301888,2.169811320754717,0.8490566037735849,0.37735849056603776,0.37735849056603776,2.2641509433962264,0.7547169811320755,0.9433962264150944,0.37735849056603776,0.7547169811320755,0.4716981132075472,0.9433962264150944,0.0,2.358490566037736,12.5,27.77777777777778,5.555555555555555,0.6846,37.142857142857146,59.625,0.28301886792452835,39.130434782608695,33.333333333333336,40.0
72857,Duje Cop,Rijeka,Attacker,36.0,Croatia,25.0,951.0,2.0,0.0,27.0,6.0,179.0,70.95,7.0,6.0,100.0,35.0,2.0,0.0,6.57,9.0,3.0,2.0,8.0,4.0,0.0,6.0,3.0,6.0,18.0,12.0,0.0,0.0,11.0,10.0,0.0,0.1892744479495268,0.0,2.555205047318612,0.5678233438485805,16.94006309148265,0.6624605678233438,0.5678233438485805,0.1892744479495268,0.8517350157728707,0.28391167192429023,0.1892744479495268,0.7570977917981072,0.3785488958990536,0.0,0.5678233438485805,0.28391167192429023,0.5678233438485805,1.7034700315457414,1.135646687697161,0.0,1.0410094637223974,40.0,22.22222222222222,7.407407407407407,0.7095,35.0,38.04,0.1892744479495268,33.333333333333336,0.0,50.0
37708547,Mirko Susak,Lokomotiva Zagreb,Attacker,22.0,Croatia,25.0,924.0,3.0,1.0,18.0,7.0,160.0,74.38,20.0,5.0,82.0,37.0,2.0,0.0,6.65,15.0,4.0,4.0,4.0,8.0,1.0,8.0,5.0,5.0,9.0,6.0,0.0,0.0,14.0,5.0,0.0,0.2922077922077922,0.09740259740259741,1.7532467532467533,0.6818181818181818,15.584415584415584,1.948051948051948,0.487012987012987,0.19480519480519481,1.4610389610389611,0.38961038961038963,0.38961038961038963,0.38961038961038963,0.7792207792207793,0.09740259740259741,0.7792207792207793,0.487012987012987,0.487012987012987,0.8766233766233766,0.5844155844155844,0.0,1.3636363636363635,20.0,38.888888888888886,16.666666666666668,0.7437999999999999,45.1219512195122,36.96,0.38961038961038963,26.666666666666668,12.5,62.5
462000,Merveil Ndockyt,Rijeka,Midfielder,27.0,Republic of the Congo,21.0,912.0,3.0,0.0,16.0,6.0,282.0,78.01,26.0,5.0,126.0,61.0,1.0,0.0,6.73,20.0,10.0,11.0,18.0,12.0,1.0,20.0,12.0,16.0,8.0,7.0,0.0,0.0,11.0,10.0,0.0,0.29605263157894735,0.0,1.5789473684210527,0.5921052631578947,27.82894736842105,2.5657894736842106,0.4934210526315789,0.09868421052631579,1.9736842105263157,0.9868421052631579,1.0855263157894737,1.7763157894736843,1.1842105263157894,0.09868421052631579,1.9736842105263157,1.1842105263157894,1.5789473684210527,0.7894736842105263,0.6907894736842105,0.0,1.0855263157894737,47.61904761904762,37.5,18.75,0.7801,48.41269841269841,43.42857142857143,0.29605263157894735,50.0,8.333333333333334,60.0
26336984,Niko Jankovic,Rijeka,Midfielder,24.0,Croatia,13.0,909.0,0.0,1.0,25.0,6.0,300.0,80.0,17.0,3.0,93.0,54.0,2.0,0.0,7.12,18.0,9.0,6.0,17.0,73.0,24.0,27.0,16.0,28.0,14.0,9.0,0.0,0.0,10.0,4.0,0.0,0.0,0.09900990099009901,2.4752475247524752,0.594059405940594,29.702970297029704,1.683168316831683,0.297029702970297,0.19801980198019803,1.7821782178217822,0.8910891089108911,0.594059405940594,1.683168316831683,7.227722772277228,2.376237623762376,2.6732673267326734,1.5841584158415842,2.772277227722772,1.386138613861386,0.8910891089108911,0.0,0.9900990099009901,30.76923076923077,24.0,0.0,0.8,58.064516129032256,69.92307692307692,0.09900990099009901,50.0,32.87671232876713,59.25925925925926
73932,Fran Karacic,Hajduk Split,Defender,30.0,Australia,11.0,908.0,1.0,1.0,7.0,2.0,301.0,74.09,21.0,12.0,80.0,40.0,1.0,0.0,6.71,8.0,4.0,6.0,6.0,37.0,9.0,65.0,24.0,8.0,13.0,38.0,0.0,0.0,12.0,5.0,0.0,0.09911894273127753,0.09911894273127753,0.6938325991189427,0.19823788546255505,29.834801762114537,2.0814977973568283,1.1894273127753303,0.09911894273127753,0.7929515418502202,0.3964757709251101,0.5947136563876652,0.5947136563876652,3.6674008810572687,0.8920704845814978,6.442731277533039,2.3788546255506606,0.7929515418502202,1.2885462555066078,3.7665198237885464,0.0,1.1894273127753303,45.45454545454545,28.571428571428573,14.285714285714286,0.7409,50.0,82.54545454545455,0.19823788546255505,50.0,24.324324324324323,36.92307692307692
56643,Dario Melnjak,Hajduk Split,Defender,33.0,Croatia,22.0,907.0,0.0,2.0,14.0,5.0,465.0,76.99,16.0,9.0,74.0,42.0,0.0,0.0,6.78,5.0,2.0,8.0,5.0,37.0,15.0,57.0,27.0,17.0,19.0,32.0,0.0,0.0,8.0,8.0,0.0,0.0,0.19845644983461963,1.3891951488423373,0.4961411245865491,46.14112458654906,1.587651598676957,0.8930540242557883,0.0,0.4961411245865491,0.19845644983461963,0.7938257993384785,0.4961411245865491,3.671444321940463,1.4884233737596473,5.656008820286659,2.679162072767365,1.6868798235942668,1.8853362734288865,3.175303197353914,0.0,0.7938257993384785,36.36363636363637,35.714285714285715,0.0,0.7698999999999999,56.75675675675676,41.22727272727273,0.19845644983461963,40.0,40.54054054054054,47.36842105263158
5270348,Jon Mersinaj,Osijek,Defender,27.0,Albania,18.0,900.0,0.0,0.0,1.0,0.0,491.0,86.35,16.0,12.0,88.0,54.0,3.0,0.0,6.6,1.0,1.0,3.0,13.0,0.0,0.0,54.0,20.0,3.0,24.0,70.0,0.0,0.0,20.0,9.0,0.0,0.0,0.0,0.1,0.0,49.1,1.6,1.2,0.3,0.1,0.1,0.3,1.3,0.0,0.0,5.4,2.0,0.3,2.4,7.0,0.0,2.0,50.0,0.0,0.0,0.8634999999999999,61.36363636363637,50.0,0.0,100.0,0.0,37.03703703703704
455998,Mihail Caimacov,Slaven Koprivnica,Midfielder,27.0,Moldova,15.0,887.0,1.0,0.0,5.0,3.0,378.0,82.01,21.0,16.0,114.0,63.0,4.0,0.0,6.76,15.0,9.0,8.0,23.0,9.0,4.0,31.0,17.0,7.0,11.0,18.0,0.0,0.0,15.0,2.0,0.0,0.10146561443066517,0.0,0.5073280721533259,0.3043968432919955,38.35400225479143,2.1307779030439686,1.6234498308906427,0.40586245772266066,1.5219842164599775,0.9131905298759865,0.8117249154453213,2.333709131905299,0.9131905298759865,0.40586245772266066,3.14543404735062,1.7249154453213078,0.7102593010146562,1.116121758737317,1.826381059751973,0.0,1.5219842164599775,13.333333333333334,60.0,20.0,0.8201,55.26315789473684,59.13333333333333,0.10146561443066517,60.0,44.44444444444444,54.83870967741935
73943,Vinko Medjimorec,Slaven Koprivnica,Defender,30.0,Croatia,15.0,876.0,0.0,0.0,1.0,0.0,386.0,80.57,11.0,23.0,73.0,49.0,1.0,0.0,6.65,1.0,1.0,0.0,6.0,1.0,0.0,53.0,18.0,2.0,31.0,83.0,0.0,0.0,19.0,3.0,0.0,0.0,0.0,0.10273972602739725,0.0,39.657534246575345,1.13013698630137,2.363013698630137,0.10273972602739725,0.10273972602739725,0.10273972602739725,0.0,0.6164383561643836,0.10273972602739725,0.0,5.445205479452055,1.8493150684931507,0.2054794520547945,3.184931506849315,8.527397260273972,0.0,1.952054794520548,20.0,0.0,0.0,0.8057,67.12328767123287,58.4,0.0,100.0,0.0,33.9622641509434
15062015,Abdoulie Sanyang,Hajduk Split,Attacker,27.0,Gambia,26.0,844.0,3.0,2.0,19.0,10.0,205.0,75.12,24.0,3.0,151.0,75.0,3.0,0.0,6.76,61.0,28.0,13.0,22.0,38.0,6.0,10.0,5.0,17.0,1.0,1.0,0.0,0.0,12.0,9.0,0.0,0.31990521327014215,0.2132701421800948,2.0260663507109005,1.066350710900474,21.860189573459717,2.559241706161137,0.31990521327014215,0.31990521327014215,6.504739336492891,2.985781990521327,1.386255924170616,2.345971563981043,4.052132701421801,0.6398104265402843,1.066350710900474,0.533175355450237,1.8127962085308056,0.1066350710900474,0.1066350710900474,0.0,1.2796208530805686,34.61538461538461,52.63157894736842,15.789473684210526,0.7512000000000001,49.66887417218543,32.46153846153846,0.533175355450237,45.90163934426229,15.789473684210526,50.0
37656054,Zvonimir Katalinic,Slaven Koprivnica,Defender,22.0,Croatia,14.0,841.0,0.0,0.0,3.0,2.0,383.0,83.29,14.0,5.0,87.0,42.0,3.0,0.0,6.46,4.0,3.0,8.0,9.0,9.0,3.0,50.0,22.0,2.0,17.0,30.0,0.0,0.0,20.0,1.0,0.0,0.0,0.0,0.3210463733650416,0.2140309155766944,40.98692033293698,1.4982164090368608,0.535077288941736,0.3210463733650416,0.4280618311533888,0.3210463733650416,0.8561236623067776,0.9631391200951248,0.9631391200951248,0.3210463733650416,5.35077288941736,2.3543400713436387,0.2140309155766944,1.8192627824019025,3.2104637336504163,0.0,2.140309155766944,7.142857142857143,66.66666666666667,0.0,0.8329000000000001,48.275862068965516,60.07142857142857,0.0,75.0,33.333333333333336,44.0
9636175,Vane Jovanov,Varaždin,Defender,27.0,Macedonia,12.0,839.0,0.0,0.0,3.0,0.0,221.0,67.42,20.0,4.0,94.0,51.0,2.0,0.0,6.58,8.0,0.0,5.0,21.0,44.0,7.0,52.0,17.0,3.0,10.0,38.0,0.0,0.0,14.0,3.0,0.0,0.0,0.0,0.3218116805721097,0.0,23.706793802145413,2.1454112038140645,0.42908224076281287,0.21454112038140644,0.8581644815256257,0.0,0.5363528009535161,2.2526817640047674,4.7199046483909415,0.7508939213349225,5.5780691299165674,1.8235995232419546,0.3218116805721097,1.0727056019070322,4.076281287246722,0.0,1.501787842669845,25.0,0.0,0.0,0.6742,54.255319148936174,69.91666666666667,0.0,0.0,15.909090909090908,32.69230769230769
37568801,Samuele Vignato,Rijeka,Midfielder,22.0,Italy,15.0,838.0,1.0,0.0,18.0,4.0,303.0,81.52,9.0,5.0,62.0,25.0,1.0,0.0,6.87,16.0,6.0,3.0,10.0,47.0,21.0,17.0,11.0,29.0,2.0,7.0,0.0,0.0,8.0,4.0,0.0,0.10739856801909307,0.0,1.9331742243436754,0.4295942720763723,32.5417661097852,0.9665871121718377,0.5369928400954654,0.10739856801909307,1.7183770883054892,0.6443914081145584,0.3221957040572792,1.0739856801909309,5.047732696897374,2.2553699284009547,1.8257756563245824,1.1813842482100239,3.1145584725536994,0.21479713603818615,0.7517899761336515,0.0,0.8591885441527446,26.666666666666668,22.22222222222222,5.555555555555555,0.8151999999999999,40.32258064516129,55.86666666666667,0.10739856801909307,37.5,44.680851063829785,64.70588235294117
784369,Tonio Teklic,Osijek,Midfielder,26.0,Croatia,13.0,829.0,0.0,0.0,18.0,6.0,290.0,72.41,15.0,7.0,96.0,47.0,1.0,0.0,6.79,11.0,5.0,15.0,25.0,51.0,16.0,46.0,22.0,16.0,6.0,11.0,0.0,0.0,13.0,6.0,0.0,0.0,0.0,1.95416164053076,0.6513872135102533,31.483715319662245,1.6284680337756332,0.7599517490952955,0.10856453558504221,1.1942098914354644,0.5428226779252111,1.6284680337756332,2.7141133896260556,5.536791314837153,1.7370325693606754,4.9939686369119425,2.388419782870929,1.7370325693606754,0.6513872135102533,1.1942098914354644,0.0,1.4113389626055488,46.15384615384615,33.333333333333336,0.0,0.7241,48.958333333333336,63.76923076923077,0.0,45.45454545454545,31.372549019607842,47.82608695652174
73489,Ivan Filipovic,Dinamo Zagreb,Goalkeeper,31.0,Croatia,9.0,810.0,0.0,0.0,0.0,0.0,256.0,75.0,1.0,0.0,4.0,4.0,0.0,0.0,6.83,0.0,0.0,0.0,1.0,0.0,0.0,113.0,50.0,0.0,2.0,8.0,17.0,12.0,6.0,4.0,0.0,0.0,0.0,0.0,0.0,28.444444444444443,0.1111111111111111,0.0,0.0,0.0,0.0,0.0,0.1111111111111111,0.0,0.0,12.555555555555555,5.555555555555555,0.0,0.2222222222222222,0.8888888888888888,1.8888888888888888,0.6666666666666666,44.44444444444444,0.0,0.0,0.75,100.0,90.0,0.0,0.0,0.0,44.24778761061947
69675,Luka Menalo,Rijeka,Attacker,29.0,Bosnia and Herzegovina,15.0,802.0,3.0,0.0,18.0,9.0,212.0,71.23,9.0,10.0,126.0,52.0,3.0,0.0,6.71,42.0,13.0,12.0,22.0,15.0,2.0,18.0,7.0,13.0,8.0,8.0,0.0,0.0,9.0,4.0,0.0,0.33665835411471323,0.0,2.0199501246882794,1.0099750623441397,23.790523690773068,1.0099750623441397,1.1221945137157108,0.33665835411471323,4.713216957605985,1.458852867830424,1.346633416458853,2.4688279301745637,1.6832917705735662,0.22443890274314215,2.0199501246882794,0.7855361596009975,1.458852867830424,0.8977556109725686,0.8977556109725686,0.0,1.0099750623441397,26.666666666666668,50.0,16.666666666666668,0.7123,41.26984126984127,53.46666666666667,0.33665835411471323,30.952380952380953,13.333333333333334,38.888888888888886
37633274,Ivan Canjuga,Varaždin,Attacker,20.0,Croatia,17.0,800.0,0.0,3.0,10.0,2.0,225.0,83.56,19.0,7.0,109.0,54.0,3.0,0.0,6.8,12.0,5.0,12.0,22.0,15.0,5.0,16.0,6.0,11.0,9.0,14.0,0.0,0.0,6.0,6.0,0.0,0.0,0.3375,1.125,0.225,25.3125,2.1375,0.7875,0.3375,1.35,0.5625,1.35,2.475,1.6875,0.5625,1.8,0.675,1.2375,1.0125,1.575,0.0,0.675,35.294117647058826,20.0,0.0,0.8356,49.54128440366973,47.05882352941177,0.3375,41.666666666666664,33.333333333333336,37.5
37535531,Samuli Miettinen,Istra 1961,Defender,22.0,Finland,11.0,795.0,0.0,0.0,2.0,1.0,423.0,83.69,12.0,6.0,91.0,56.0,2.0,0.0,6.6,0.0,0.0,4.0,12.0,5.0,1.0,68.0,24.0,0.0,33.0,50.0,0.0,0.0,15.0,3.0,0.0,0.0,0.0,0.22641509433962265,0.11320754716981132,47.886792452830186,1.3584905660377358,0.6792452830188679,0.22641509433962265,0.0,0.0,0.4528301886792453,1.3584905660377358,0.5660377358490566,0.11320754716981132,7.69811320754717,2.7169811320754715,0.0,3.7358490566037736,5.660377358490566,0.0,1.6981132075471699,27.272727272727273,50.0,0.0,0.8369,61.53846153846154,72.27272727272727,0.0,0.0,20.0,35.294117647058826
37733235,Israel Isaac Ayuma,Istra 1961,Midfielder,20.0,,16.0,775.0,1.0,0.0,11.0,4.0,290.0,86.55,20.0,11.0,81.0,34.0,1.0,0.0,6.64,10.0,4.0,9.0,4.0,2.0,0.0,26.0,19.0,4.0,6.0,15.0,0.0,0.0,15.0,1.0,0.0,0.11612903225806452,0.0,1.2774193548387096,0.4645161290322581,33.67741935483871,2.3225806451612905,1.2774193548387096,0.11612903225806452,1.1612903225806452,0.4645161290322581,1.0451612903225806,0.4645161290322581,0.23225806451612904,0.0,3.0193548387096776,2.206451612903226,0.4645161290322581,0.6967741935483871,1.7419354838709677,0.0,1.7419354838709677,6.25,36.36363636363637,9.090909090909092,0.8654999999999999,41.97530864197531,48.4375,0.11612903225806452,40.0,0.0,73.07692307692308
47380,David Puclin,Varaždin,Midfielder,34.0,Croatia,22.0,758.0,1.0,0.0,10.0,4.0,287.0,75.96,32.0,9.0,112.0,62.0,0.0,0.0,6.64,7.0,2.0,9.0,11.0,14.0,3.0,48.0,20.0,1.0,17.0,26.0,0.0,0.0,8.0,8.0,0.0,0.11873350923482849,0.0,1.187335092348285,0.47493403693931396,34.07651715039578,3.7994722955145117,1.0686015831134565,0.0,0.8311345646437994,0.23746701846965698,1.0686015831134565,1.3060686015831136,1.6622691292875988,0.3562005277044855,5.699208443271768,2.37467018469657,0.11873350923482849,2.0184696569920844,3.0870712401055407,0.0,0.9498680738786279,36.36363636363637,40.0,10.0,0.7595999999999999,55.357142857142854,34.45454545454545,0.11873350923482849,28.571428571428573,21.428571428571427,41.666666666666664
37567341,David Mejía,Vukovar,Midfielder,23.0,Colombia,11.0,743.0,1.0,1.0,14.0,2.0,332.0,84.64,21.0,10.0,96.0,46.0,7.0,0.0,6.94,14.0,11.0,10.0,13.0,30.0,6.0,39.0,22.0,11.0,1.0,7.0,0.0,0.0,4.0,8.0,0.0,0.12113055181695828,0.12113055181695828,1.695827725437416,0.24226110363391656,40.21534320323015,2.5437415881561236,1.2113055181695829,0.847913862718708,1.695827725437416,1.332436069986541,1.2113055181695829,1.5746971736204576,3.6339165545087484,0.7267833109017496,4.724091520861373,2.664872139973082,1.332436069986541,0.12113055181695828,0.847913862718708,0.0,0.4845222072678331,72.72727272727273,14.285714285714286,7.142857142857143,0.8464,47.916666666666664,67.54545454545455,0.24226110363391656,78.57142857142857,20.0,56.41025641025641
37594758,Fran Topic,Dinamo Zagreb,Attacker,22.0,Croatia,17.0,732.0,2.0,0.0,16.0,6.0,252.0,78.57,17.0,5.0,99.0,48.0,2.0,0.0,6.76,31.0,11.0,4.0,16.0,17.0,2.0,7.0,3.0,10.0,4.0,11.0,0.0,0.0,5.0,9.0,0.0,0.2459016393442623,0.0,1.9672131147540983,0.7377049180327869,30.983606557377048,2.0901639344262297,0.6147540983606558,0.2459016393442623,3.8114754098360657,1.3524590163934427,0.4918032786885246,1.9672131147540983,2.0901639344262297,0.2459016393442623,0.860655737704918,0.36885245901639346,1.2295081967213115,0.4918032786885246,1.3524590163934427,0.0,0.6147540983606558,52.94117647058823,37.5,12.5,0.7857,48.484848484848484,43.05882352941177,0.2459016393442623,35.483870967741936,11.764705882352942,42.857142857142854
37724445,Sven Lesjak,Varaždin,Defender,19.0,Croatia,11.0,729.0,1.0,0.0,2.0,1.0,328.0,78.66,14.0,9.0,46.0,23.0,1.0,0.0,6.86,0.0,0.0,6.0,1.0,0.0,0.0,101.0,50.0,1.0,9.0,52.0,0.0,0.0,12.0,4.0,0.0,0.12345679012345678,0.0,0.24691358024691357,0.12345679012345678,40.49382716049383,1.728395061728395,1.1111111111111112,0.12345679012345678,0.0,0.0,0.7407407407407407,0.12345679012345678,0.0,0.0,12.469135802469136,6.172839506172839,0.12345679012345678,1.1111111111111112,6.419753086419753,0.0,1.4814814814814814,36.36363636363637,50.0,50.0,0.7866,50.0,66.27272727272727,0.12345679012345678,0.0,0.0,49.504950495049506
23696786,Denis Pintol,Vukovar,Goalkeeper,26.0,Slovenia,8.0,720.0,0.0,0.0,0.0,0.0,228.0,64.47,1.0,0.0,6.0,5.0,0.0,0.0,6.71,0.0,0.0,0.0,3.0,0.0,0.0,128.0,47.0,0.0,1.0,8.0,23.0,17.0,18.0,1.0,0.0,0.0,0.0,0.0,0.0,28.5,0.125,0.0,0.0,0.0,0.0,0.0,0.375,0.0,0.0,16.0,5.875,0.0,0.125,1.0,2.875,2.25,12.5,0.0,0.0,0.6446999999999999,83.33333333333333,90.0,0.0,0.0,0.0,36.71875
37529453,Elvir Durakovic,Gorica,Defender,26.0,Bosnia and Herzegovina,15.0,712.0,0.0,0.0,12.0,4.0,196.0,70.41,22.0,14.0,108.0,58.0,1.0,1.0,6.58,25.0,10.0,6.0,14.0,29.0,5.0,36.0,12.0,8.0,11.0,18.0,0.0,0.0,15.0,3.0,0.0,0.0,0.0,1.5168539325842696,0.5056179775280899,24.775280898876403,2.7808988764044944,1.7696629213483146,0.25280898876404495,3.1601123595505616,1.2640449438202248,0.7584269662921348,1.7696629213483146,3.6657303370786516,0.6320224719101124,4.550561797752809,1.5168539325842696,1.0112359550561798,1.3904494382022472,2.2752808988764044,0.0,1.896067415730337,20.0,33.333333333333336,0.0,0.7041,53.7037037037037,47.46666666666667,0.0,40.0,17.24137931034483,33.333333333333336
37710344,Ibrahim Sabra ,Lokomotiva Zagreb,Attacker,20.0,Jordan,13.0,708.0,2.0,1.0,16.0,3.0,118.0,69.49,3.0,0.0,88.0,38.0,1.0,0.0,6.66,11.0,5.0,3.0,6.0,0.0,0.0,4.0,3.0,7.0,24.0,2.0,0.0,0.0,13.0,3.0,0.0,0.2542372881355932,0.1271186440677966,2.0338983050847457,0.3813559322033898,15.0,0.3813559322033898,0.0,0.1271186440677966,1.3983050847457628,0.635593220338983,0.3813559322033898,0.7627118644067796,0.0,0.0,0.5084745762711864,0.3813559322033898,0.8898305084745762,3.0508474576271185,0.2542372881355932,0.0,1.652542372881356,23.076923076923077,18.75,12.5,0.6949,43.18181818181818,54.46153846153846,0.3813559322033898,45.45454545454545,0.0,75.0
73443,Mateusz Stolarski,Slaven Koprivnica,Goalkeeper,35.0,Croatia,8.0,696.0,0.0,0.0,0.0,0.0,202.0,58.42,2.0,0.0,9.0,9.0,4.0,0.0,6.98,0.0,0.0,0.0,2.0,0.0,0.0,134.0,50.0,0.0,6.0,10.0,27.0,23.0,11.0,2.0,1.0,0.0,0.0,0.0,0.0,26.120689655172413,0.25862068965517243,0.0,0.5172413793103449,0.0,0.0,0.0,0.25862068965517243,0.0,0.0,17.32758620689655,6.4655172413793105,0.0,0.7758620689655172,1.293103448275862,3.4913793103448274,1.4224137931034482,25.0,0.0,0.0,0.5842,100.0,87.0,0.0,0.0,0.0,37.3134328358209
9939069,Stanislav Shopov,Osijek,Midfielder,24.0,Bulgaria,13.0,691.0,0.0,1.0,16.0,5.0,252.0,73.02,16.0,4.0,53.0,20.0,3.0,0.0,6.67,10.0,2.0,9.0,1.0,31.0,9.0,25.0,11.0,16.0,1.0,7.0,0.0,0.0,6.0,5.0,0.0,0.0,0.13024602026049203,2.0839363241678726,0.6512301013024602,32.821997105643995,2.0839363241678726,0.5209840810419681,0.3907380607814761,1.3024602026049203,0.26049204052098407,1.1722141823444283,0.13024602026049203,4.0376266280752535,1.1722141823444283,3.256150506512301,1.4327062228654124,2.0839363241678726,0.13024602026049203,0.9117221418234442,0.0,0.7814761215629522,38.46153846153846,31.25,0.0,0.7302,37.735849056603776,53.15384615384615,0.13024602026049203,20.0,29.032258064516128,44.0
37324970,Marko Soldo,Dinamo Zagreb,Midfielder,22.0,Croatia,23.0,689.0,3.0,1.0,16.0,7.0,366.0,85.52,22.0,13.0,100.0,52.0,1.0,0.0,6.77,16.0,8.0,8.0,11.0,2.0,0.0,26.0,21.0,10.0,12.0,9.0,0.0,0.0,5.0,13.0,0.0,0.3918722786647315,0.13062409288824384,2.0899854862119014,0.9143686502177069,47.808417997097244,2.8737300435413644,1.6981132075471699,0.13062409288824384,2.0899854862119014,1.0449927431059507,1.0449927431059507,1.4368650217706822,0.2612481857764877,0.0,3.3962264150943398,2.7431059506531206,1.3062409288824384,1.567489114658926,1.1756168359941945,0.0,0.6531204644412192,56.52173913043478,43.75,18.75,0.8552,52.0,29.956521739130434,0.5224963715529753,50.0,0.0,80.76923076923077
182986,Leo Stulac,Istra 1961,Midfielder,31.0,Slovenia,10.0,677.0,0.0,0.0,8.0,1.0,365.0,84.66,10.0,5.0,69.0,36.0,0.0,0.0,6.75,8.0,4.0,6.0,16.0,23.0,3.0,39.0,18.0,8.0,7.0,10.0,0.0,0.0,11.0,1.0,0.0,0.0,0.0,1.0635155096011817,0.1329394387001477,48.522895125553916,1.329394387001477,0.6646971935007385,0.0,1.0635155096011817,0.5317577548005908,0.7976366322008862,2.1270310192023634,3.057607090103397,0.3988183161004431,5.1846381093057605,2.3929098966026587,1.0635155096011817,0.930576070901034,1.329394387001477,0.0,1.4623338257016247,10.0,12.5,0.0,0.8466,52.17391304347826,67.7,0.0,50.0,13.043478260869565,46.15384615384615
37696422,Branko Pavic,Rijeka,Midfielder,19.0,Croatia,9.0,676.0,0.0,0.0,2.0,1.0,310.0,89.68,24.0,8.0,71.0,38.0,1.0,0.0,6.91,8.0,5.0,5.0,6.0,2.0,1.0,17.0,12.0,4.0,5.0,10.0,0.0,0.0,4.0,6.0,0.0,0.0,0.0,0.26627218934911245,0.13313609467455623,41.27218934911242,3.195266272189349,1.0650887573964498,0.13313609467455623,1.0650887573964498,0.665680473372781,0.665680473372781,0.7988165680473372,0.26627218934911245,0.13313609467455623,2.2633136094674557,1.5976331360946745,0.5325443786982249,0.665680473372781,1.331360946745562,0.0,0.5325443786982249,66.66666666666667,50.0,0.0,0.8968,53.521126760563384,75.11111111111111,0.0,62.5,50.0,70.58823529411765
37316939,Nikita Vlasenko,Vukovar,Defender,25.0,Switzerland,8.0,674.0,0.0,0.0,1.0,0.0,288.0,79.86,6.0,17.0,28.0,17.0,0.0,0.0,6.46,0.0,0.0,3.0,4.0,0.0,0.0,43.0,12.0,0.0,7.0,64.0,0.0,0.0,22.0,1.0,0.0,0.0,0.0,0.13353115727002968,0.0,38.45697329376855,0.8011869436201781,2.2700296735905043,0.0,0.0,0.0,0.40059347181008903,0.5341246290801187,0.0,0.0,5.741839762611276,1.6023738872403561,0.0,0.9347181008902077,8.5459940652819,0.0,2.9376854599406528,12.5,0.0,0.0,0.7986,60.714285714285715,84.25,0.0,0.0,0.0,27.906976744186046
73270,Mario Situm,Lokomotiva Zagreb,Defender,34.0,Croatia,17.0,666.0,0.0,0.0,2.0,0.0,307.0,83.06,11.0,7.0,55.0,38.0,1.0,0.0,6.74,5.0,2.0,3.0,14.0,39.0,10.0,47.0,31.0,11.0,12.0,11.0,0.0,0.0,19.0,3.0,0.0,0.0,0.0,0.2702702702702703,0.0,41.486486486486484,1.4864864864864864,0.9459459459459459,0.13513513513513514,0.6756756756756757,0.2702702702702703,0.40540540540540543,1.8918918918918919,5.27027027027027,1.3513513513513513,6.351351351351352,4.1891891891891895,1.4864864864864864,1.6216216216216217,1.4864864864864864,0.0,2.5675675675675675,17.647058823529413,0.0,0.0,0.8306,69.0909090909091,39.1764705882353,0.0,40.0,25.641025641025642,65.95744680851064
1872881,Dimitrije Kamenovic,Lokomotiva Zagreb,Defender,25.0,Serbia,11.0,656.0,0.0,0.0,2.0,0.0,328.0,78.35,4.0,9.0,43.0,19.0,0.0,0.0,6.44,1.0,1.0,3.0,6.0,5.0,2.0,52.0,20.0,2.0,9.0,38.0,0.0,0.0,12.0,2.0,0.0,0.0,0.0,0.27439024390243905,0.0,45.0,0.5487804878048781,1.2347560975609757,0.0,0.13719512195121952,0.13719512195121952,0.4115853658536585,0.823170731707317,0.6859756097560976,0.27439024390243905,7.134146341463414,2.7439024390243905,0.27439024390243905,1.2347560975609757,5.213414634146342,0.0,1.646341463414634,18.181818181818183,0.0,0.0,0.7835,44.18604651162791,59.63636363636363,0.0,100.0,40.0,38.46153846153846
74197,Antonio Bosec,Vukovar,Defender,28.0,Croatia,10.0,640.0,0.0,0.0,0.0,0.0,177.0,66.67,13.0,4.0,58.0,27.0,2.0,0.0,6.33,6.0,1.0,6.0,9.0,40.0,11.0,27.0,3.0,6.0,4.0,17.0,0.0,0.0,17.0,1.0,0.0,0.0,0.0,0.0,0.0,24.890625,1.828125,0.5625,0.28125,0.84375,0.140625,0.84375,1.265625,5.625,1.546875,3.796875,0.421875,0.84375,0.5625,2.390625,0.0,2.390625,10.0,0.0,0.0,0.6667000000000001,46.55172413793103,64.0,0.0,16.666666666666668,27.5,11.11111111111111
73914,Ivan Fiolic,Gorica,Midfielder,30.0,Croatia,22.0,637.0,0.0,0.0,16.0,4.0,279.0,73.48,9.0,2.0,44.0,19.0,1.0,0.0,6.53,10.0,3.0,7.0,5.0,21.0,3.0,43.0,23.0,9.0,3.0,9.0,0.0,0.0,9.0,2.0,0.0,0.0,0.0,2.260596546310832,0.565149136577708,39.41915227629514,1.271585557299843,0.282574568288854,0.141287284144427,1.41287284144427,0.423861852433281,0.989010989010989,0.706436420722135,2.967032967032967,0.423861852433281,6.075353218210361,3.2496075353218212,1.271585557299843,0.423861852433281,1.271585557299843,0.0,1.271585557299843,9.090909090909092,25.0,0.0,0.7348,43.18181818181818,28.954545454545453,0.0,30.0,14.285714285714286,53.48837209302326
3877071,Ricardo Henning,Vukovar,Defender,25.0,Jamaica,7.0,630.0,0.0,0.0,1.0,1.0,341.0,87.98,5.0,6.0,36.0,16.0,0.0,0.0,6.41,5.0,2.0,3.0,1.0,5.0,1.0,47.0,26.0,1.0,8.0,35.0,0.0,0.0,15.0,0.0,0.0,0.0,0.0,0.14285714285714285,0.14285714285714285,48.714285714285715,0.7142857142857143,0.8571428571428571,0.0,0.7142857142857143,0.2857142857142857,0.42857142857142855,0.14285714285714285,0.7142857142857143,0.14285714285714285,6.714285714285714,3.7142857142857144,0.14285714285714285,1.1428571428571428,5.0,0.0,2.142857142857143,0.0,100.0,0.0,0.8798,44.44444444444444,90.0,0.0,40.0,20.0,55.319148936170215
73552,Borna Barisic,Osijek,Defender,33.0,Croatia,10.0,621.0,0.0,0.0,2.0,1.0,301.0,90.03,6.0,7.0,41.0,22.0,3.0,0.0,6.78,8.0,5.0,2.0,5.0,46.0,11.0,21.0,10.0,6.0,6.0,24.0,0.0,0.0,7.0,4.0,0.0,0.0,0.0,0.2898550724637681,0.14492753623188406,43.6231884057971,0.8695652173913043,1.0144927536231885,0.43478260869565216,1.1594202898550725,0.7246376811594203,0.2898550724637681,0.7246376811594203,6.666666666666667,1.5942028985507246,3.0434782608695654,1.4492753623188406,0.8695652173913043,0.8695652173913043,3.4782608695652173,0.0,1.0144927536231885,40.0,50.0,0.0,0.9003,53.65853658536585,62.1,0.0,62.5,23.91304347826087,47.61904761904762
37656553,Niko Šepić,Istra 1961,Defender,20.0,Croatia,13.0,617.0,0.0,0.0,7.0,3.0,280.0,77.5,14.0,8.0,44.0,22.0,2.0,0.0,6.62,1.0,0.0,2.0,4.0,13.0,2.0,39.0,16.0,2.0,4.0,26.0,0.0,0.0,7.0,3.0,0.0,0.0,0.0,1.0210696920583469,0.4376012965964344,40.84278768233387,2.0421393841166937,1.1669367909238249,0.2917341977309562,0.1458670988654781,0.0,0.2917341977309562,0.5834683954619124,1.8962722852512155,0.2917341977309562,5.688816855753647,2.3338735818476497,0.2917341977309562,0.5834683954619124,3.792544570502431,0.0,1.0210696920583469,23.076923076923077,42.857142857142854,0.0,0.775,50.0,47.46153846153846,0.0,0.0,15.384615384615385,41.02564102564103
72813,Domagoj Antolic,Lokomotiva Zagreb,Midfielder,36.0,Croatia,13.0,610.0,1.0,1.0,5.0,1.0,393.0,90.59,7.0,3.0,50.0,21.0,2.0,0.0,6.72,11.0,8.0,5.0,5.0,21.0,9.0,25.0,19.0,9.0,2.0,7.0,0.0,0.0,13.0,2.0,0.0,0.14754098360655737,0.14754098360655737,0.7377049180327869,0.14754098360655737,57.98360655737705,1.0327868852459017,0.4426229508196721,0.29508196721311475,1.6229508196721312,1.180327868852459,0.7377049180327869,0.7377049180327869,3.098360655737705,1.3278688524590163,3.6885245901639343,2.80327868852459,1.3278688524590163,0.29508196721311475,1.0327868852459017,0.0,1.9180327868852458,15.384615384615385,20.0,20.0,0.9059,42.0,46.92307692307692,0.29508196721311475,72.72727272727273,42.857142857142854,76.0
37560492,Ivan Cvijanovic,Osijek,Defender,22.0,Croatia,10.0,591.0,0.0,1.0,5.0,0.0,339.0,80.53,11.0,6.0,52.0,35.0,1.0,0.0,6.66,1.0,0.0,2.0,10.0,2.0,0.0,61.0,22.0,2.0,14.0,37.0,0.0,0.0,12.0,2.0,0.0,0.0,0.15228426395939088,0.7614213197969543,0.0,51.6243654822335,1.6751269035532994,0.9137055837563451,0.15228426395939088,0.15228426395939088,0.0,0.30456852791878175,1.5228426395939085,0.30456852791878175,0.0,9.289340101522843,3.350253807106599,0.30456852791878175,2.1319796954314723,5.634517766497462,0.0,1.8274111675126903,20.0,0.0,0.0,0.8053,67.3076923076923,59.1,0.15228426395939088,0.0,0.0,36.0655737704918
74125,Mateo Barac,Varaždin,Defender,31.0,Croatia,10.0,584.0,1.0,0.0,5.0,3.0,241.0,77.59,11.0,6.0,35.0,17.0,0.0,0.0,6.62,1.0,0.0,2.0,3.0,0.0,0.0,77.0,39.0,1.0,4.0,35.0,0.0,0.0,10.0,4.0,0.0,0.1541095890410959,0.0,0.7705479452054794,0.4623287671232877,37.14041095890411,1.6952054794520548,0.9246575342465754,0.0,0.1541095890410959,0.0,0.3082191780821918,0.4623287671232877,0.0,0.0,11.866438356164384,6.010273972602739,0.1541095890410959,0.6164383561643836,5.3938356164383565,0.0,1.5410958904109588,40.0,60.0,20.0,0.7759,48.57142857142857,58.4,0.1541095890410959,0.0,0.0,50.64935064935065
183566,Jakov Biljan,Vukovar,Midfielder,30.0,Croatia,14.0,581.0,0.0,0.0,4.0,0.0,143.0,81.12,10.0,8.0,57.0,31.0,3.0,0.0,6.52,3.0,1.0,2.0,7.0,3.0,1.0,15.0,5.0,5.0,14.0,15.0,0.0,0.0,12.0,2.0,0.0,0.0,0.0,0.6196213425129088,0.0,22.15146299483649,1.549053356282272,1.2392426850258176,0.46471600688468157,0.46471600688468157,0.1549053356282272,0.3098106712564544,1.0843373493975903,0.46471600688468157,0.1549053356282272,2.323580034423408,0.774526678141136,0.774526678141136,2.1686746987951806,2.323580034423408,0.0,1.8588640275387263,14.285714285714286,0.0,0.0,0.8112,54.3859649122807,41.5,0.0,33.333333333333336,33.333333333333336,33.333333333333336
37728805,Dukan Ahmeti,Istra 1961,Midfielder,18.0,Croatia,13.0,576.0,0.0,0.0,6.0,1.0,168.0,79.17,6.0,3.0,85.0,33.0,1.0,0.0,6.52,18.0,4.0,10.0,13.0,9.0,3.0,7.0,2.0,8.0,10.0,5.0,0.0,0.0,7.0,2.0,0.0,0.0,0.0,0.9375,0.15625,26.25,0.9375,0.46875,0.15625,2.8125,0.625,1.5625,2.03125,1.40625,0.46875,1.09375,0.3125,1.25,1.5625,0.78125,0.0,1.09375,15.384615384615385,16.666666666666668,0.0,0.7917000000000001,38.8235294117647,44.30769230769231,0.0,22.22222222222222,33.333333333333336,28.571428571428573
24082533,Karlo Isasegi,Slaven Koprivnica,Defender,25.0,Croatia,15.0,570.0,0.0,1.0,2.0,1.0,208.0,78.85,18.0,7.0,69.0,30.0,1.0,0.0,6.59,14.0,5.0,10.0,5.0,27.0,6.0,25.0,15.0,9.0,2.0,17.0,0.0,0.0,10.0,5.0,0.0,0.0,0.15789473684210525,0.3157894736842105,0.15789473684210525,32.8421052631579,2.8421052631578947,1.105263157894737,0.15789473684210525,2.210526315789474,0.7894736842105263,1.5789473684210527,0.7894736842105263,4.2631578947368425,0.9473684210526315,3.9473684210526314,2.3684210526315788,1.4210526315789473,0.3157894736842105,2.6842105263157894,0.0,1.5789473684210527,33.333333333333336,50.0,0.0,0.7885,43.47826086956522,38.0,0.15789473684210525,35.714285714285715,22.22222222222222,60.0
84515,Gregor Sikosek,Varaždin,Defender,32.0,Slovenia,11.0,562.0,0.0,1.0,5.0,1.0,201.0,70.15,16.0,8.0,60.0,34.0,2.0,0.0,6.81,3.0,0.0,4.0,8.0,25.0,4.0,40.0,14.0,9.0,10.0,28.0,0.0,0.0,5.0,4.0,0.0,0.0,0.1601423487544484,0.800711743772242,0.1601423487544484,32.188612099644125,2.5622775800711746,1.2811387900355873,0.3202846975088968,0.4804270462633452,0.0,0.6405693950177936,1.2811387900355873,4.00355871886121,0.6405693950177936,6.405693950177936,2.2419928825622777,1.4412811387900355,1.601423487544484,4.483985765124555,0.0,0.800711743772242,36.36363636363637,20.0,0.0,0.7015,56.666666666666664,51.09090909090909,0.1601423487544484,0.0,16.0,35.0
21404328,Antonio Đaković,Vukovar,Goalkeeper,25.0,Croatia,6.0,540.0,0.0,0.0,0.0,0.0,123.0,65.85,1.0,0.0,6.0,4.0,0.0,0.0,7.05,0.0,0.0,1.0,1.0,0.0,0.0,68.0,27.0,0.0,2.0,10.0,27.0,22.0,14.0,1.0,0.0,0.0,0.0,0.0,0.0,20.5,0.16666666666666666,0.0,0.0,0.0,0.0,0.16666666666666666,0.16666666666666666,0.0,0.0,11.333333333333334,4.5,0.0,0.3333333333333333,1.6666666666666667,4.5,2.3333333333333335,16.666666666666668,0.0,0.0,0.6585,66.66666666666667,90.0,0.0,0.0,0.0,39.705882352941174
37549543,Christian Ouguehi Legbo,Rijeka,Attacker,24.0,Ivory Coast,14.0,527.0,0.0,0.0,3.0,1.0,163.0,77.91,7.0,5.0,61.0,29.0,0.0,1.0,6.53,20.0,9.0,1.0,12.0,19.0,8.0,21.0,6.0,10.0,1.0,8.0,0.0,0.0,11.0,7.0,0.0,0.0,0.0,0.5123339658444023,0.17077798861480076,27.836812144212523,1.1954459203036054,0.8538899430740038,0.17077798861480076,3.415559772296015,1.537001897533207,0.17077798861480076,2.049335863377609,3.2447817836812143,1.366223908918406,3.586337760910816,1.0246679316888045,1.7077798861480076,0.17077798861480076,1.366223908918406,0.0,1.8785578747628084,50.0,33.333333333333336,0.0,0.7791,47.540983606557376,37.642857142857146,0.0,45.0,42.10526315789474,28.571428571428573
61320,Aleksandar Trajkovski,Lokomotiva Zagreb,Attacker,33.0,Macedonia,10.0,526.0,1.0,2.0,8.0,3.0,133.0,80.45,7.0,3.0,64.0,24.0,0.0,0.0,6.73,11.0,1.0,0.0,11.0,16.0,7.0,10.0,9.0,12.0,5.0,2.0,0.0,0.0,12.0,0.0,0.0,0.17110266159695817,0.34220532319391633,1.3688212927756653,0.5133079847908745,22.75665399239544,1.1977186311787071,0.5133079847908745,0.0,1.88212927756654,0.17110266159695817,0.0,1.88212927756654,2.7376425855513307,1.1977186311787071,1.7110266159695817,1.5399239543726235,2.053231939163498,0.8555133079847909,0.34220532319391633,0.0,2.053231939163498,0.0,37.5,12.5,0.8045,37.5,52.6,0.5133079847908745,9.090909090909092,43.75,90.0
19624018,Adrian Liber,Slaven Koprivnica,Midfielder,25.0,Croatia,15.0,521.0,1.0,0.0,5.0,1.0,156.0,75.64,8.0,3.0,48.0,20.0,0.0,0.0,6.54,12.0,7.0,6.0,4.0,3.0,0.0,13.0,5.0,5.0,2.0,4.0,0.0,0.0,12.0,2.0,0.0,0.1727447216890595,0.0,0.8637236084452975,0.1727447216890595,26.948176583493282,1.381957773512476,0.5182341650671785,0.0,2.072936660268714,1.2092130518234165,1.036468330134357,0.690978886756238,0.5182341650671785,0.0,2.2456813819577737,0.8637236084452975,0.8637236084452975,0.345489443378119,0.690978886756238,0.0,2.072936660268714,13.333333333333334,20.0,20.0,0.7564,41.666666666666664,34.733333333333334,0.1727447216890595,58.333333333333336,0.0,38.46153846153846
37266041,Jakov Suver,Vukovar,Defender,23.0,Croatia,7.0,521.0,0.0,0.0,2.0,1.0,207.0,82.61,8.0,8.0,33.0,21.0,0.0,0.0,6.68,1.0,1.0,8.0,2.0,4.0,1.0,27.0,12.0,2.0,10.0,34.0,0.0,0.0,12.0,0.0,0.0,0.0,0.0,0.345489443378119,0.1727447216890595,35.758157389635315,1.381957773512476,1.381957773512476,0.0,0.1727447216890595,0.1727447216890595,1.381957773512476,0.345489443378119,0.690978886756238,0.1727447216890595,4.664107485604607,2.072936660268714,0.345489443378119,1.727447216890595,5.873320537428023,0.0,2.072936660268714,0.0,50.0,0.0,0.8261,63.63636363636363,74.42857142857143,0.0,100.0,25.0,44.44444444444444
37556504,Paul Tabinas,Dinamo Zagreb,Defender,24.0,Philippines,9.0,505.0,0.0,1.0,2.0,0.0,123.0,75.61,12.0,4.0,58.0,29.0,0.0,0.0,6.48,12.0,6.0,6.0,2.0,20.0,4.0,15.0,3.0,4.0,9.0,20.0,0.0,0.0,11.0,1.0,0.0,0.0,0.1782178217821782,0.3564356435643564,0.0,21.92079207920792,2.1386138613861387,0.7128712871287128,0.0,2.1386138613861387,1.0693069306930694,1.0693069306930694,0.3564356435643564,3.5643564356435644,0.7128712871287128,2.6732673267326734,0.5346534653465347,0.7128712871287128,1.603960396039604,3.5643564356435644,0.0,1.9603960396039604,11.11111111111111,0.0,0.0,0.7561,50.0,56.111111111111114,0.1782178217821782,50.0,20.0,20.0
540173,Sandro Kulenovic,Dinamo Zagreb,Attacker,26.0,Croatia,16.0,505.0,6.0,0.0,21.0,10.0,150.0,72.67,5.0,2.0,64.0,31.0,4.0,0.0,6.93,5.0,2.0,2.0,9.0,2.0,0.0,7.0,4.0,5.0,17.0,5.0,0.0,0.0,6.0,6.0,0.0,1.0693069306930694,0.0,3.742574257425743,1.7821782178217822,26.73267326732673,0.8910891089108911,0.3564356435643564,0.7128712871287128,0.8910891089108911,0.3564356435643564,0.3564356435643564,1.603960396039604,0.3564356435643564,0.0,1.2475247524752475,0.7128712871287128,0.8910891089108911,3.0297029702970297,0.8910891089108911,0.0,1.0693069306930694,37.5,47.61904761904762,28.571428571428573,0.7267,48.4375,31.5625,1.0693069306930694,40.0,0.0,57.142857142857146
23287457,Yannick Toure,Osijek,Attacker,25.0,Switzerland,11.0,495.0,0.0,1.0,8.0,3.0,83.0,74.7,4.0,1.0,62.0,24.0,0.0,0.0,6.6,10.0,2.0,0.0,6.0,3.0,1.0,3.0,2.0,8.0,13.0,8.0,0.0,0.0,7.0,5.0,0.0,0.0,0.18181818181818182,1.4545454545454546,0.5454545454545454,15.090909090909092,0.7272727272727273,0.18181818181818182,0.0,1.8181818181818181,0.36363636363636365,0.0,1.0909090909090908,0.5454545454545454,0.18181818181818182,0.5454545454545454,0.36363636363636365,1.4545454545454546,2.3636363636363638,1.4545454545454546,0.0,1.2727272727272727,45.45454545454545,37.5,0.0,0.747,38.70967741935484,45.0,0.18181818181818182,20.0,33.333333333333336,66.66666666666667
37701794,Leon Bošnjak,Slaven Koprivnica,Midfielder,20.0,Croatia,15.0,485.0,0.0,1.0,3.0,0.0,200.0,77.0,11.0,5.0,71.0,38.0,3.0,1.0,6.53,14.0,8.0,6.0,11.0,5.0,2.0,8.0,5.0,13.0,8.0,4.0,0.0,0.0,13.0,2.0,0.0,0.0,0.18556701030927836,0.5567010309278351,0.0,37.11340206185567,2.0412371134020617,0.9278350515463918,0.7422680412371134,2.597938144329897,1.4845360824742269,1.1134020618556701,2.0412371134020617,0.9278350515463918,0.3711340206185567,1.4845360824742269,0.9278350515463918,2.4123711340206184,1.4845360824742269,0.7422680412371134,0.0,2.4123711340206184,13.333333333333334,0.0,0.0,0.77,53.521126760563384,32.333333333333336,0.18556701030927836,57.142857142857146,40.0,62.5
37738667,Sule Wisdom Aondowase,Gorica,Attacker,22.0,,13.0,483.0,0.0,1.0,13.0,1.0,71.0,64.79,4.0,0.0,79.0,31.0,2.0,0.0,6.54,7.0,1.0,4.0,16.0,2.0,0.0,5.0,3.0,3.0,10.0,3.0,0.0,0.0,8.0,4.0,0.0,0.0,0.18633540372670807,2.422360248447205,0.18633540372670807,13.229813664596273,0.7453416149068323,0.0,0.37267080745341613,1.3043478260869565,0.18633540372670807,0.7453416149068323,2.981366459627329,0.37267080745341613,0.0,0.9316770186335404,0.5590062111801242,0.5590062111801242,1.8633540372670807,0.5590062111801242,0.0,1.4906832298136645,30.76923076923077,7.6923076923076925,0.0,0.6479,39.24050632911393,37.15384615384615,0.18633540372670807,14.285714285714286,0.0,60.0
37583451,Gabriel Rukavina,Rijeka,Attacker,22.0,Croatia,13.0,478.0,0.0,0.0,7.0,1.0,130.0,78.46,5.0,3.0,62.0,28.0,1.0,0.0,6.53,21.0,7.0,2.0,13.0,20.0,3.0,2.0,1.0,3.0,4.0,9.0,0.0,0.0,9.0,5.0,0.0,0.0,0.0,1.3179916317991631,0.18828451882845187,24.476987447698743,0.9414225941422594,0.5648535564853556,0.18828451882845187,3.9539748953974896,1.3179916317991631,0.37656903765690375,2.4476987447698746,3.7656903765690375,0.5648535564853556,0.37656903765690375,0.18828451882845187,0.5648535564853556,0.7531380753138075,1.6945606694560669,0.0,1.6945606694560669,38.46153846153846,14.285714285714286,0.0,0.7846,45.16129032258065,36.76923076923077,0.0,33.333333333333336,15.0,50.0
37627239,Noel Bodetic,Rijeka,Defender,22.0,Croatia,9.0,474.0,0.0,1.0,7.0,2.0,232.0,86.21,7.0,4.0,27.0,12.0,0.0,0.0,6.87,3.0,2.0,4.0,0.0,41.0,9.0,26.0,12.0,9.0,3.0,9.0,0.0,0.0,6.0,3.0,0.0,0.0,0.189873417721519,1.3291139240506329,0.379746835443038,44.050632911392405,1.3291139240506329,0.759493670886076,0.0,0.569620253164557,0.379746835443038,0.759493670886076,0.0,7.784810126582278,1.7088607594936709,4.936708860759493,2.278481012658228,1.7088607594936709,0.569620253164557,1.7088607594936709,0.0,1.139240506329114,33.333333333333336,28.571428571428573,0.0,0.8621,44.44444444444444,52.666666666666664,0.189873417721519,66.66666666666667,21.951219512195124,46.15384615384615
38202103,Gabrijel Sivalec,Slaven Koprivnica,Attacker,18.0,Croatia,18.0,474.0,0.0,1.0,7.0,1.0,132.0,79.55,10.0,3.0,48.0,20.0,0.0,0.0,6.51,16.0,6.0,7.0,3.0,12.0,2.0,8.0,3.0,3.0,1.0,5.0,0.0,0.0,10.0,1.0,0.0,0.0,0.189873417721519,1.3291139240506329,0.189873417721519,25.063291139240505,1.8987341772151898,0.569620253164557,0.0,3.037974683544304,1.139240506329114,1.3291139240506329,0.569620253164557,2.278481012658228,0.379746835443038,1.518987341772152,0.569620253164557,0.569620253164557,0.189873417721519,0.9493670886075949,0.0,1.8987341772151898,5.555555555555555,14.285714285714286,0.0,0.7955,41.666666666666664,26.333333333333332,0.189873417721519,37.5,16.666666666666668,37.5
37777176,Miloš Jovičić,Osijek,Attacker,20.0,,11.0,471.0,1.0,0.0,9.0,7.0,133.0,64.66,10.0,6.0,53.0,21.0,0.0,0.0,6.65,10.0,4.0,5.0,4.0,10.0,1.0,11.0,1.0,5.0,3.0,13.0,0.0,0.0,5.0,6.0,0.0,0.1910828025477707,0.0,1.7197452229299364,1.3375796178343948,25.414012738853504,1.910828025477707,1.1464968152866242,0.0,1.910828025477707,0.7643312101910829,0.9554140127388535,0.7643312101910829,1.910828025477707,0.1910828025477707,2.1019108280254777,0.1910828025477707,0.9554140127388535,0.5732484076433121,2.484076433121019,0.0,0.9554140127388535,54.54545454545455,77.77777777777777,11.11111111111111,0.6466,39.62264150943396,42.81818181818182,0.1910828025477707,40.0,10.0,9.090909090909092
73704,Alen Grgic,Slaven Koprivnica,Attacker,31.0,Croatia,8.0,463.0,1.0,1.0,8.0,2.0,103.0,67.96,0.0,5.0,50.0,21.0,0.0,0.0,6.7,9.0,2.0,3.0,8.0,18.0,5.0,6.0,5.0,11.0,11.0,2.0,0.0,0.0,9.0,2.0,0.0,0.19438444924406048,0.19438444924406048,1.5550755939524838,0.38876889848812096,20.021598272138228,0.0,0.9719222462203023,0.0,1.7494600431965444,0.38876889848812096,0.5831533477321814,1.5550755939524838,3.4989200863930887,0.9719222462203023,1.1663066954643628,0.9719222462203023,2.138228941684665,2.138228941684665,0.38876889848812096,0.0,1.7494600431965444,25.0,25.0,12.5,0.6796,42.0,57.875,0.38876889848812096,22.22222222222222,27.77777777777778,83.33333333333333
37754863,Ivano Kolarik,Osijek,Defender,19.0,,8.0,450.0,0.0,0.0,4.0,1.0,232.0,84.05,10.0,6.0,47.0,22.0,3.0,0.0,6.76,2.0,1.0,5.0,4.0,2.0,0.0,26.0,6.0,4.0,7.0,26.0,0.0,0.0,4.0,5.0,0.0,0.0,0.0,0.8,0.2,46.4,2.0,1.2,0.6,0.4,0.2,1.0,0.8,0.4,0.0,5.2,1.2,0.8,1.4,5.2,0.0,0.8,62.5,25.0,0.0,0.8405,46.808510638297875,56.25,0.0,50.0,0.0,23.076923076923077
22493418,Nikola Curcija,Osijek,Goalkeeper,25.0,Canada,5.0,450.0,0.0,0.0,0.0,0.0,135.0,62.96,0.0,0.0,3.0,3.0,0.0,0.0,6.64,0.0,0.0,0.0,1.0,0.0,0.0,72.0,22.0,0.0,3.0,12.0,11.0,9.0,8.0,1.0,0.0,0.0,0.0,0.0,0.0,27.0,0.0,0.0,0.0,0.0,0.0,0.0,0.2,0.0,0.0,14.4,4.4,0.0,0.6,2.4,2.2,1.6,20.0,0.0,0.0,0.6296,100.0,90.0,0.0,0.0,0.0,30.555555555555557
24818171,Tornike Morchiladze,Rijeka,Attacker,24.0,Georgia,10.0,445.0,0.0,0.0,11.0,0.0,153.0,82.35,4.0,3.0,77.0,27.0,2.0,0.0,6.53,21.0,8.0,11.0,10.0,20.0,4.0,4.0,3.0,9.0,6.0,6.0,0.0,0.0,5.0,3.0,0.0,0.0,0.0,2.2247191011235956,0.0,30.9438202247191,0.8089887640449438,0.6067415730337079,0.4044943820224719,4.247191011235955,1.6179775280898876,2.2247191011235956,2.0224719101123596,4.044943820224719,0.8089887640449438,0.8089887640449438,0.6067415730337079,1.8202247191011236,1.2134831460674158,1.2134831460674158,0.0,1.0112359550561798,30.0,0.0,0.0,0.8234999999999999,35.064935064935064,44.5,0.0,38.095238095238095,20.0,75.0
37719908,Bruno Durdov,Hajduk Split,Attacker,18.0,Croatia,16.0,415.0,0.0,1.0,15.0,3.0,123.0,69.92,10.0,2.0,53.0,20.0,1.0,0.0,6.63,21.0,6.0,5.0,4.0,19.0,4.0,15.0,9.0,8.0,0.0,2.0,0.0,0.0,4.0,7.0,0.0,0.0,0.21686746987951808,3.253012048192771,0.6506024096385542,26.674698795180724,2.1686746987951806,0.43373493975903615,0.21686746987951808,4.554216867469879,1.3012048192771084,1.0843373493975903,0.8674698795180723,4.120481927710843,0.8674698795180723,3.253012048192771,1.9518072289156627,1.7349397590361446,0.0,0.43373493975903615,0.0,0.8674698795180723,43.75,20.0,0.0,0.6992,37.735849056603776,25.9375,0.21686746987951808,28.571428571428573,21.05263157894737,60.0
537374,Théo Epailly,Gorica,Attacker,27.0,France,14.0,400.0,0.0,1.0,8.0,0.0,81.0,76.54,5.0,1.0,78.0,36.0,0.0,0.0,6.55,24.0,10.0,3.0,16.0,7.0,0.0,7.0,3.0,3.0,5.0,10.0,0.0,0.0,6.0,4.0,0.0,0.0,0.225,1.8,0.0,18.225,1.125,0.225,0.0,5.4,2.25,0.675,3.6,1.575,0.0,1.575,0.675,0.675,1.125,2.25,0.0,1.35,28.571428571428573,0.0,0.0,0.7654000000000001,46.15384615384615,28.571428571428573,0.225,41.666666666666664,0.0,42.857142857142854
383556,Edgar González,Hajduk Split,Defender,29.0,Spain,6.0,392.0,0.0,0.0,0.0,0.0,330.0,90.3,6.0,7.0,39.0,25.0,0.0,0.0,6.77,2.0,0.0,2.0,4.0,0.0,0.0,19.0,5.0,0.0,15.0,20.0,0.0,0.0,4.0,2.0,0.0,0.0,0.0,0.0,0.0,75.76530612244898,1.3775510204081634,1.6071428571428572,0.0,0.45918367346938777,0.0,0.45918367346938777,0.9183673469387755,0.0,0.0,4.362244897959184,1.1479591836734695,0.0,3.443877551020408,4.591836734693878,0.0,0.9183673469387755,33.333333333333336,0.0,0.0,0.903,64.1025641025641,65.33333333333333,0.0,0.0,0.0,26.31578947368421
37287270,Dominik Mulac,Vukovar,Defender,27.0,Croatia,7.0,383.0,0.0,0.0,5.0,2.0,140.0,74.29,3.0,8.0,22.0,10.0,1.0,0.0,6.62,2.0,2.0,2.0,0.0,1.0,1.0,22.0,7.0,1.0,5.0,20.0,0.0,0.0,8.0,0.0,0.0,0.0,0.0,1.174934725848564,0.4699738903394256,32.89817232375979,0.7049608355091384,1.8798955613577024,0.2349869451697128,0.4699738903394256,0.4699738903394256,0.4699738903394256,0.0,0.2349869451697128,0.2349869451697128,5.169712793733681,1.6449086161879896,0.2349869451697128,1.174934725848564,4.699738903394256,0.0,1.8798955613577024,0.0,40.0,0.0,0.7429000000000001,45.45454545454545,54.714285714285715,0.0,100.0,100.0,31.818181818181817
37709571,Lovre Kulusic,Vukovar,Midfielder,19.0,Croatia,7.0,363.0,0.0,0.0,6.0,3.0,49.0,63.27,2.0,1.0,58.0,19.0,3.0,0.0,6.33,4.0,1.0,2.0,4.0,1.0,0.0,2.0,1.0,0.0,12.0,3.0,0.0,0.0,6.0,2.0,0.0,0.0,0.0,1.487603305785124,0.743801652892562,12.148760330578513,0.49586776859504134,0.24793388429752067,0.743801652892562,0.9917355371900827,0.24793388429752067,0.49586776859504134,0.9917355371900827,0.24793388429752067,0.0,0.49586776859504134,0.24793388429752067,0.0,2.975206611570248,0.743801652892562,0.0,1.487603305785124,28.571428571428573,50.0,0.0,0.6327,32.758620689655174,51.857142857142854,0.0,25.0,0.0,50.0
5666584,Josip Silic,Varaždin,Goalkeeper,26.0,Croatia,4.0,360.0,0.0,0.0,0.0,0.0,93.0,54.84,0.0,0.0,2.0,2.0,2.0,0.0,6.97,0.0,0.0,0.0,2.0,0.0,0.0,60.0,19.0,0.0,0.0,7.0,15.0,10.0,6.0,1.0,0.0,0.0,0.0,0.0,0.0,23.25,0.0,0.0,0.5,0.0,0.0,0.0,0.5,0.0,0.0,15.0,4.75,0.0,0.0,1.75,3.75,1.5,25.0,0.0,0.0,0.5484,100.0,90.0,0.0,0.0,0.0,31.666666666666668
448372,Gonzalo Villar,Dinamo Zagreb,Midfielder,28.0,Spain,11.0,356.0,1.0,1.0,5.0,2.0,247.0,88.66,6.0,1.0,47.0,29.0,1.0,0.0,6.75,11.0,6.0,4.0,14.0,5.0,1.0,15.0,9.0,3.0,3.0,1.0,0.0,0.0,5.0,3.0,0.0,0.25280898876404495,0.25280898876404495,1.2640449438202248,0.5056179775280899,62.443820224719104,1.5168539325842696,0.25280898876404495,0.25280898876404495,2.7808988764044944,1.5168539325842696,1.0112359550561798,3.539325842696629,1.2640449438202248,0.25280898876404495,3.792134831460674,2.2752808988764044,0.7584269662921348,0.7584269662921348,0.25280898876404495,0.0,1.2640449438202248,27.272727272727273,40.0,20.0,0.8865999999999999,61.702127659574465,32.36363636363637,0.5056179775280899,54.54545454545455,20.0,60.0
6642534,Rüfat Abdullazada,Varaždin,Midfielder,25.0,Azerbaijan,9.0,355.0,0.0,2.0,6.0,1.0,113.0,76.99,4.0,2.0,51.0,17.0,0.0,0.0,6.54,11.0,4.0,8.0,5.0,6.0,0.0,7.0,5.0,8.0,4.0,1.0,0.0,0.0,5.0,3.0,0.0,0.0,0.5070422535211268,1.5211267605633803,0.2535211267605634,28.64788732394366,1.0140845070422535,0.5070422535211268,0.0,2.788732394366197,1.0140845070422535,2.028169014084507,1.267605633802817,1.5211267605633803,0.0,1.7746478873239437,1.267605633802817,2.028169014084507,1.0140845070422535,0.2535211267605634,0.0,1.267605633802817,33.333333333333336,16.666666666666668,0.0,0.7698999999999999,33.333333333333336,39.44444444444444,0.5070422535211268,36.36363636363637,0.0,71.42857142857143
462256,Marin Pilj,Vukovar,Midfielder,29.0,Croatia,8.0,354.0,0.0,0.0,3.0,1.0,164.0,86.59,6.0,1.0,30.0,15.0,4.0,0.0,6.54,3.0,3.0,6.0,6.0,2.0,1.0,12.0,8.0,3.0,0.0,7.0,0.0,0.0,6.0,0.0,0.0,0.0,0.0,0.7627118644067796,0.2542372881355932,41.69491525423729,1.5254237288135593,0.2542372881355932,1.0169491525423728,0.7627118644067796,0.7627118644067796,1.5254237288135593,1.5254237288135593,0.5084745762711864,0.2542372881355932,3.0508474576271185,2.0338983050847457,0.7627118644067796,0.0,1.7796610169491525,0.0,1.5254237288135593,0.0,33.333333333333336,0.0,0.8659,50.0,44.25,0.0,100.0,50.0,66.66666666666667
37332132,Alejandro Jay,Istra 1961,Defender,23.0,Spain,10.0,349.0,0.0,0.0,1.0,0.0,129.0,71.32,9.0,6.0,41.0,23.0,1.0,0.0,6.57,13.0,8.0,4.0,4.0,10.0,0.0,12.0,1.0,2.0,2.0,4.0,0.0,0.0,4.0,1.0,0.0,0.0,0.0,0.25787965616045844,0.0,33.26647564469914,2.320916905444126,1.5472779369627507,0.25787965616045844,3.35243553008596,2.0630372492836675,1.0315186246418337,1.0315186246418337,2.5787965616045847,0.0,3.0945558739255015,0.25787965616045844,0.5157593123209169,0.5157593123209169,1.0315186246418337,0.0,1.0315186246418337,10.0,0.0,0.0,0.7132,56.09756097560975,34.9,0.0,61.53846153846154,0.0,8.333333333333334
37609018,Marcel Lorber,Lokomotiva Zagreb,Midfielder,22.0,Slovenia,10.0,348.0,0.0,0.0,2.0,1.0,124.0,84.68,15.0,3.0,50.0,25.0,1.0,0.0,6.65,8.0,2.0,4.0,5.0,6.0,3.0,12.0,8.0,4.0,3.0,8.0,0.0,0.0,4.0,3.0,0.0,0.0,0.0,0.5172413793103449,0.25862068965517243,32.06896551724138,3.8793103448275863,0.7758620689655172,0.25862068965517243,2.0689655172413794,0.5172413793103449,1.0344827586206897,1.293103448275862,1.5517241379310345,0.7758620689655172,3.103448275862069,2.0689655172413794,1.0344827586206897,0.7758620689655172,2.0689655172413794,0.0,1.0344827586206897,30.0,50.0,0.0,0.8468000000000001,50.0,34.8,0.0,25.0,50.0,66.66666666666667
4545523,Rafael Camacho,Vukovar,Attacker,26.0,Portugal,9.0,340.0,0.0,1.0,4.0,1.0,64.0,71.88,4.0,0.0,33.0,10.0,1.0,0.0,6.52,7.0,2.0,4.0,1.0,16.0,5.0,4.0,1.0,4.0,3.0,2.0,0.0,0.0,6.0,1.0,0.0,0.0,0.2647058823529412,1.0588235294117647,0.2647058823529412,16.941176470588236,1.0588235294117647,0.0,0.2647058823529412,1.8529411764705883,0.5294117647058824,1.0588235294117647,0.2647058823529412,4.235294117647059,1.3235294117647058,1.0588235294117647,0.2647058823529412,1.0588235294117647,0.7941176470588235,0.5294117647058824,0.0,1.588235294117647,11.11111111111111,25.0,0.0,0.7188,30.303030303030305,37.77777777777778,0.2647058823529412,28.571428571428573,31.25,25.0
74849,Ivan Bozic,Slaven Koprivnica,Attacker,29.0,Croatia,6.0,330.0,1.0,0.0,7.0,4.0,67.0,77.61,6.0,1.0,34.0,16.0,1.0,1.0,6.76,4.0,1.0,1.0,3.0,11.0,2.0,2.0,1.0,7.0,6.0,2.0,0.0,0.0,4.0,0.0,0.0,0.2727272727272727,0.0,1.9090909090909092,1.0909090909090908,18.272727272727273,1.6363636363636365,0.2727272727272727,0.5454545454545454,1.0909090909090908,0.2727272727272727,0.2727272727272727,0.8181818181818182,3.0,0.5454545454545454,0.5454545454545454,0.2727272727272727,1.9090909090909092,1.6363636363636365,0.5454545454545454,0.0,1.0909090909090908,0.0,57.142857142857146,14.285714285714286,0.7761,47.05882352941177,55.0,0.2727272727272727,25.0,18.181818181818183,50.0
37721623,Teo Barišić,Rijeka,Defender,21.0,Croatia,6.0,329.0,0.0,0.0,1.0,0.0,228.0,88.6,4.0,3.0,39.0,28.0,0.0,0.0,6.95,11.0,8.0,0.0,10.0,1.0,0.0,19.0,10.0,2.0,6.0,12.0,0.0,0.0,4.0,1.0,0.0,0.0,0.0,0.2735562310030395,0.0,62.37082066869301,1.094224924012158,0.8206686930091185,0.0,3.0091185410334345,2.188449848024316,0.0,2.735562310030395,0.2735562310030395,0.0,5.197568389057751,2.735562310030395,0.547112462006079,1.641337386018237,3.282674772036474,0.0,1.094224924012158,16.666666666666668,0.0,0.0,0.8859999999999999,71.7948717948718,54.833333333333336,0.0,72.72727272727273,0.0,52.63157894736842
37667186,Noa Skoko,Hajduk Split,Midfielder,20.0,Croatia,10.0,316.0,0.0,0.0,5.0,1.0,150.0,80.67,14.0,2.0,49.0,25.0,0.0,0.0,6.62,9.0,3.0,4.0,5.0,3.0,0.0,5.0,3.0,7.0,3.0,2.0,0.0,0.0,8.0,3.0,0.0,0.0,0.0,1.4240506329113924,0.2848101265822785,42.721518987341774,3.9873417721518987,0.569620253164557,0.0,2.5632911392405062,0.8544303797468354,1.139240506329114,1.4240506329113924,0.8544303797468354,0.0,1.4240506329113924,0.8544303797468354,1.9936708860759493,0.8544303797468354,0.569620253164557,0.0,2.278481012658228,30.0,20.0,0.0,0.8067,51.02040816326531,31.6,0.0,33.333333333333336,0.0,60.0
37910997,Dominik Thaqi,Rijeka,Attacker,19.0,,6.0,307.0,0.0,0.0,7.0,0.0,70.0,74.29,8.0,6.0,46.0,15.0,2.0,0.0,6.56,7.0,3.0,2.0,3.0,18.0,3.0,1.0,0.0,5.0,1.0,2.0,0.0,0.0,3.0,0.0,0.0,0.0,0.0,2.0521172638436482,0.0,20.521172638436482,2.3452768729641695,1.758957654723127,0.5863192182410424,2.0521172638436482,0.8794788273615635,0.5863192182410424,0.8794788273615635,5.276872964169381,0.8794788273615635,0.2931596091205212,0.0,1.4657980456026058,0.2931596091205212,0.5863192182410424,0.0,0.8794788273615635,0.0,0.0,0.0,0.7429000000000001,32.608695652173914,51.166666666666664,0.0,42.857142857142854,16.666666666666668,0.0
72677,Vedran Jugovic,Osijek,Midfielder,36.0,Croatia,8.0,302.0,0.0,0.0,2.0,0.0,108.0,83.33,3.0,2.0,26.0,8.0,0.0,0.0,6.39,3.0,2.0,4.0,3.0,9.0,1.0,7.0,3.0,1.0,1.0,2.0,0.0,0.0,11.0,1.0,0.0,0.0,0.0,0.5960264900662252,0.0,32.18543046357616,0.8940397350993378,0.5960264900662252,0.0,0.8940397350993378,0.5960264900662252,1.1920529801324504,0.8940397350993378,2.6821192052980134,0.2980132450331126,2.0860927152317883,0.8940397350993378,0.2980132450331126,0.2980132450331126,0.5960264900662252,0.0,3.2781456953642385,12.5,0.0,0.0,0.8332999999999999,30.76923076923077,37.75,0.0,66.66666666666667,11.11111111111111,42.857142857142854
74068,Josip Elez,Vukovar,Defender,32.0,Croatia,5.0,298.0,0.0,0.0,0.0,0.0,177.0,84.75,3.0,3.0,28.0,14.0,1.0,0.0,6.43,2.0,2.0,3.0,1.0,1.0,0.0,36.0,21.0,2.0,9.0,11.0,0.0,0.0,10.0,0.0,0.0,0.0,0.0,0.0,0.0,53.45637583892618,0.9060402684563759,0.9060402684563759,0.30201342281879195,0.6040268456375839,0.6040268456375839,0.9060402684563759,0.30201342281879195,0.30201342281879195,0.0,10.87248322147651,6.342281879194631,0.6040268456375839,2.7181208053691277,3.3221476510067114,0.0,3.0201342281879193,0.0,0.0,0.0,0.8475,50.0,59.6,0.0,100.0,0.0,58.333333333333336
37688867,Marino Skelin,Hajduk Split,Defender,19.0,Croatia,4.0,289.0,0.0,0.0,0.0,0.0,228.0,92.98,5.0,2.0,18.0,10.0,1.0,0.0,6.7,0.0,0.0,2.0,3.0,0.0,0.0,18.0,10.0,0.0,2.0,12.0,0.0,0.0,3.0,1.0,0.0,0.0,0.0,0.0,0.0,71.00346020761246,1.5570934256055364,0.6228373702422145,0.31141868512110726,0.0,0.0,0.6228373702422145,0.9342560553633218,0.0,0.0,5.6055363321799305,3.114186851211073,0.0,0.6228373702422145,3.737024221453287,0.0,0.9342560553633218,25.0,0.0,0.0,0.9298000000000001,55.55555555555556,72.25,0.0,0.0,0.0,55.55555555555556
37717406,Cardoso Varela,Dinamo Zagreb,Attacker,17.0,Portugal,14.0,287.0,0.0,1.0,6.0,2.0,95.0,76.84,6.0,1.0,41.0,10.0,1.0,0.0,6.6,8.0,4.0,5.0,2.0,17.0,5.0,2.0,2.0,6.0,0.0,8.0,0.0,0.0,6.0,4.0,0.0,0.0,0.313588850174216,1.8815331010452963,0.627177700348432,29.790940766550523,1.8815331010452963,0.313588850174216,0.313588850174216,2.508710801393728,1.254355400696864,1.5679442508710801,0.627177700348432,5.331010452961673,1.5679442508710801,0.627177700348432,0.627177700348432,1.8815331010452963,0.0,2.508710801393728,0.0,1.8815331010452963,28.571428571428573,33.333333333333336,0.0,0.7684000000000001,24.390243902439025,20.5,0.313588850174216,50.0,29.41176470588235,100.0
37645191,Luka Klanac,Vukovar,Attacker,21.0,Germany,8.0,284.0,0.0,0.0,5.0,2.0,37.0,72.97,2.0,2.0,34.0,11.0,1.0,0.0,6.54,5.0,1.0,2.0,1.0,1.0,0.0,0.0,0.0,1.0,7.0,3.0,0.0,0.0,4.0,1.0,0.0,0.0,0.0,1.5845070422535212,0.6338028169014085,11.725352112676056,0.6338028169014085,0.6338028169014085,0.31690140845070425,1.5845070422535212,0.31690140845070425,0.6338028169014085,0.31690140845070425,0.31690140845070425,0.0,0.0,0.0,0.31690140845070425,2.2183098591549295,0.9507042253521126,0.0,1.267605633802817,12.5,40.0,0.0,0.7297,32.35294117647059,35.5,0.0,20.0,0.0,0.0
37667185,Filip Zivkovic,Osijek,Attacker,19.0,Croatia,10.0,283.0,0.0,0.0,14.0,1.0,86.0,70.93,8.0,1.0,68.0,25.0,0.0,0.0,6.63,17.0,3.0,2.0,10.0,6.0,2.0,4.0,3.0,8.0,4.0,1.0,0.0,0.0,2.0,4.0,0.0,0.0,0.0,4.4522968197879855,0.31802120141342755,27.34982332155477,2.5441696113074204,0.31802120141342755,0.0,5.406360424028269,0.9540636042402827,0.6360424028268551,3.1802120141342756,1.9081272084805654,0.6360424028268551,1.2720848056537102,0.9540636042402827,2.5441696113074204,1.2720848056537102,0.31802120141342755,0.0,0.6360424028268551,40.0,7.142857142857143,0.0,0.7093,36.76470588235294,28.3,0.0,17.647058823529413,33.333333333333336,75.0
37696419,Noa Mikić,Dinamo Zagreb,Defender,19.0,Croatia,5.0,276.0,0.0,0.0,1.0,0.0,96.0,77.08,5.0,5.0,20.0,16.0,2.0,0.0,6.87,4.0,4.0,0.0,5.0,9.0,2.0,15.0,8.0,1.0,2.0,7.0,0.0,0.0,2.0,1.0,0.0,0.0,0.0,0.32608695652173914,0.0,31.304347826086957,1.6304347826086956,1.6304347826086956,0.6521739130434783,1.3043478260869565,1.3043478260869565,0.0,1.6304347826086956,2.9347826086956523,0.6521739130434783,4.891304347826087,2.608695652173913,0.32608695652173914,0.6521739130434783,2.282608695652174,0.0,0.6521739130434783,20.0,0.0,0.0,0.7707999999999999,80.0,55.2,0.0,100.0,22.22222222222222,53.333333333333336
73929,Petar Bockaj,Varaždin,Defender,29.0,Croatia,11.0,274.0,0.0,0.0,13.0,5.0,127.0,74.8,6.0,2.0,40.0,21.0,1.0,0.0,6.69,12.0,4.0,1.0,11.0,36.0,5.0,28.0,19.0,14.0,0.0,1.0,0.0,0.0,4.0,2.0,0.0,0.0,0.0,4.2700729927007295,1.6423357664233578,41.715328467153284,1.9708029197080292,0.656934306569343,0.3284671532846715,3.9416058394160585,1.313868613138686,0.3284671532846715,3.613138686131387,11.824817518248175,1.6423357664233578,9.197080291970803,6.240875912408759,4.598540145985401,0.0,0.3284671532846715,0.0,1.313868613138686,18.181818181818183,38.46153846153846,0.0,0.748,52.5,24.90909090909091,0.0,33.333333333333336,13.88888888888889,67.85714285714286
37596432,Luka Posinković,Varaždin,Defender,,Croatia,5.0,272.0,0.0,0.0,2.0,1.0,58.0,68.97,5.0,1.0,25.0,10.0,0.0,0.0,6.25,2.0,0.0,7.0,3.0,11.0,2.0,14.0,5.0,1.0,3.0,11.0,0.0,0.0,8.0,1.0,0.0,0.0,0.0,0.6617647058823529,0.33088235294117646,19.191176470588236,1.6544117647058822,0.33088235294117646,0.0,0.6617647058823529,0.0,2.3161764705882355,0.9926470588235294,3.639705882352941,0.6617647058823529,4.632352941176471,1.6544117647058822,0.33088235294117646,0.9926470588235294,3.639705882352941,0.0,2.6470588235294117,20.0,50.0,0.0,0.6897,40.0,54.4,0.0,0.0,18.181818181818183,35.714285714285715
37651323,Luka Savatovic,Lokomotiva Zagreb,Goalkeeper,22.0,Croatia,3.0,270.0,0.0,0.0,0.0,0.0,96.0,69.79,0.0,0.0,1.0,1.0,0.0,0.0,6.8,0.0,0.0,0.0,1.0,0.0,0.0,45.0,17.0,1.0,1.0,2.0,5.0,4.0,2.0,1.0,0.0,0.0,0.0,0.0,0.0,32.0,0.0,0.0,0.0,0.0,0.0,0.0,0.3333333333333333,0.0,0.0,15.0,5.666666666666667,0.3333333333333333,0.3333333333333333,0.6666666666666666,1.6666666666666667,0.6666666666666666,33.333333333333336,0.0,0.0,0.6979000000000001,100.0,90.0,0.0,0.0,0.0,37.77777777777778
37514224,Aleksa Todorović,Rijeka,Goalkeeper,22.0,Serbia,3.0,270.0,0.0,0.0,0.0,0.0,97.0,53.61,1.0,0.0,6.0,6.0,0.0,0.0,6.96,0.0,0.0,0.0,3.0,1.0,1.0,63.0,19.0,0.0,4.0,2.0,4.0,3.0,0.0,3.0,0.0,0.0,0.0,0.0,0.0,32.333333333333336,0.3333333333333333,0.0,0.0,0.0,0.0,0.0,1.0,0.3333333333333333,0.3333333333333333,21.0,6.333333333333333,0.0,1.3333333333333333,0.6666666666666666,1.3333333333333333,0.0,100.0,0.0,0.0,0.5361,100.0,90.0,0.0,0.0,100.0,30.158730158730158
37688868,Marko Zebić,Dinamo Zagreb,Defender,19.0,Croatia,3.0,270.0,0.0,0.0,1.0,1.0,242.0,91.32,7.0,3.0,13.0,8.0,0.0,0.0,7.4,1.0,1.0,0.0,0.0,1.0,0.0,28.0,19.0,1.0,0.0,12.0,0.0,0.0,1.0,2.0,0.0,0.0,0.0,0.3333333333333333,0.3333333333333333,80.66666666666667,2.3333333333333335,1.0,0.0,0.3333333333333333,0.3333333333333333,0.0,0.0,0.3333333333333333,0.0,9.333333333333334,6.333333333333333,0.3333333333333333,0.0,4.0,0.0,0.3333333333333333,66.66666666666667,100.0,0.0,0.9131999999999999,61.53846153846154,90.0,0.0,100.0,0.0,67.85714285714286
37624674,R. Hrvatin,Istra 1961,Defender,19.0,Slovenia,5.0,263.0,0.0,1.0,2.0,0.0,80.0,63.75,4.0,1.0,37.0,16.0,0.0,0.0,6.47,14.0,4.0,1.0,5.0,7.0,1.0,11.0,4.0,3.0,3.0,11.0,0.0,0.0,5.0,1.0,0.0,0.0,0.34220532319391633,0.6844106463878327,0.0,27.376425855513308,1.3688212927756653,0.34220532319391633,0.0,4.7908745247148286,1.3688212927756653,0.34220532319391633,1.7110266159695817,2.3954372623574143,0.34220532319391633,3.76425855513308,1.3688212927756653,1.026615969581749,1.026615969581749,3.76425855513308,0.0,1.7110266159695817,20.0,0.0,0.0,0.6375,43.24324324324324,52.6,0.34220532319391633,28.571428571428573,14.285714285714286,36.36363636363637
74035,Josip Špoljarić,Vukovar,Midfielder,29.0,Croatia,13.0,262.0,0.0,0.0,4.0,0.0,90.0,68.89,2.0,1.0,39.0,17.0,0.0,0.0,6.43,7.0,2.0,2.0,7.0,2.0,0.0,11.0,4.0,2.0,7.0,3.0,0.0,0.0,10.0,2.0,0.0,0.0,0.0,1.3740458015267176,0.0,30.916030534351144,0.6870229007633588,0.3435114503816794,0.0,2.404580152671756,0.6870229007633588,0.6870229007633588,2.404580152671756,0.6870229007633588,0.0,3.7786259541984735,1.3740458015267176,0.6870229007633588,2.404580152671756,1.0305343511450382,0.0,3.435114503816794,15.384615384615385,0.0,0.0,0.6889,43.58974358974359,20.153846153846153,0.0,28.571428571428573,0.0,36.36363636363637
37539494,Saydou Bangura,Istra 1961,Attacker,23.0,Netherlands,12.0,262.0,2.0,0.0,8.0,3.0,49.0,77.55,1.0,1.0,39.0,11.0,0.0,0.0,6.61,5.0,2.0,0.0,2.0,0.0,0.0,1.0,1.0,1.0,6.0,3.0,0.0,0.0,6.0,2.0,0.0,0.6870229007633588,0.0,2.7480916030534353,1.0305343511450382,16.83206106870229,0.3435114503816794,0.3435114503816794,0.0,1.717557251908397,0.6870229007633588,0.0,0.6870229007633588,0.0,0.0,0.3435114503816794,0.3435114503816794,0.3435114503816794,2.0610687022900764,1.0305343511450382,0.0,2.0610687022900764,16.666666666666668,37.5,25.0,0.7755,28.205128205128204,21.833333333333332,0.6870229007633588,40.0,0.0,100.0
37764893,Niko Farkas,Osijek,Midfielder,19.0,,7.0,255.0,1.0,1.0,3.0,2.0,79.0,73.42,4.0,6.0,42.0,12.0,1.0,0.0,6.5,12.0,2.0,5.0,4.0,0.0,0.0,4.0,2.0,4.0,2.0,5.0,0.0,0.0,5.0,3.0,0.0,0.35294117647058826,0.35294117647058826,1.0588235294117647,0.7058823529411765,27.88235294117647,1.411764705882353,2.1176470588235294,0.35294117647058826,4.235294117647059,0.7058823529411765,1.7647058823529411,1.411764705882353,0.0,0.0,1.411764705882353,0.7058823529411765,1.411764705882353,0.7058823529411765,1.7647058823529411,0.0,1.7647058823529411,42.857142857142854,66.66666666666667,33.333333333333336,0.7342,28.571428571428573,36.42857142857143,0.7058823529411765,16.666666666666668,0.0,50.0
37287473,Logi Hrafn Róbertsson,Istra 1961,Midfielder,21.0,Iceland,9.0,253.0,0.0,0.0,2.0,1.0,104.0,85.58,7.0,6.0,32.0,19.0,0.0,0.0,6.54,4.0,2.0,6.0,5.0,1.0,0.0,7.0,3.0,1.0,7.0,12.0,0.0,0.0,4.0,3.0,0.0,0.0,0.0,0.7114624505928854,0.3557312252964427,36.99604743083004,2.4901185770750986,2.1343873517786562,0.0,1.4229249011857708,0.7114624505928854,2.1343873517786562,1.7786561264822134,0.3557312252964427,0.0,2.4901185770750986,1.0671936758893281,0.3557312252964427,2.4901185770750986,4.2687747035573125,0.0,1.4229249011857708,33.333333333333336,50.0,0.0,0.8558,59.375,28.11111111111111,0.0,50.0,0.0,42.857142857142854
38207537,Losika Ratshukudu,Slaven Koprivnica,Attacker,20.0,Botswana,3.0,250.0,0.0,1.0,6.0,1.0,56.0,80.36,4.0,0.0,31.0,13.0,0.0,0.0,6.67,9.0,6.0,2.0,2.0,3.0,1.0,0.0,0.0,2.0,1.0,1.0,0.0,0.0,6.0,1.0,0.0,0.0,0.36,2.16,0.36,20.16,1.44,0.0,0.0,3.24,2.16,0.72,0.72,1.08,0.36,0.0,0.0,0.72,0.36,0.36,0.0,2.16,33.333333333333336,16.666666666666668,0.0,0.8036,41.935483870967744,83.33333333333333,0.36,66.66666666666667,33.333333333333336,0.0
37732498,Pavle Smiljanic,Lokomotiva Zagreb,Midfielder,18.0,,6.0,246.0,0.0,0.0,2.0,1.0,81.0,74.07,8.0,3.0,32.0,15.0,0.0,0.0,6.71,6.0,4.0,5.0,3.0,2.0,0.0,8.0,3.0,0.0,0.0,2.0,0.0,0.0,2.0,2.0,0.0,0.0,0.0,0.7317073170731707,0.36585365853658536,29.634146341463413,2.926829268292683,1.0975609756097562,0.0,2.1951219512195124,1.4634146341463414,1.829268292682927,1.0975609756097562,0.7317073170731707,0.0,2.926829268292683,1.0975609756097562,0.0,0.0,0.7317073170731707,0.0,0.7317073170731707,33.333333333333336,50.0,0.0,0.7406999999999999,46.875,41.0,0.0,66.66666666666667,0.0,37.5
37590876,Mody Boune,Lokomotiva Zagreb,Defender,24.0,France,7.0,245.0,1.0,0.0,3.0,2.0,81.0,80.25,6.0,3.0,41.0,20.0,1.0,0.0,6.75,16.0,7.0,0.0,2.0,12.0,2.0,3.0,1.0,2.0,5.0,4.0,0.0,0.0,3.0,1.0,0.0,0.3673469387755102,0.0,1.1020408163265305,0.7346938775510204,29.755102040816325,2.204081632653061,1.1020408163265305,0.3673469387755102,5.877551020408164,2.5714285714285716,0.0,0.7346938775510204,4.408163265306122,0.7346938775510204,1.1020408163265305,0.3673469387755102,0.7346938775510204,1.836734693877551,1.469387755102041,0.0,1.1020408163265305,14.285714285714286,66.66666666666667,33.333333333333336,0.8025,48.78048780487805,35.0,0.3673469387755102,43.75,16.666666666666668,33.333333333333336
21394910,Filip Jovic,Slaven Koprivnica,Defender,26.0,Serbia,5.0,239.0,0.0,0.0,0.0,0.0,68.0,76.47,2.0,1.0,16.0,8.0,0.0,0.0,6.34,1.0,1.0,1.0,5.0,11.0,4.0,13.0,3.0,2.0,0.0,7.0,0.0,0.0,5.0,0.0,0.0,0.0,0.0,0.0,0.0,25.606694560669457,0.7531380753138075,0.37656903765690375,0.0,0.37656903765690375,0.37656903765690375,0.37656903765690375,1.8828451882845187,4.142259414225942,1.506276150627615,4.895397489539749,1.1297071129707112,0.7531380753138075,0.0,2.6359832635983262,0.0,1.8828451882845187,0.0,0.0,0.0,0.7646999999999999,50.0,47.8,0.0,100.0,36.36363636363637,23.076923076923077
37287246,Mateo Barac,Slaven Koprivnica,Defender,25.0,Croatia,4.0,233.0,0.0,0.0,3.0,0.0,47.0,63.83,4.0,3.0,16.0,10.0,0.0,0.0,6.49,3.0,0.0,0.0,2.0,20.0,4.0,15.0,6.0,2.0,4.0,9.0,0.0,0.0,6.0,0.0,0.0,0.0,0.0,1.1587982832618027,0.0,18.15450643776824,1.5450643776824033,1.1587982832618027,0.0,1.1587982832618027,0.0,0.0,0.7725321888412017,7.725321888412017,1.5450643776824033,5.793991416309013,2.3175965665236054,0.7725321888412017,1.5450643776824033,3.476394849785408,0.0,2.3175965665236054,0.0,0.0,0.0,0.6383,62.5,58.25,0.0,0.0,20.0,40.0
74127,Anthony Kalik,Hajduk Split,Midfielder,28.0,Australia,17.0,232.0,1.0,0.0,7.0,3.0,86.0,77.91,13.0,2.0,42.0,24.0,2.0,0.0,6.65,5.0,2.0,1.0,6.0,1.0,0.0,5.0,3.0,1.0,3.0,2.0,0.0,0.0,4.0,8.0,0.0,0.3879310344827586,0.0,2.7155172413793105,1.1637931034482758,33.36206896551724,5.043103448275862,0.7758620689655172,0.7758620689655172,1.9396551724137931,0.7758620689655172,0.3879310344827586,2.3275862068965516,0.3879310344827586,0.0,1.9396551724137931,1.1637931034482758,0.3879310344827586,1.1637931034482758,0.7758620689655172,0.0,1.5517241379310345,47.05882352941177,42.857142857142854,14.285714285714286,0.7791,57.142857142857146,13.647058823529411,0.3879310344827586,40.0,0.0,60.0
3533990,Yassine Benrahou,Hajduk Split,Midfielder,27.0,Morocco,4.0,229.0,2.0,0.0,5.0,2.0,95.0,86.32,2.0,1.0,24.0,13.0,0.0,0.0,7.34,10.0,6.0,1.0,5.0,15.0,8.0,7.0,3.0,10.0,0.0,1.0,0.0,0.0,1.0,3.0,0.0,0.7860262008733624,0.0,1.965065502183406,0.7860262008733624,37.33624454148472,0.7860262008733624,0.3930131004366812,0.0,3.930131004366812,2.3580786026200875,0.3930131004366812,1.965065502183406,5.895196506550218,3.1441048034934496,2.7510917030567685,1.1790393013100438,3.930131004366812,0.0,0.3930131004366812,0.0,0.3930131004366812,75.0,40.0,40.0,0.8632,54.166666666666664,57.25,0.7860262008733624,60.0,53.333333333333336,42.857142857142854
37728377,Ivan Barić,Osijek,Attacker,19.0,Croatia,10.0,227.0,0.0,0.0,2.0,0.0,51.0,74.51,5.0,2.0,34.0,15.0,1.0,0.0,6.56,2.0,1.0,3.0,3.0,0.0,0.0,1.0,0.0,1.0,6.0,1.0,0.0,0.0,4.0,4.0,0.0,0.0,0.0,0.7929515418502202,0.0,20.220264317180618,1.9823788546255507,0.7929515418502202,0.3964757709251101,0.7929515418502202,0.3964757709251101,1.1894273127753303,1.1894273127753303,0.0,0.0,0.3964757709251101,0.0,0.3964757709251101,2.3788546255506606,0.3964757709251101,0.0,1.5859030837004404,40.0,0.0,0.0,0.7451000000000001,44.11764705882353,22.7,0.0,50.0,0.0,0.0
37694417,Charles Adah Agada,Istra 1961,Attacker,19.0,Nigeria,14.0,221.0,1.0,0.0,10.0,4.0,31.0,64.52,3.0,1.0,69.0,31.0,0.0,0.0,6.56,16.0,3.0,0.0,12.0,6.0,0.0,3.0,1.0,1.0,13.0,0.0,0.0,0.0,3.0,0.0,0.0,0.4072398190045249,0.0,4.072398190045249,1.6289592760180995,12.624434389140271,1.2217194570135748,0.4072398190045249,0.0,6.515837104072398,1.2217194570135748,0.0,4.886877828054299,2.4434389140271495,0.0,1.2217194570135748,0.4072398190045249,0.4072398190045249,5.294117647058823,0.0,0.0,1.2217194570135748,0.0,40.0,10.0,0.6452,44.927536231884055,15.785714285714286,0.4072398190045249,18.75,0.0,33.333333333333336
51829,Marin Leovac,Lokomotiva Zagreb,Defender,37.0,Croatia,8.0,221.0,0.0,0.0,1.0,0.0,109.0,75.23,2.0,2.0,15.0,7.0,1.0,0.0,6.41,2.0,2.0,1.0,0.0,9.0,2.0,12.0,4.0,0.0,3.0,4.0,0.0,0.0,6.0,3.0,0.0,0.0,0.0,0.4072398190045249,0.0,44.38914027149321,0.8144796380090498,0.8144796380090498,0.4072398190045249,0.8144796380090498,0.8144796380090498,0.4072398190045249,0.0,3.665158371040724,0.8144796380090498,4.886877828054299,1.6289592760180995,0.0,1.2217194570135748,1.6289592760180995,0.0,2.4434389140271495,37.5,0.0,0.0,0.7523000000000001,46.666666666666664,27.625,0.0,100.0,22.22222222222222,33.333333333333336
64334,Marko Petrovic,Slaven Koprivnica,Defender,43.0,Serbia,3.0,214.0,0.0,0.0,2.0,1.0,79.0,79.75,4.0,1.0,17.0,9.0,1.0,0.0,6.42,1.0,0.0,2.0,1.0,5.0,1.0,15.0,5.0,1.0,4.0,9.0,0.0,0.0,6.0,0.0,0.0,0.0,0.0,0.8411214953271028,0.4205607476635514,33.22429906542056,1.6822429906542056,0.4205607476635514,0.4205607476635514,0.4205607476635514,0.0,0.8411214953271028,0.4205607476635514,2.102803738317757,0.4205607476635514,6.308411214953271,2.102803738317757,0.4205607476635514,1.6822429906542056,3.7850467289719627,0.0,2.5233644859813085,0.0,50.0,0.0,0.7975,52.94117647058823,71.33333333333333,0.0,0.0,20.0,33.333333333333336
41245,Törles Knöll,Vukovar,Attacker,28.0,Germany,5.0,211.0,0.0,0.0,1.0,0.0,34.0,70.59,1.0,0.0,20.0,9.0,0.0,0.0,6.46,0.0,0.0,1.0,2.0,1.0,0.0,0.0,0.0,1.0,6.0,2.0,0.0,0.0,5.0,0.0,0.0,0.0,0.0,0.4265402843601896,0.0,14.502369668246445,0.4265402843601896,0.0,0.0,0.0,0.0,0.4265402843601896,0.8530805687203792,0.4265402843601896,0.0,0.0,0.0,0.4265402843601896,2.559241706161137,0.8530805687203792,0.0,2.132701421800948,0.0,0.0,0.0,0.7059000000000001,45.0,42.2,0.0,0.0,0.0,0.0
38127159,Stjepan Kucis,Gorica,Midfielder,19.0,Croatia,14.0,200.0,0.0,0.0,1.0,0.0,64.0,78.12,3.0,4.0,29.0,12.0,0.0,0.0,6.56,6.0,3.0,1.0,5.0,6.0,2.0,5.0,1.0,3.0,2.0,3.0,0.0,0.0,1.0,4.0,0.0,0.0,0.0,0.45,0.0,28.8,1.35,1.8,0.0,2.7,1.35,0.45,2.25,2.7,0.9,2.25,0.45,1.35,0.9,1.35,0.0,0.45,28.571428571428573,0.0,0.0,0.7812,41.37931034482759,14.285714285714286,0.0,50.0,33.333333333333336,20.0
24065264,Danijel Djuric,Istra 1961,Midfielder,23.0,Iceland,9.0,198.0,0.0,1.0,10.0,2.0,89.0,77.53,3.0,1.0,36.0,13.0,1.0,0.0,6.69,8.0,4.0,4.0,3.0,5.0,1.0,4.0,4.0,3.0,3.0,0.0,0.0,0.0,3.0,0.0,0.0,0.0,0.45454545454545453,4.545454545454546,0.9090909090909091,40.45454545454545,1.3636363636363635,0.45454545454545453,0.45454545454545453,3.6363636363636362,1.8181818181818181,1.8181818181818181,1.3636363636363635,2.272727272727273,0.45454545454545453,1.8181818181818181,1.8181818181818181,1.3636363636363635,1.3636363636363635,0.0,0.0,1.3636363636363635,0.0,20.0,0.0,0.7753,36.111111111111114,22.0,0.45454545454545453,50.0,20.0,100.0
73124,Marko Leskovic,Slaven Koprivnica,Defender,35.0,Croatia,4.0,197.0,0.0,0.0,3.0,0.0,103.0,88.35,5.0,1.0,22.0,16.0,1.0,0.0,6.56,1.0,1.0,1.0,1.0,0.0,0.0,14.0,8.0,0.0,9.0,12.0,0.0,0.0,5.0,1.0,0.0,0.0,0.0,1.3705583756345177,0.0,47.055837563451774,2.284263959390863,0.45685279187817257,0.45685279187817257,0.45685279187817257,0.45685279187817257,0.45685279187817257,0.45685279187817257,0.0,0.0,6.395939086294416,3.6548223350253806,0.0,4.111675126903553,5.482233502538071,0.0,2.284263959390863,25.0,0.0,0.0,0.8835,72.72727272727273,49.25,0.0,100.0,0.0,57.142857142857146
2890,Kévin Théophile-Catherine,Dinamo Zagreb,Defender,36.0,France,3.0,194.0,0.0,0.0,0.0,0.0,127.0,87.4,1.0,2.0,14.0,5.0,0.0,0.0,6.54,2.0,1.0,0.0,1.0,1.0,0.0,9.0,1.0,0.0,3.0,9.0,0.0,0.0,3.0,1.0,0.0,0.0,0.0,0.0,0.0,58.91752577319588,0.4639175257731959,0.9278350515463918,0.0,0.9278350515463918,0.4639175257731959,0.0,0.4639175257731959,0.4639175257731959,0.0,4.175257731958763,0.4639175257731959,0.0,1.3917525773195876,4.175257731958763,0.0,1.3917525773195876,33.333333333333336,0.0,0.0,0.8740000000000001,35.714285714285715,64.66666666666667,0.0,50.0,0.0,11.11111111111111
32819228,Silvio Ilinkovic,Rijeka,Midfielder,23.0,Bosnia and Herzegovina,10.0,188.0,0.0,0.0,1.0,1.0,75.0,77.33,5.0,3.0,26.0,11.0,1.0,0.0,6.56,5.0,3.0,2.0,2.0,4.0,0.0,10.0,4.0,1.0,1.0,2.0,0.0,0.0,3.0,3.0,0.0,0.0,0.0,0.4787234042553192,0.4787234042553192,35.90425531914894,2.393617021276596,1.4361702127659575,0.4787234042553192,2.393617021276596,1.4361702127659575,0.9574468085106383,0.9574468085106383,1.9148936170212767,0.0,4.787234042553192,1.9148936170212767,0.4787234042553192,0.4787234042553192,0.9574468085106383,0.0,1.4361702127659575,30.0,100.0,0.0,0.7733,42.30769230769231,18.8,0.0,60.0,0.0,40.0
37648346,Allen Obando,Istra 1961,Attacker,20.0,Ecuador,6.0,184.0,0.0,0.0,4.0,1.0,39.0,64.1,1.0,1.0,26.0,11.0,1.0,0.0,6.54,4.0,1.0,0.0,2.0,0.0,0.0,0.0,0.0,1.0,7.0,0.0,0.0,0.0,2.0,0.0,0.0,0.0,0.0,1.9565217391304348,0.4891304347826087,19.07608695652174,0.4891304347826087,0.4891304347826087,0.4891304347826087,1.9565217391304348,0.4891304347826087,0.0,0.9782608695652174,0.0,0.0,0.0,0.0,0.4891304347826087,3.4239130434782608,0.0,0.0,0.9782608695652174,0.0,25.0,0.0,0.6409999999999999,42.30769230769231,30.666666666666668,0.0,25.0,0.0,0.0
37728373,Noa Godec,Lokomotiva Zagreb,Defender,19.0,Croatia,4.0,183.0,0.0,0.0,0.0,0.0,40.0,62.5,5.0,4.0,23.0,7.0,0.0,0.0,6.22,2.0,0.0,5.0,0.0,8.0,1.0,7.0,1.0,0.0,2.0,5.0,0.0,0.0,6.0,0.0,0.0,0.0,0.0,0.0,0.0,19.672131147540984,2.459016393442623,1.9672131147540983,0.0,0.9836065573770492,0.0,2.459016393442623,0.0,3.9344262295081966,0.4918032786885246,3.442622950819672,0.4918032786885246,0.0,0.9836065573770492,2.459016393442623,0.0,2.9508196721311477,0.0,0.0,0.0,0.625,30.434782608695652,45.75,0.0,0.0,12.5,14.285714285714286
37664352,Medin Gashi,Gorica,Attacker,20.0,Kosovo,15.0,180.0,0.0,2.0,5.0,1.0,48.0,60.42,3.0,1.0,38.0,21.0,0.0,0.0,6.58,7.0,5.0,2.0,8.0,2.0,0.0,2.0,2.0,4.0,5.0,3.0,0.0,0.0,2.0,1.0,0.0,0.0,1.0,2.5,0.5,24.0,1.5,0.5,0.0,3.5,2.5,1.0,4.0,1.0,0.0,1.0,1.0,2.0,2.5,1.5,0.0,1.0,6.666666666666667,20.0,0.0,0.6042000000000001,55.26315789473684,12.0,1.0,71.42857142857143,0.0,100.0
38209285,Roko Gabrić,Hajduk Split,Defender,19.0,Croatia,3.0,178.0,0.0,0.0,0.0,0.0,111.0,92.79,0.0,4.0,10.0,3.0,0.0,0.0,6.56,1.0,0.0,2.0,1.0,0.0,0.0,9.0,5.0,1.0,2.0,13.0,0.0,0.0,3.0,0.0,0.0,0.0,0.0,0.0,0.0,56.12359550561798,0.0,2.0224719101123596,0.0,0.5056179775280899,0.0,1.0112359550561798,0.5056179775280899,0.0,0.0,4.550561797752809,2.5280898876404496,0.5056179775280899,1.0112359550561798,6.573033707865169,0.0,1.5168539325842696,0.0,0.0,0.0,0.9279000000000001,30.0,59.333333333333336,0.0,0.0,0.0,55.55555555555556
37596446,Mate Antunovic,Varaždin,Attacker,22.0,Croatia,9.0,175.0,0.0,0.0,5.0,0.0,42.0,69.05,4.0,0.0,46.0,20.0,0.0,0.0,6.58,6.0,4.0,1.0,6.0,2.0,1.0,5.0,3.0,3.0,6.0,0.0,0.0,0.0,3.0,2.0,0.0,0.0,0.0,2.5714285714285716,0.0,21.6,2.057142857142857,0.0,0.0,3.085714285714286,2.057142857142857,0.5142857142857142,3.085714285714286,1.0285714285714285,0.5142857142857142,2.5714285714285716,1.542857142857143,1.542857142857143,3.085714285714286,0.0,0.0,1.542857142857143,22.22222222222222,0.0,0.0,0.6905,43.47826086956522,19.444444444444443,0.0,66.66666666666667,50.0,60.0
37685172,Hadji Issa Moustapha,Gorica,Defender,22.0,Cameroon,2.0,173.0,0.0,0.0,0.0,0.0,67.0,86.57,4.0,2.0,21.0,11.0,1.0,0.0,6.77,2.0,1.0,1.0,3.0,0.0,0.0,7.0,2.0,0.0,3.0,14.0,0.0,0.0,1.0,1.0,0.0,0.0,0.0,0.0,0.0,34.85549132947977,2.0809248554913293,1.0404624277456647,0.5202312138728323,1.0404624277456647,0.5202312138728323,0.5202312138728323,1.560693641618497,0.0,0.0,3.6416184971098264,1.0404624277456647,0.0,1.560693641618497,7.283236994219653,0.0,0.5202312138728323,50.0,0.0,0.0,0.8656999999999999,52.38095238095238,86.5,0.0,50.0,0.0,28.571428571428573
10275580,Stipe Juric,Varaždin,Attacker,27.0,Bosnia and Herzegovina,6.0,170.0,1.0,0.0,3.0,2.0,44.0,70.45,1.0,0.0,21.0,12.0,0.0,0.0,6.68,1.0,1.0,0.0,0.0,0.0,0.0,1.0,1.0,2.0,10.0,2.0,0.0,0.0,1.0,3.0,0.0,0.5294117647058824,0.0,1.588235294117647,1.0588235294117647,23.294117647058822,0.5294117647058824,0.0,0.0,0.5294117647058824,0.5294117647058824,0.0,0.0,0.0,0.0,0.5294117647058824,0.5294117647058824,1.0588235294117647,5.294117647058823,1.0588235294117647,0.0,0.5294117647058824,50.0,66.66666666666667,33.333333333333336,0.7045,57.142857142857146,28.333333333333332,0.5294117647058824,100.0,0.0,100.0
37308278,David Virgili,Lokomotiva Zagreb,Attacker,27.0,Spain,5.0,156.0,1.0,0.0,6.0,1.0,29.0,68.97,0.0,1.0,24.0,5.0,0.0,0.0,6.58,4.0,0.0,1.0,5.0,4.0,0.0,1.0,0.0,2.0,0.0,2.0,0.0,0.0,1.0,1.0,0.0,0.5769230769230769,0.0,3.4615384615384617,0.5769230769230769,16.73076923076923,0.0,0.5769230769230769,0.0,2.3076923076923075,0.0,0.5769230769230769,2.8846153846153846,2.3076923076923075,0.0,0.5769230769230769,0.0,1.1538461538461537,0.0,1.1538461538461537,0.0,0.5769230769230769,20.0,16.666666666666668,16.666666666666668,0.6897,20.833333333333332,31.2,0.5769230769230769,0.0,0.0,0.0
73844,Marko Dabro,Slaven Koprivnica,Attacker,29.0,Croatia,8.0,149.0,3.0,1.0,8.0,1.0,38.0,71.05,1.0,1.0,22.0,4.0,0.0,0.0,6.54,3.0,1.0,2.0,19.0,4.0,1.0,2.0,1.0,3.0,2.0,2.0,0.0,0.0,2.0,1.0,0.0,1.8120805369127517,0.6040268456375839,4.832214765100671,0.6040268456375839,22.953020134228186,0.6040268456375839,0.6040268456375839,0.0,1.8120805369127517,0.6040268456375839,1.2080536912751678,11.476510067114093,2.4161073825503356,0.6040268456375839,1.2080536912751678,0.6040268456375839,1.8120805369127517,1.2080536912751678,1.2080536912751678,0.0,1.2080536912751678,12.5,12.5,37.5,0.7105,18.181818181818183,18.625,2.4161073825503356,33.333333333333336,25.0,50.0
37765105,Ernis Qestaj,Slaven Koprivnica,Attacker,19.0,,5.0,142.0,0.0,0.0,4.0,1.0,22.0,59.09,1.0,2.0,23.0,7.0,0.0,0.0,6.47,5.0,2.0,1.0,2.0,3.0,0.0,1.0,0.0,1.0,3.0,0.0,0.0,0.0,5.0,0.0,0.0,0.0,0.0,2.535211267605634,0.6338028169014085,13.943661971830986,0.6338028169014085,1.267605633802817,0.0,3.1690140845070425,1.267605633802817,0.6338028169014085,1.267605633802817,1.9014084507042253,0.0,0.6338028169014085,0.0,0.6338028169014085,1.9014084507042253,0.0,0.0,3.1690140845070425,0.0,25.0,0.0,0.5909,30.434782608695652,28.4,0.0,40.0,0.0,0.0
37703269,Franjo Posavac,Lokomotiva Zagreb,Defender,23.0,Bosnia and Herzegovina,3.0,140.0,0.0,0.0,1.0,1.0,25.0,68.0,1.0,0.0,11.0,3.0,0.0,0.0,6.03,1.0,0.0,0.0,2.0,2.0,1.0,4.0,2.0,0.0,1.0,3.0,0.0,0.0,1.0,1.0,0.0,0.0,0.0,0.6428571428571429,0.6428571428571429,16.071428571428573,0.6428571428571429,0.0,0.0,0.6428571428571429,0.0,0.0,1.2857142857142858,1.2857142857142858,0.6428571428571429,2.5714285714285716,1.2857142857142858,0.0,0.6428571428571429,1.9285714285714286,0.0,0.6428571428571429,33.333333333333336,100.0,0.0,0.68,27.272727272727273,46.666666666666664,0.0,0.0,50.0,50.0
183583,Andrija Filipovic,Slaven Koprivnica,Attacker,29.0,Croatia,7.0,136.0,1.0,0.0,6.0,2.0,19.0,78.95,0.0,0.0,22.0,9.0,2.0,1.0,6.35,1.0,0.0,1.0,7.0,2.0,0.0,0.0,0.0,0.0,2.0,1.0,0.0,0.0,6.0,1.0,0.0,0.6617647058823529,0.0,3.9705882352941178,1.3235294117647058,12.573529411764707,0.0,0.0,1.9852941176470589,0.6617647058823529,0.0,0.6617647058823529,4.632352941176471,1.3235294117647058,0.0,0.0,0.0,0.0,1.3235294117647058,0.6617647058823529,0.0,3.9705882352941178,14.285714285714286,33.333333333333336,16.666666666666668,0.7895,40.90909090909091,19.428571428571427,0.6617647058823529,0.0,0.0,0.0
19988718,Hubert Sobol,Lokomotiva Zagreb,Attacker,26.0,Poland,9.0,135.0,0.0,0.0,3.0,1.0,35.0,74.29,1.0,0.0,26.0,10.0,0.0,0.0,6.62,1.0,0.0,1.0,4.0,1.0,0.0,1.0,0.0,0.0,6.0,2.0,0.0,0.0,2.0,1.0,0.0,0.0,0.0,2.0,0.6666666666666666,23.333333333333332,0.6666666666666666,0.0,0.0,0.6666666666666666,0.0,0.6666666666666666,2.6666666666666665,0.6666666666666666,0.0,0.6666666666666666,0.0,0.0,4.0,1.3333333333333333,0.0,1.3333333333333333,11.11111111111111,33.333333333333336,0.0,0.7429000000000001,38.46153846153846,15.0,0.0,0.0,0.0,0.0
37736957,Anes Huskić,Lokomotiva Zagreb,Midfielder,19.0,,4.0,134.0,0.0,0.0,3.0,1.0,41.0,80.49,1.0,2.0,14.0,7.0,0.0,0.0,6.77,8.0,4.0,0.0,0.0,2.0,0.0,5.0,1.0,1.0,2.0,7.0,0.0,0.0,1.0,1.0,0.0,0.0,0.0,2.014925373134328,0.6716417910447762,27.53731343283582,0.6716417910447762,1.3432835820895523,0.0,5.373134328358209,2.6865671641791047,0.0,0.0,1.3432835820895523,0.0,3.3582089552238807,0.6716417910447762,0.6716417910447762,1.3432835820895523,4.701492537313433,0.0,0.6716417910447762,25.0,33.333333333333336,0.0,0.8049,50.0,33.5,0.0,50.0,0.0,20.0
37586806,Samuel Koeberlé,Vukovar,Midfielder,21.0,France,5.0,134.0,0.0,0.0,1.0,0.0,56.0,76.79,6.0,2.0,17.0,7.0,0.0,0.0,6.47,1.0,0.0,0.0,1.0,2.0,0.0,4.0,1.0,0.0,0.0,4.0,0.0,0.0,5.0,0.0,0.0,0.0,0.0,0.6716417910447762,0.0,37.61194029850746,4.029850746268656,1.3432835820895523,0.0,0.6716417910447762,0.0,0.0,0.6716417910447762,1.3432835820895523,0.0,2.6865671641791047,0.6716417910447762,0.0,0.0,2.6865671641791047,0.0,3.3582089552238807,0.0,0.0,0.0,0.7679,41.1764705882353,26.8,0.0,0.0,0.0,25.0
37705455,Luiz Filipe,Vukovar,Defender,22.0,Brazil,2.0,124.0,0.0,0.0,0.0,0.0,30.0,73.33,1.0,3.0,4.0,2.0,1.0,0.0,6.14,0.0,0.0,0.0,0.0,0.0,0.0,5.0,4.0,0.0,1.0,12.0,0.0,0.0,4.0,0.0,0.0,0.0,0.0,0.0,0.0,21.774193548387096,0.7258064516129032,2.1774193548387095,0.7258064516129032,0.0,0.0,0.0,0.0,0.0,0.0,3.629032258064516,2.903225806451613,0.0,0.7258064516129032,8.709677419354838,0.0,2.903225806451613,0.0,0.0,0.0,0.7333,50.0,62.0,0.0,0.0,0.0,80.0
37648990,Vanja Pelko,Gorica,Attacker,24.0,Croatia,8.0,117.0,0.0,0.0,7.0,2.0,22.0,77.27,2.0,1.0,19.0,8.0,0.0,0.0,6.49,8.0,4.0,0.0,1.0,1.0,0.0,1.0,0.0,2.0,1.0,3.0,0.0,0.0,0.0,1.0,0.0,0.0,0.0,5.384615384615385,1.5384615384615385,16.923076923076923,1.5384615384615385,0.7692307692307693,0.0,6.153846153846154,3.076923076923077,0.0,0.7692307692307693,0.7692307692307693,0.0,0.7692307692307693,0.0,1.5384615384615385,0.7692307692307693,2.3076923076923075,0.0,0.0,12.5,28.571428571428573,0.0,0.7726999999999999,42.10526315789474,14.625,0.0,50.0,0.0,0.0
38212387,Adam Guram,Hajduk Split,Midfielder,17.0,Ukraine,7.0,114.0,1.0,0.0,2.0,1.0,34.0,76.47,3.0,1.0,19.0,8.0,0.0,0.0,6.57,6.0,2.0,2.0,3.0,1.0,0.0,1.0,0.0,0.0,0.0,0.0,0.0,0.0,2.0,2.0,0.0,0.7894736842105263,0.0,1.5789473684210527,0.7894736842105263,26.842105263157894,2.3684210526315788,0.7894736842105263,0.0,4.7368421052631575,1.5789473684210527,1.5789473684210527,2.3684210526315788,0.7894736842105263,0.0,0.7894736842105263,0.0,0.0,0.0,0.0,0.0,1.5789473684210527,28.571428571428573,50.0,50.0,0.7646999999999999,42.10526315789474,16.285714285714285,0.7894736842105263,33.333333333333336,0.0,0.0
22169296,Keyendrah Simmonds,Vukovar,Attacker,25.0,England,3.0,112.0,0.0,0.0,3.0,0.0,23.0,60.87,1.0,0.0,10.0,2.0,1.0,0.0,6.45,2.0,0.0,1.0,0.0,6.0,2.0,5.0,1.0,2.0,1.0,1.0,0.0,0.0,4.0,0.0,0.0,0.0,0.0,2.4107142857142856,0.0,18.482142857142858,0.8035714285714286,0.0,0.8035714285714286,1.6071428571428572,0.0,0.8035714285714286,0.0,4.821428571428571,1.6071428571428572,4.017857142857143,0.8035714285714286,1.6071428571428572,0.8035714285714286,0.8035714285714286,0.0,3.2142857142857144,0.0,0.0,0.0,0.6087,20.0,37.333333333333336,0.0,0.0,33.333333333333336,20.0
14726337,Tyron Tormin,Vukovar,Attacker,25.0,France,3.0,112.0,0.0,0.0,5.0,2.0,30.0,86.67,4.0,0.0,16.0,10.0,1.0,0.0,6.81,3.0,2.0,1.0,3.0,1.0,0.0,1.0,1.0,0.0,1.0,0.0,0.0,0.0,2.0,0.0,0.0,0.0,0.0,4.017857142857143,1.6071428571428572,24.107142857142858,3.2142857142857144,0.0,0.8035714285714286,2.4107142857142856,1.6071428571428572,0.8035714285714286,2.4107142857142856,0.8035714285714286,0.0,0.8035714285714286,0.8035714285714286,0.0,0.8035714285714286,0.0,0.0,1.6071428571428572,0.0,40.0,0.0,0.8667,62.5,37.333333333333336,0.0,66.66666666666667,0.0,100.0
37917432,Teodor Kralevski,Lokomotiva Zagreb,Defender,19.0,,7.0,104.0,0.0,0.0,0.0,0.0,26.0,88.46,1.0,0.0,5.0,3.0,0.0,0.0,6.8,0.0,0.0,0.0,0.0,0.0,0.0,3.0,1.0,0.0,2.0,9.0,0.0,0.0,0.0,4.0,0.0,0.0,0.0,0.0,0.0,22.5,0.8653846153846154,0.0,0.0,0.0,0.0,0.0,0.0,0.0,0.0,2.5961538461538463,0.8653846153846154,0.0,1.7307692307692308,7.788461538461538,0.0,0.0,57.142857142857146,0.0,0.0,0.8845999999999999,60.0,14.857142857142858,0.0,0.0,0.0,33.333333333333336
37695127,Leoni Gastaldelo,Vukovar,Midfielder,23.0,Brazil,4.0,100.0,0.0,0.0,1.0,1.0,16.0,68.75,1.0,3.0,18.0,6.0,0.0,0.0,6.31,6.0,0.0,1.0,5.0,4.0,1.0,1.0,0.0,0.0,0.0,0.0,0.0,0.0,2.0,0.0,0.0,0.0,0.0,0.9,0.9,14.4,0.9,2.7,0.0,5.4,0.0,0.9,4.5,3.6,0.9,0.9,0.0,0.0,0.0,0.0,0.0,1.8,0.0,100.0,0.0,0.6875,33.333333333333336,25.0,0.0,0.0,25.0,0.0
37694126,Jovan Ivanisevic,Istra 1961,Defender,21.0,United States,5.0,90.0,0.0,0.0,0.0,0.0,30.0,73.33,0.0,2.0,9.0,3.0,0.0,0.0,6.38,1.0,0.0,0.0,1.0,0.0,0.0,2.0,1.0,0.0,2.0,3.0,0.0,0.0,2.0,2.0,0.0,0.0,0.0,0.0,0.0,30.0,0.0,2.0,0.0,1.0,0.0,0.0,1.0,0.0,0.0,2.0,1.0,0.0,2.0,3.0,0.0,2.0,40.0,0.0,0.0,0.7333,33.333333333333336,18.0,0.0,0.0,0.0,50.0
37732489,Matej Grahovac,Osijek,Goalkeeper,18.0,,1.0,90.0,0.0,0.0,0.0,0.0,25.0,72.0,0.0,0.0,0.0,0.0,0.0,0.0,7.17,0.0,0.0,0.0,0.0,0.0,0.0,19.0,12.0,0.0,0.0,0.0,2.0,1.0,0.0,1.0,0.0,0.0,0.0,0.0,0.0,25.0,0.0,0.0,0.0,0.0,0.0,0.0,0.0,0.0,0.0,19.0,12.0,0.0,0.0,0.0,2.0,0.0,100.0,0.0,0.0,0.72,0.0,90.0,0.0,0.0,0.0,63.1578947368421
37540939,Jan Paus-Kunst,Istra 1961,Goalkeeper,24.0,Croatia,1.0,90.0,0.0,0.0,0.0,0.0,27.0,55.56,0.0,0.0,0.0,0.0,0.0,0.0,6.89,0.0,0.0,0.0,0.0,0.0,0.0,16.0,4.0,0.0,0.0,1.0,5.0,3.0,2.0,0.0,0.0,0.0,0.0,0.0,0.0,27.0,0.0,0.0,0.0,0.0,0.0,0.0,0.0,0.0,0.0,16.0,4.0,0.0,0.0,1.0,5.0,2.0,0.0,0.0,0.0,0.5556,0.0,90.0,0.0,0.0,0.0,25.0
75320,Matej Marković,Vukovar,Goalkeeper,29.0,Bosnia and Herzegovina,1.0,90.0,0.0,0.0,0.0,0.0,28.0,28.57,0.0,0.0,3.0,3.0,0.0,0.0,6.9,0.0,0.0,0.0,2.0,0.0,0.0,22.0,3.0,0.0,2.0,4.0,2.0,2.0,1.0,0.0,0.0,0.0,0.0,0.0,0.0,28.0,0.0,0.0,0.0,0.0,0.0,0.0,2.0,0.0,0.0,22.0,3.0,0.0,2.0,4.0,2.0,1.0,0.0,0.0,0.0,0.2857,100.0,90.0,0.0,0.0,0.0,13.636363636363637
37725155,Sven Šunta,Dinamo Zagreb,Midfielder,19.0,Slovenia,6.0,90.0,0.0,1.0,3.0,1.0,63.0,80.95,5.0,1.0,14.0,9.0,0.0,0.0,6.67,2.0,1.0,1.0,2.0,0.0,0.0,5.0,3.0,1.0,1.0,0.0,0.0,0.0,1.0,3.0,0.0,0.0,1.0,3.0,1.0,63.0,5.0,1.0,0.0,2.0,1.0,1.0,2.0,0.0,0.0,5.0,3.0,1.0,1.0,0.0,0.0,1.0,50.0,33.333333333333336,0.0,0.8095,64.28571428571429,15.0,1.0,50.0,0.0,60.0
37550501,Gentrit Salihu,Lokomotiva Zagreb,Midfielder,23.0,Kosovo,1.0,84.0,0.0,0.0,0.0,0.0,25.0,76.0,2.0,1.0,9.0,3.0,0.0,0.0,6.49,1.0,0.0,2.0,1.0,0.0,0.0,2.0,1.0,0.0,0.0,2.0,0.0,0.0,0.0,1.0,0.0,0.0,0.0,0.0,0.0,26.785714285714285,2.142857142857143,1.0714285714285714,0.0,1.0714285714285714,0.0,2.142857142857143,1.0714285714285714,0.0,0.0,2.142857142857143,1.0714285714285714,0.0,0.0,2.142857142857143,0.0,0.0,100.0,0.0,0.0,0.76,33.333333333333336,84.0,0.0,0.0,0.0,50.0
5270359,Silvio Gorican,Lokomotiva Zagreb,Attacker,26.0,Croatia,5.0,78.0,0.0,1.0,1.0,1.0,17.0,76.47,2.0,1.0,8.0,4.0,0.0,0.0,6.59,1.0,1.0,1.0,1.0,5.0,2.0,1.0,1.0,1.0,1.0,1.0,0.0,0.0,3.0,2.0,0.0,0.0,1.1538461538461537,1.1538461538461537,1.1538461538461537,19.615384615384617,2.3076923076923075,1.1538461538461537,0.0,1.1538461538461537,1.1538461538461537,1.1538461538461537,1.1538461538461537,5.769230769230769,2.3076923076923075,1.1538461538461537,1.1538461538461537,1.1538461538461537,1.1538461538461537,1.1538461538461537,0.0,3.4615384615384617,40.0,100.0,0.0,0.7646999999999999,50.0,15.6,1.1538461538461537,100.0,40.0,100.0
37783726,David Kalem,Osijek,Attacker,17.0,,1.0,69.0,0.0,0.0,0.0,0.0,25.0,68.0,3.0,0.0,10.0,7.0,0.0,0.0,6.94,2.0,1.0,0.0,0.0,10.0,2.0,1.0,0.0,0.0,3.0,3.0,0.0,0.0,0.0,1.0,0.0,0.0,0.0,0.0,0.0,32.608695652173914,3.9130434782608696,0.0,0.0,2.608695652173913,1.3043478260869565,0.0,0.0,13.043478260869565,2.608695652173913,1.3043478260869565,0.0,0.0,3.9130434782608696,3.9130434782608696,0.0,0.0,100.0,0.0,0.0,0.68,70.0,69.0,0.0,50.0,20.0,0.0
37904235,Marko Aščić,Slaven Koprivnica,Attacker,19.0,,5.0,66.0,0.0,0.0,3.0,1.0,11.0,72.73,0.0,0.0,10.0,6.0,0.0,0.0,6.63,1.0,1.0,0.0,3.0,0.0,0.0,1.0,1.0,0.0,2.0,1.0,0.0,0.0,0.0,1.0,0.0,0.0,0.0,4.090909090909091,1.3636363636363635,15.0,0.0,0.0,0.0,1.3636363636363635,1.3636363636363635,0.0,4.090909090909091,0.0,0.0,1.3636363636363635,1.3636363636363635,0.0,2.727272727272727,1.3636363636363635,0.0,0.0,20.0,33.333333333333336,0.0,0.7273000000000001,60.0,13.2,0.0,100.0,0.0,100.0
38206938,Jona Jezic,Osijek,Midfielder,17.0,Croatia,3.0,65.0,0.0,0.0,3.0,2.0,29.0,89.66,1.0,0.0,19.0,7.0,0.0,0.0,6.5,0.0,0.0,0.0,1.0,2.0,0.0,0.0,0.0,1.0,5.0,1.0,0.0,0.0,0.0,1.0,0.0,0.0,0.0,4.153846153846154,2.769230769230769,40.15384615384615,1.3846153846153846,0.0,0.0,0.0,0.0,0.0,1.3846153846153846,2.769230769230769,0.0,0.0,0.0,1.3846153846153846,6.923076923076923,1.3846153846153846,0.0,0.0,33.333333333333336,66.66666666666667,0.0,0.8966,36.8421052631579,21.666666666666668,0.0,0.0,0.0,0.0
37689659,Gustavo Albarracín,Istra 1961,Midfielder,20.0,Argentina,4.0,62.0,0.0,0.0,0.0,0.0,37.0,83.78,0.0,1.0,14.0,3.0,1.0,0.0,6.34,4.0,0.0,0.0,2.0,1.0,0.0,2.0,1.0,1.0,1.0,3.0,0.0,0.0,2.0,0.0,0.0,0.0,0.0,0.0,0.0,53.70967741935484,0.0,1.4516129032258065,1.4516129032258065,5.806451612903226,0.0,0.0,2.903225806451613,1.4516129032258065,0.0,2.903225806451613,1.4516129032258065,1.4516129032258065,1.4516129032258065,4.354838709677419,0.0,2.903225806451613,0.0,0.0,0.0,0.8378,21.428571428571427,15.5,0.0,0.0,0.0,50.0
37682737,Zvonimir Josic,Gorica,Defender,19.0,Croatia,3.0,57.0,0.0,0.0,1.0,0.0,15.0,66.67,1.0,0.0,6.0,3.0,0.0,0.0,6.5,0.0,0.0,0.0,1.0,0.0,0.0,6.0,2.0,0.0,2.0,3.0,0.0,0.0,1.0,1.0,0.0,0.0,0.0,1.5789473684210527,0.0,23.68421052631579,1.5789473684210527,0.0,0.0,0.0,0.0,0.0,1.5789473684210527,0.0,0.0,9.473684210526315,3.1578947368421053,0.0,3.1578947368421053,4.7368421052631575,0.0,1.5789473684210527,33.333333333333336,0.0,0.0,0.6667000000000001,50.0,19.0,0.0,0.0,0.0,33.333333333333336
37607123,Juan Córdoba,Dinamo Zagreb,Attacker,22.0,Colombia,2.0,57.0,1.0,0.0,2.0,1.0,23.0,86.96,1.0,0.0,8.0,5.0,0.0,0.0,7.01,6.0,4.0,0.0,0.0,0.0,0.0,1.0,0.0,1.0,0.0,0.0,0.0,0.0,0.0,1.0,0.0,1.5789473684210527,0.0,3.1578947368421053,1.5789473684210527,36.31578947368421,1.5789473684210527,0.0,0.0,9.473684210526315,6.315789473684211,0.0,0.0,0.0,0.0,1.5789473684210527,0.0,1.5789473684210527,0.0,0.0,0.0,0.0,50.0,50.0,50.0,0.8695999999999999,62.5,28.5,1.5789473684210527,66.66666666666667,0.0,0.0
38208604,Nik Skafar Zuzic,Istra 1961,Attacker,17.0,Croatia,4.0,57.0,0.0,0.0,0.0,0.0,12.0,58.33,3.0,0.0,11.0,6.0,0.0,0.0,6.53,4.0,1.0,2.0,1.0,3.0,0.0,0.0,0.0,1.0,1.0,0.0,0.0,0.0,2.0,1.0,0.0,0.0,0.0,0.0,0.0,18.94736842105263,4.7368421052631575,0.0,0.0,6.315789473684211,1.5789473684210527,3.1578947368421053,1.5789473684210527,4.7368421052631575,0.0,0.0,0.0,1.5789473684210527,1.5789473684210527,0.0,0.0,3.1578947368421053,25.0,0.0,0.0,0.5832999999999999,54.54545454545455,14.25,0.0,25.0,0.0,0.0
54693,Robert Mudrazija,Dinamo Zagreb,Midfielder,29.0,Croatia,5.0,51.0,0.0,0.0,0.0,0.0,10.0,60.0,0.0,0.0,8.0,0.0,0.0,0.0,6.26,0.0,0.0,1.0,0.0,0.0,0.0,2.0,1.0,0.0,0.0,0.0,0.0,0.0,0.0,3.0,0.0,0.0,0.0,0.0,0.0,17.647058823529413,0.0,0.0,0.0,0.0,0.0,1.7647058823529411,0.0,0.0,0.0,3.5294117647058822,1.7647058823529411,0.0,0.0,0.0,0.0,0.0,60.0,0.0,0.0,0.6,0.0,10.2,0.0,0.0,0.0,50.0
37719899,Lovro Kitin,Rijeka,Defender,19.0,Croatia,3.0,51.0,0.0,0.0,1.0,1.0,21.0,71.43,0.0,0.0,3.0,3.0,0.0,0.0,6.54,0.0,0.0,0.0,1.0,0.0,0.0,0.0,0.0,0.0,2.0,5.0,0.0,0.0,1.0,1.0,0.0,0.0,0.0,1.7647058823529411,1.7647058823529411,37.05882352941177,0.0,0.0,0.0,0.0,0.0,0.0,1.7647058823529411,0.0,0.0,0.0,0.0,0.0,3.5294117647058822,8.823529411764707,0.0,1.7647058823529411,33.333333333333336,100.0,0.0,0.7143,100.0,17.0,0.0,0.0,0.0,0.0
74877,Mihael Zaper,Lokomotiva Zagreb,Midfielder,27.0,Croatia,4.0,47.0,0.0,0.0,1.0,1.0,25.0,60.0,0.0,0.0,7.0,5.0,0.0,0.0,6.43,0.0,0.0,2.0,0.0,0.0,0.0,2.0,0.0,0.0,5.0,6.0,0.0,0.0,2.0,0.0,0.0,0.0,0.0,1.9148936170212767,1.9148936170212767,47.87234042553192,0.0,0.0,0.0,0.0,0.0,3.8297872340425534,0.0,0.0,0.0,3.8297872340425534,0.0,0.0,9.574468085106384,11.48936170212766,0.0,3.8297872340425534,0.0,100.0,0.0,0.6,71.42857142857143,11.75,0.0,0.0,0.0,0.0
37660073,Domagoj Begonja,Varaždin,Defender,21.0,Croatia,3.0,42.0,0.0,0.0,0.0,0.0,16.0,62.5,2.0,1.0,15.0,9.0,0.0,0.0,6.61,2.0,1.0,3.0,4.0,6.0,2.0,0.0,0.0,1.0,2.0,2.0,0.0,0.0,0.0,0.0,0.0,0.0,0.0,0.0,0.0,34.285714285714285,4.285714285714286,2.142857142857143,0.0,4.285714285714286,2.142857142857143,6.428571428571429,8.571428571428571,12.857142857142858,4.285714285714286,0.0,0.0,2.142857142857143,4.285714285714286,4.285714285714286,0.0,0.0,0.0,0.0,0.0,0.625,60.0,14.0,0.0,50.0,33.333333333333336,0.0
37546618,Raúl Torrente,Dinamo Zagreb,Defender,24.0,Spain,1.0,36.0,0.0,0.0,2.0,0.0,38.0,97.37,1.0,0.0,2.0,2.0,0.0,0.0,6.85,0.0,0.0,0.0,0.0,0.0,0.0,2.0,1.0,0.0,1.0,2.0,0.0,0.0,0.0,1.0,0.0,0.0,0.0,5.0,0.0,95.0,2.5,0.0,0.0,0.0,0.0,0.0,0.0,0.0,0.0,5.0,2.5,0.0,2.5,5.0,0.0,0.0,100.0,0.0,0.0,0.9737,100.0,36.0,0.0,0.0,0.0,50.0
37574635,Pocholo Bugas,Vukovar,Attacker,24.0,Philippines,3.0,32.0,0.0,0.0,0.0,0.0,13.0,38.46,0.0,0.0,11.0,3.0,0.0,0.0,6.58,4.0,2.0,2.0,1.0,1.0,0.0,0.0,0.0,1.0,0.0,0.0,0.0,0.0,1.0,0.0,0.0,0.0,0.0,0.0,0.0,36.5625,0.0,0.0,0.0,11.25,5.625,5.625,2.8125,2.8125,0.0,0.0,0.0,2.8125,0.0,0.0,0.0,2.8125,0.0,0.0,0.0,0.3846,27.272727272727273,10.666666666666666,0.0,50.0,0.0,0.0
37615226,Raí,Vukovar,Attacker,22.0,Brazil,3.0,30.0,0.0,0.0,1.0,0.0,19.0,73.68,0.0,0.0,9.0,3.0,0.0,0.0,6.51,2.0,1.0,0.0,1.0,3.0,1.0,2.0,0.0,1.0,1.0,0.0,0.0,0.0,2.0,0.0,0.0,0.0,0.0,3.0,0.0,57.0,0.0,0.0,0.0,6.0,3.0,0.0,3.0,9.0,3.0,6.0,0.0,3.0,3.0,0.0,0.0,6.0,0.0,0.0,0.0,0.7368000000000001,33.333333333333336,10.0,0.0,50.0,33.333333333333336,0.0
37728376,Petar Zvonimir Kostelac,Lokomotiva Zagreb,Defender,18.0,Croatia,2.0,29.0,0.0,0.0,0.0,0.0,9.0,77.78,0.0,1.0,0.0,0.0,0.0,0.0,6.61,0.0,0.0,0.0,0.0,1.0,0.0,0.0,0.0,0.0,0.0,2.0,0.0,0.0,0.0,1.0,0.0,0.0,0.0,0.0,0.0,27.93103448275862,0.0,3.103448275862069,0.0,0.0,0.0,0.0,0.0,3.103448275862069,0.0,0.0,0.0,0.0,0.0,6.206896551724138,0.0,0.0,50.0,0.0,0.0,0.7778,0.0,14.5,0.0,0.0,0.0,0.0
38067235,Dominik Celija,Istra 1961,Attacker,20.0,Croatia,2.0,29.0,0.0,0.0,1.0,1.0,5.0,80.0,3.0,0.0,6.0,5.0,0.0,0.0,6.61,1.0,0.0,1.0,2.0,1.0,1.0,0.0,0.0,1.0,0.0,0.0,0.0,0.0,3.0,0.0,0.0,0.0,0.0,3.103448275862069,3.103448275862069,15.517241379310345,9.310344827586206,0.0,0.0,3.103448275862069,0.0,3.103448275862069,6.206896551724138,3.103448275862069,3.103448275862069,0.0,0.0,3.103448275862069,0.0,0.0,0.0,9.310344827586206,0.0,100.0,0.0,0.8,83.33333333333333,14.5,0.0,0.0,100.0,0.0
96854,Ronaël Pierre-Gabriel,Dinamo Zagreb,Defender,28.0,France,1.0,24.0,0.0,0.0,0.0,0.0,14.0,78.57,2.0,0.0,6.0,4.0,1.0,0.0,6.45,1.0,0.0,0.0,0.0,0.0,0.0,2.0,1.0,2.0,2.0,0.0,0.0,0.0,1.0,0.0,0.0,0.0,0.0,0.0,0.0,52.5,7.5,0.0,3.75,3.75,0.0,0.0,0.0,0.0,0.0,7.5,3.75,7.5,7.5,0.0,0.0,3.75,0.0,0.0,0.0,0.7857,66.66666666666667,24.0,0.0,0.0,0.0,50.0
37731758,Fran Peček,Osijek,Midfielder,19.0,Croatia,1.0,24.0,0.0,0.0,1.0,0.0,4.0,75.0,0.0,0.0,2.0,1.0,0.0,0.0,6.58,1.0,1.0,0.0,0.0,0.0,0.0,0.0,0.0,0.0,0.0,0.0,0.0,0.0,0.0,0.0,0.0,0.0,0.0,3.75,0.0,15.0,0.0,0.0,0.0,3.75,3.75,0.0,0.0,0.0,0.0,0.0,0.0,0.0,0.0,0.0,0.0,0.0,0.0,0.0,0.0,0.75,50.0,24.0,0.0,100.0,0.0,0.0
37671881,Erik Ridjan,Slaven Koprivnica,Defender,20.0,Croatia,2.0,23.0,0.0,0.0,0.0,0.0,13.0,84.62,1.0,0.0,7.0,1.0,0.0,0.0,6.32,1.0,0.0,2.0,0.0,0.0,0.0,0.0,0.0,0.0,0.0,1.0,0.0,0.0,0.0,0.0,0.0,0.0,0.0,0.0,0.0,50.869565217391305,3.9130434782608696,0.0,0.0,3.9130434782608696,0.0,7.826086956521739,0.0,0.0,0.0,0.0,0.0,0.0,0.0,3.9130434782608696,0.0,0.0,0.0,0.0,0.0,0.8462000000000001,14.285714285714286,11.5,0.0,0.0,0.0,0.0
37778737,Josip Brundić,Dinamo Zagreb,Midfielder,19.0,,1.0,21.0,0.0,0.0,0.0,0.0,8.0,75.0,1.0,1.0,7.0,2.0,0.0,0.0,6.26,3.0,1.0,3.0,0.0,2.0,1.0,0.0,0.0,1.0,0.0,0.0,0.0,0.0,0.0,0.0,0.0,0.0,0.0,0.0,0.0,34.285714285714285,4.285714285714286,4.285714285714286,0.0,12.857142857142858,4.285714285714286,12.857142857142858,0.0,8.571428571428571,4.285714285714286,0.0,0.0,4.285714285714286,0.0,0.0,0.0,0.0,0.0,0.0,0.0,0.75,28.571428571428573,21.0,0.0,33.333333333333336,50.0,0.0
38213277,Filip Kutleša,Slaven Koprivnica,Defender,17.0,Croatia,2.0,17.0,0.0,0.0,0.0,0.0,10.0,70.0,1.0,0.0,1.0,1.0,0.0,0.0,6.56,0.0,0.0,0.0,0.0,0.0,0.0,1.0,0.0,0.0,0.0,1.0,0.0,0.0,0.0,1.0,0.0,0.0,0.0,0.0,0.0,52.94117647058823,5.294117647058823,0.0,0.0,0.0,0.0,0.0,0.0,0.0,0.0,5.294117647058823,0.0,0.0,0.0,5.294117647058823,0.0,0.0,50.0,0.0,0.0,0.7,100.0,8.5,0.0,0.0,0.0,0.0
38209084,Niko Pajvančić,Vukovar,Centre Forward,17.0,Croatia,3.0,16.0,0.0,0.0,0.0,0.0,5.0,40.0,0.0,0.0,5.0,2.0,0.0,0.0,6.37,0.0,0.0,0.0,0.0,0.0,0.0,0.0,0.0,0.0,2.0,0.0,0.0,0.0,2.0,0.0,0.0,0.0,0.0,0.0,0.0,28.125,0.0,0.0,0.0,0.0,0.0,0.0,0.0,0.0,0.0,0.0,0.0,0.0,11.25,0.0,0.0,11.25,0.0,0.0,0.0,0.4,40.0,5.333333333333333,0.0,0.0,0.0,0.0
38056981,Paizinho,Varaždin,Attacker,17.0,Angola,2.0,13.0,0.0,0.0,1.0,0.0,4.0,100.0,1.0,0.0,6.0,3.0,0.0,0.0,6.57,3.0,2.0,1.0,0.0,2.0,1.0,0.0,0.0,0.0,0.0,0.0,0.0,0.0,1.0,0.0,0.0,0.0,0.0,6.923076923076923,0.0,27.692307692307693,6.923076923076923,0.0,0.0,20.76923076923077,13.846153846153847,6.923076923076923,0.0,13.846153846153847,6.923076923076923,0.0,0.0,0.0,0.0,0.0,0.0,6.923076923076923,0.0,0.0,0.0,1.0,50.0,6.5,0.0,66.66666666666667,50.0,0.0
97414,Ismaël Diallo,Hajduk Split,Defender,29.0,Ivory Coast,1.0,8.0,0.0,0.0,0.0,0.0,5.0,80.0,1.0,0.0,2.0,1.0,0.0,0.0,6.55,0.0,0.0,0.0,0.0,0.0,0.0,1.0,1.0,0.0,0.0,0.0,0.0,0.0,0.0,1.0,0.0,0.0,0.0,0.0,0.0,56.25,11.25,0.0,0.0,0.0,0.0,0.0,0.0,0.0,0.0,11.25,11.25,0.0,0.0,0.0,0.0,0.0,100.0,0.0,0.0,0.8,50.0,8.0,0.0,0.0,0.0,100.0
37757219,Mihael Kelava,Gorica,Midfielder,17.0,,1.0,8.0,0.0,0.0,0.0,0.0,1.0,100.0,0.0,0.0,6.0,0.0,0.0,0.0,5.98,2.0,0.0,0.0,0.0,0.0,0.0,0.0,0.0,0.0,0.0,0.0,0.0,0.0,0.0,1.0,0.0,0.0,0.0,0.0,0.0,11.25,0.0,0.0,0.0,22.5,0.0,0.0,0.0,0.0,0.0,0.0,0.0,0.0,0.0,0.0,0.0,0.0,100.0,0.0,0.0,1.0,0.0,8.0,0.0,0.0,0.0,0.0
37715698,Luka Curkovic,Slaven Koprivnica,Defender,20.0,Croatia,2.0,8.0,0.0,0.0,1.0,0.0,4.0,100.0,0.0,0.0,1.0,1.0,0.0,0.0,,0.0,0.0,0.0,1.0,1.0,1.0,0.0,0.0,0.0,0.0,0.0,0.0,0.0,0.0,0.0,0.0,0.0,0.0,11.25,0.0,45.0,0.0,0.0,0.0,0.0,0.0,0.0,11.25,11.25,11.25,0.0,0.0,0.0,0.0,0.0,0.0,0.0,0.0,0.0,0.0,1.0,100.0,4.0,0.0,0.0,100.0,0.0
38207023,Jakov Dedic,Osijek,Attacker,16.0,Croatia,2.0,8.0,0.0,0.0,0.0,0.0,4.0,50.0,0.0,0.0,2.0,1.0,0.0,0.0,6.37,1.0,0.0,0.0,0.0,0.0,0.0,0.0,0.0,0.0,1.0,0.0,0.0,0.0,0.0,0.0,0.0,0.0,0.0,0.0,0.0,45.0,0.0,0.0,0.0,11.25,0.0,0.0,0.0,0.0,0.0,0.0,0.0,0.0,11.25,0.0,0.0,0.0,0.0,0.0,0.0,0.5,50.0,4.0,0.0,0.0,0.0,0.0
73858,Marko Rog,Lokomotiva Zagreb,Midfielder,30.0,Croatia,2.0,7.0,0.0,0.0,1.0,0.0,8.0,87.5,0.0,0.0,2.0,0.0,0.0,0.0,6.19,1.0,0.0,0.0,0.0,0.0,0.0,2.0,1.0,0.0,0.0,0.0,0.0,0.0,0.0,0.0,0.0,0.0,0.0,12.857142857142858,0.0,102.85714285714286,0.0,0.0,0.0,12.857142857142858,0.0,0.0,0.0,0.0,0.0,25.714285714285715,12.857142857142858,0.0,0.0,0.0,0.0,0.0,0.0,0.0,0.0,0.875,0.0,3.5,0.0,0.0,0.0,50.0
38212670,Leon Geci,Slaven Koprivnica,Midfielder,18.0,Croatia,2.0,6.0,0.0,0.0,0.0,0.0,5.0,100.0,1.0,0.0,4.0,2.0,0.0,0.0,,0.0,0.0,0.0,1.0,0.0,0.0,0.0,0.0,0.0,0.0,0.0,0.0,0.0,0.0,1.0,0.0,0.0,0.0,0.0,0.0,75.0,15.0,0.0,0.0,0.0,0.0,0.0,15.0,0.0,0.0,0.0,0.0,0.0,0.0,0.0,0.0,0.0,50.0,0.0,0.0,1.0,50.0,3.0,0.0,0.0,0.0,0.0
34649,Antonio Hidalgo,Rijeka,Coach,37.0,Croatia,1.0,6.0,0.0,0.0,1.0,0.0,2.0,0.0,0.0,0.0,4.0,2.0,0.0,0.0,6.45,0.0,0.0,0.0,1.0,0.0,0.0,0.0,0.0,0.0,2.0,0.0,0.0,0.0,0.0,0.0,0.0,0.0,0.0,15.0,0.0,30.0,0.0,0.0,0.0,0.0,0.0,0.0,15.0,0.0,0.0,0.0,0.0,0.0,30.0,0.0,0.0,0.0,0.0,0.0,0.0,0.0,50.0,6.0,0.0,0.0,0.0,0.0
37656551,Jakov Gurlica,Gorica,Defender,22.0,Croatia,1.0,5.0,1.0,0.0,15.0,5.0,1.0,29400.0,2.0,19.0,2.0,2.0,3.0,0.0,6.9,12.0,7.0,11.0,5.0,6.0,1.0,1.0,23.0,3.0,32.0,5.0,0.0,0.0,31.0,2.0,0.0,18.0,0.0,270.0,90.0,18.0,36.0,342.0,54.0,216.0,126.0,198.0,90.0,108.0,18.0,18.0,414.0,54.0,576.0,90.0,0.0,558.0,200.0,33.333333333333336,6.666666666666667,294.0,100.0,5.0,18.0,58.333333333333336,16.666666666666668,2300.0
37634142,Marin Zgomba,Istra 1961,Midfielder,21.0,Croatia,1.0,4.0,0.0,0.0,0.0,0.0,2.0,100.0,1.0,0.0,2.0,1.0,0.0,0.0,,0.0,0.0,0.0,0.0,0.0,0.0,0.0,0.0,0.0,0.0,0.0,0.0,0.0,0.0,1.0,0.0,0.0,0.0,0.0,0.0,45.0,22.5,0.0,0.0,0.0,0.0,0.0,0.0,0.0,0.0,0.0,0.0,0.0,0.0,0.0,0.0,0.0,100.0,0.0,0.0,1.0,50.0,4.0,0.0,0.0,0.0,0.0
38214603,Goran Grulovic,Rijeka,Attacker,16.0,Croatia,1.0,2.0,0.0,0.0,1.0,0.0,0.0,0.0,0.0,0.0,3.0,2.0,0.0,0.0,,2.0,2.0,0.0,0.0,1.0,0.0,0.0,0.0,0.0,0.0,0.0,0.0,0.0,0.0,1.0,0.0,0.0,0.0,45.0,0.0,0.0,0.0,0.0,0.0,90.0,90.0,0.0,0.0,45.0,0.0,0.0,0.0,0.0,0.0,0.0,0.0,0.0,100.0,0.0,0.0,0.0,66.66666666666667,2.0,0.0,100.0,0.0,0.0
13553593,Halid Šabanović,Vukovar,Defender,26.0,Bosnia and Herzegovina,1.0,1.0,0.0,0.0,0.0,0.0,2.0,100.0,0.0,0.0,0.0,0.0,0.0,0.0,6.54,0.0,0.0,0.0,0.0,0.0,0.0,0.0,0.0,1.0,0.0,0.0,0.0,0.0,0.0,0.0,0.0,0.0,0.0,0.0,0.0,180.0,0.0,0.0,0.0,0.0,0.0,0.0,0.0,0.0,0.0,0.0,0.0,90.0,0.0,0.0,0.0,0.0,0.0,0.0,0.0,1.0,0.0,1.0,0.0,0.0,0.0,0.0
