player_id,player_name,team_name,position,age,nationality,appearances,minutes,goals,assists,shots,shots_on_target,passes,pass_accuracy,tackles,interceptions,duels,duels_won,yellow_cards,red_cards,rating,dribble_attempts,successful_dribbles,dribbled_past,fouls_drawn,crosses,accurate_crosses,long_balls,accurate_long_balls,key_passes,aerials_won,clearances,saves,saves_inside_box,goals_conceded,clean_sheets,penalties_saved,goals_per90,assists_per90,shots_per90,shots_on_target_per90,passes_per90,tackles_per90,interceptions_per90,cards_per90,dribble_attempts_per90,successful_dribbles_per90,dribbled_past_per90,fouls_drawn_per90,crosses_per90,accurate_crosses_per90,long_balls_per90,accurate_long_balls_per90,key_passes_per90,aerials_won_per90,clearances_per90,saves_per90,goals_conceded_per90,clean_sheet_rate,shot_accuracy,goal_conversion,pass_accuracy_ratio,duel_success_rate,minutes_per_appearance,goal_contribution_per90,dribble_success_rate,cross_accuracy,long_ball_accuracy,attacking_score,creative_score,defensive_score,discipline_score,dribbling_score,passing_score,duel_defending_score,progressive_midfielder_score,passer_defender_score,goalkeeper_score,overall_score,age_bonus,reliability_bonus,age_potential_score,team_average_score,score_above_team_average,standout_bonus,weak_team_bonus,underrated_score
129013,Marko Livaja,Hajduk Split,Attacker,32,Croatia,35.0,3097.0,19.0,10.0,88.0,40.0,723.0,67.08,18.0,4.0,364.0,161.0,5.0,1.0,7.49,58.0,27.0,10.0,53.0,33.0,7.0,57.0,26.0,46.0,68.0,23.0,0.0,0.0,31.0,12.0,0.0,0.5521472392638037,0.290603810138844,2.5573135292218274,1.1624152405553765,21.010655473038423,0.5230868582499193,0.1162415240555376,0.1743622860833064,1.6855020988052956,0.7846302873748789,0.290603810138844,1.5402001937358734,0.9589925734581852,0.2034226670971908,1.656441717791411,0.7555699063609945,1.3367775266386823,1.9761059089441395,0.6683887633193413,0.0,0.9008718114304164,34.285714285714285,45.45454545454545,21.59090909090909,0.6708,44.23076923076923,88.48571428571428,0.8427510494026478,46.55172413793103,21.21212121212121,45.6140350877193,92.72727272727273,50.90909090909091,25.45454545454545,58.415841584158414,67.98679867986799,33.56435643564357,25.742574257425744,71.36363636363636,35.0,,56.56885688568857,0.0,8.0,64.56885688568858,49.584473497440825,6.984383388247743,3.4921916941238713,0.36202317393019,60.423071753742626
29992,Ivan Rakitić,Hajduk Split,Midfielder,38,Croatia,35.0,3065.0,2.0,4.0,45.0,10.0,1973.0,81.4,55.0,50.0,263.0,134.0,5.0,0.0,7.45,27.0,5.0,22.0,49.0,225.0,72.0,251.0,126.0,75.0,25.0,31.0,0.0,0.0,33.0,12.0,0.0,0.0587275693311582,0.1174551386623164,1.3213703099510603,0.2936378466557912,57.9347471451876,1.6150081566068517,1.468189233278956,0.1468189233278956,0.7928221859706363,0.1468189233278956,0.6460032626427407,1.438825448613377,6.6068515497553015,2.1141924959216967,7.370309951060359,3.699836867862969,2.202283849918434,0.734094616639478,0.9102773246329527,0.0,0.9690048939641108,34.285714285714285,22.22222222222222,4.444444444444445,0.8140000000000001,50.95057034220533,87.57142857142857,0.1761827079934747,18.51851851851852,32.0,50.199203187250994,42.076502732240435,77.59562841530054,60.928961748633874,64.60396039603961,33.993399339933994,90.0990099009901,48.27970297029702,67.62295081967213,74.1120218579235,,60.64072390845642,0.0,7.96039603960396,68.60111994806039,49.584473497440825,11.056250411015597,5.5281252055077985,0.36202317393019,66.53087228789443
1193792,Martin Zlomislic,Rijeka,Goalkeeper,27,Bosnia and Herzegovina,34.0,3054.0,0.0,0.0,0.0,0.0,984.0,66.26,2.0,0.0,20.0,19.0,2.0,0.0,6.86,0.0,0.0,1.0,4.0,0.0,0.0,497.0,167.0,1.0,12.0,28.0,53.0,27.0,21.0,19.0,0.0,0.0,0.0,0.0,0.0,28.99803536345776,0.0589390962671905,0.0,0.0589390962671905,0.0,0.0,0.0294695481335952,0.1178781925343811,0.0,0.0,14.646365422396856,4.921414538310413,0.0294695481335952,0.3536345776031434,0.825147347740668,1.56188605108055,0.618860510805501,55.88235294117647,0.0,0.0,0.6626000000000001,95.0,89.82352941176471,0.0,0.0,0.0,33.601609657947684,53.57142857142858,53.57142857142858,72.6190476190476,89.60396039603961,4.455445544554455,31.386138613861384,28.638613861386133,59.82142857142857,64.88095238095238,56.42857142857142,62.888967468175395,0.0,7.920792079207921,70.80975954738332,51.55523601085063,11.333731457324767,5.666865728662383,0.0,68.55583319683778
73932,Fran Karacic,Lokomotiva Zagreb,Defender,30,Australia,34.0,3030.0,4.0,4.0,58.0,12.0,1210.0,66.61,36.0,36.0,279.0,152.0,7.0,0.0,7.12,39.0,18.0,14.0,19.0,128.0,23.0,317.0,107.0,32.0,83.0,121.0,0.0,0.0,48.0,7.0,0.0,0.1188118811881188,0.1188118811881188,1.7227722772277227,0.3564356435643564,35.94059405940594,1.0693069306930694,1.0693069306930694,0.2079207920792079,1.1584158415841583,0.5346534653465347,0.4158415841584158,0.5643564356435643,3.801980198019802,0.6831683168316832,9.415841584158416,3.1782178217821784,0.9504950495049505,2.4653465346534653,3.594059405940594,0.0,1.4257425742574257,20.58823529411765,20.689655172413797,6.896551724137931,0.6661,54.48028673835125,89.11764705882354,0.2376237623762376,46.15384615384615,17.96875,33.753943217665615,83.7962962962963,42.129629629629626,35.18518518518518,46.53465346534653,45.04950495049505,58.118811881188115,62.97029702970298,86.80555555555556,41.72453703703704,,52.98679867986799,0.0,7.881188118811881,60.867986798679866,47.31337146692811,5.6734272129398775,2.8367136064699388,1.4975741891865475,57.32108647552448
26336984,Niko Jankovic,Rijeka,Midfielder,24,Croatia,34.0,2995.0,8.0,2.0,73.0,23.0,781.0,72.86,53.0,18.0,359.0,163.0,6.0,0.0,7.22,43.0,17.0,30.0,57.0,81.0,23.0,76.0,30.0,40.0,36.0,22.0,0.0,0.0,20.0,20.0,0.0,0.2404006677796327,0.0601001669449081,2.1936560934891487,0.6911519198664441,23.46911519198665,1.5926544240400669,0.5409015025041736,0.1803005008347245,1.2921535893155258,0.5108514190317195,0.9015025041736228,1.7128547579298832,2.4340567612687813,0.6911519198664441,2.283806343906511,0.9015025041736228,1.2020033388981637,1.0818030050083471,0.66110183639399,0.0,0.6010016694490818,58.8235294117647,31.506849315068493,10.95890410958904,0.7286,45.40389972144847,88.08823529411765,0.3005008347245409,39.53488372093023,28.395061728395063,39.47368421052632,80.327868852459,23.497267759562842,29.508196721311474,56.43564356435643,56.76567656765676,46.039603960396036,33.56435643564357,43.85245901639344,27.868852459016395,,45.64356435643565,0.0,7.841584158415842,53.48514851485149,51.55523601085063,-5.911671654414981,0.0,0.0,45.64356435643565
76452,Zvonimir Subaric,Lokomotiva Zagreb,Goalkeeper,29,Croatia,33.0,2970.0,0.0,0.0,0.0,0.0,844.0,63.74,1.0,0.0,12.0,11.0,3.0,0.0,6.82,0.0,0.0,0.0,6.0,0.0,0.0,457.0,157.0,0.0,5.0,21.0,92.0,66.0,46.0,7.0,1.0,0.0,0.0,0.0,0.0,25.57575757575757,0.0303030303030303,0.0,0.0909090909090909,0.0,0.0,0.0,0.1818181818181818,0.0,0.0,13.848484848484848,4.757575757575758,0.0,0.1515151515151515,0.6363636363636364,2.787878787878788,1.393939393939394,21.21212121212121,0.0,0.0,0.6374,91.66666666666669,90.0,0.0,0.0,0.0,34.354485776805255,53.57142857142858,29.761904761904763,65.47619047619047,79.70297029702971,5.2805280528052805,26.980198019801982,24.87623762376237,46.42857142857143,45.6845238095238,45.71428571428571,52.61315417256011,0.0,7.801980198019802,60.415134370579906,47.31337146692811,5.299782705631998,2.649891352815999,1.4975741891865475,56.76061971456265
52801,Dario Maresic,Istra 1961,Defender,26,Austria,33.0,2911.0,3.0,0.0,24.0,7.0,1887.0,77.8,70.0,33.0,304.0,172.0,8.0,0.0,7.14,17.0,12.0,20.0,39.0,11.0,5.0,436.0,201.0,20.0,52.0,112.0,0.0,0.0,35.0,11.0,0.0,0.0927516317416695,0.0,0.7420130539333563,0.2164204740638955,58.34077636551013,2.164204740638956,1.0202679491583648,0.247337684644452,0.5255925798694606,0.3710065269666781,0.6183442116111302,1.205771212641704,0.3400893163861216,0.1545860529027825,13.479903813122638,6.214359326691858,0.6183442116111302,1.6076949501889386,3.462727585022329,0.0,1.082102370319478,33.333333333333336,29.166666666666668,12.5,0.778,56.578947368421055,88.21212121212122,0.0927516317416695,70.58823529411765,45.45454545454545,46.10091743119266,81.01851851851852,52.31481481481482,59.72222222222223,37.62376237623762,63.03630363036303,67.22772277227723,69.35643564356434,62.15277777777778,67.70833333333334,,61.679042904290434,0.0,7.762376237623762,69.4414191419142,49.340686507175306,12.338356397115128,6.169178198557564,0.4839166690629497,68.33213777191095
16488582,Ville Koski,Istra 1961,Defender,24,Finland,34.0,2881.0,0.0,1.0,16.0,2.0,1619.0,83.45,36.0,36.0,246.0,138.0,5.0,0.0,7.08,10.0,4.0,11.0,19.0,7.0,1.0,235.0,98.0,10.0,80.0,168.0,0.0,0.0,30.0,13.0,0.0,0.0,0.03123915307185,0.4998264491496008,0.0624783061437001,50.57618882332523,1.124609510586602,1.124609510586602,0.1561957653592502,0.3123915307185005,0.1249566122874002,0.3436306837903505,0.593543908365151,0.2186740715029503,0.03123915307185,7.341200971884763,3.061437001041305,0.3123915307185005,2.499132245748004,5.248177716070809,0.0,0.9371745921555016,38.23529411764706,12.5,0.0,0.8345,56.09756097560975,84.73529411764706,0.03123915307185,40.0,14.285714285714286,41.70212765957447,27.31481481481482,66.20370370370371,41.666666666666664,62.87128712871287,27.145214521452147,57.62376237623762,68.53960396039604,44.791666666666664,52.43055555555556,,46.842684268426844,0.0,7.7227722772277225,54.56545654565457,49.340686507175306,-2.4980022387484624,0.0,0.4839166690629497,47.32660093748979
76047,Ivan Sušak,Slaven Koprivnica,Goalkeeper,28,Croatia,32.0,2880.0,0.0,0.0,0.0,0.0,890.0,67.64,0.0,0.0,10.0,9.0,2.0,0.0,7.04,0.0,0.0,0.0,6.0,0.0,0.0,450.0,172.0,0.0,3.0,24.0,101.0,70.0,35.0,9.0,2.0,0.0,0.0,0.0,0.0,27.8125,0.0,0.0,0.0625,0.0,0.0,0.0,0.1875,0.0,0.0,14.0625,5.375,0.0,0.09375,0.75,3.15625,1.09375,28.125,0.0,0.0,0.6764,90.0,90.0,0.0,0.0,0.0,38.22222222222222,53.57142857142858,55.952380952380956,46.42857142857142,87.37623762376238,5.528052805280527,31.534653465346537,25.160891089108915,48.21428571428571,51.33928571428571,69.28571428571428,55.52333804809053,0.0,7.643564356435643,63.16690240452617,51.30896541384557,4.21437263424496,2.10718631712248,0.0,57.630524365213006
73710,Marko Malenica,Osijek,Goalkeeper,32,Croatia,32.0,2880.0,0.0,0.0,0.0,0.0,840.0,65.95,1.0,0.0,7.0,7.0,0.0,0.0,6.99,0.0,0.0,0.0,2.0,0.0,0.0,439.0,158.0,1.0,5.0,26.0,101.0,68.0,42.0,8.0,0.0,0.0,0.0,0.0,0.0,26.25,0.03125,0.0,0.0,0.0,0.0,0.0,0.0625,0.0,0.0,13.71875,4.9375,0.03125,0.15625,0.8125,3.15625,1.3125,25.0,0.0,0.0,0.6595,100.0,90.0,0.0,0.0,0.0,35.99088838268793,53.57142857142858,39.285714285714285,77.3809523809524,96.2871287128713,3.7953795379537953,29.00990099009901,27.982673267326735,56.25,63.6904761904762,48.57142857142857,60.700141442715704,0.0,7.643564356435643,68.34370579915135,52.198656341043936,8.501485101671769,4.250742550835884,0.0,64.95088399355159
73640,Oliver Zelenika,Varaždin,Goalkeeper,33,Croatia,32.0,2880.0,0.0,0.0,0.0,0.0,967.0,73.84,0.0,0.0,8.0,8.0,2.0,0.0,6.92,0.0,0.0,0.0,5.0,1.0,1.0,413.0,175.0,0.0,4.0,21.0,56.0,40.0,16.0,16.0,0.0,0.0,0.0,0.0,0.0,30.21875,0.0,0.0,0.0625,0.0,0.0,0.0,0.15625,0.03125,0.03125,12.90625,5.46875,0.0,0.125,0.65625,1.75,0.5,50.0,0.0,0.0,0.7384000000000001,100.0,90.0,0.0,0.0,100.0,42.3728813559322,53.57142857142858,77.38095238095238,60.7142857142857,87.37623762376238,4.785478547854786,41.039603960396036,25.259900990099013,39.28571428571428,67.41071428571428,67.85714285714286,66.23762376237623,0.0,7.643564356435643,73.88118811881188,48.29913047958605,17.938493282790184,8.969246641395092,1.0046946828575791,76.2115650866289
183535,Dejan Petrovic,Rijeka,Midfielder,28,Slovenia,34.0,2878.0,1.0,3.0,14.0,5.0,1012.0,79.64,53.0,29.0,235.0,113.0,6.0,0.0,6.97,10.0,4.0,17.0,26.0,15.0,4.0,153.0,78.0,15.0,31.0,47.0,0.0,0.0,21.0,19.0,0.0,0.0312717164697706,0.093815149409312,0.4378040305767894,0.1563585823488533,31.64697706740792,1.6574009728978458,0.9068797776233496,0.187630298818624,0.3127171646977067,0.1250868658790827,0.5316191799861014,0.8130646282140376,0.4690757470465601,0.1250868658790827,4.784572619874913,2.4391938846421124,0.4690757470465601,0.9694232105628908,1.4697706740792216,0.0,0.6567060458651841,55.88235294117647,35.714285714285715,7.142857142857143,0.7964,48.08510638297872,84.6470588235294,0.1250868658790827,40.0,26.666666666666668,50.98039215686274,37.431693989071036,48.63387978142077,45.3551912568306,53.96039603960396,32.0957095709571,49.20792079207921,45.71782178217822,40.57377049180328,43.784153005464475,,44.822269112157116,0.0,7.564356435643564,52.386625547800676,51.55523601085063,-6.732966898693512,0.0,0.0,44.822269112157116
34481476,Roko Jurisic,Osijek,Defender,24,Croatia,33.0,2864.0,3.0,1.0,15.0,6.0,1371.0,79.5,43.0,48.0,242.0,128.0,5.0,0.0,6.98,51.0,20.0,25.0,24.0,50.0,10.0,170.0,72.0,29.0,42.0,71.0,0.0,0.0,47.0,6.0,0.0,0.0942737430167597,0.0314245810055865,0.4713687150837989,0.1885474860335195,43.08310055865922,1.3512569832402237,1.5083798882681565,0.1571229050279329,1.6026536312849162,0.6284916201117319,0.7856145251396648,0.7541899441340782,1.5712290502793296,0.3142458100558659,5.342178770949721,2.2625698324022347,0.9113128491620112,1.3198324022346368,2.231145251396648,0.0,1.4769553072625698,18.181818181818183,40.0,20.0,0.795,52.89256198347108,86.78787878787878,0.1256983240223463,39.21568627450981,20.0,42.35294117647059,83.10185185185185,49.53703703703703,49.53703703703704,62.37623762376238,44.71947194719471,63.762376237623755,59.801980198019805,62.5,52.719907407407405,,60.89040154015401,0.0,7.524752475247523,68.41515401540153,52.198656341043936,8.691745199110073,4.345872599555037,0.0,65.23627413970905
74322,Frane Maglica,Varaždin,Defender,29,Croatia,33.0,2827.0,1.0,3.0,7.0,4.0,1057.0,75.88,63.0,28.0,315.0,161.0,2.0,0.0,7.1,69.0,31.0,24.0,19.0,110.0,27.0,126.0,45.0,33.0,47.0,83.0,0.0,0.0,18.0,15.0,0.0,0.0318358684117439,0.0955076052352316,0.2228510788822073,0.1273434736469756,33.6505129112133,2.0056597099398656,0.8914043155288291,0.0636717368234878,2.196674920410329,0.9869119207640608,0.7640608418818535,0.6048814998231341,3.501945525291829,0.8595684471170852,4.011319419879731,1.432614078528475,1.050583657587549,1.4962858153519631,2.642377078174744,0.0,0.5730456314113902,45.45454545454545,57.142857142857146,14.285714285714286,0.7587999999999999,51.11111111111112,85.66666666666667,0.1273434736469756,44.927536231884055,24.545454545454547,35.714285714285715,62.5,47.22222222222223,41.2037037037037,86.63366336633663,52.14521452145215,60.0,61.01485148514852,72.91666666666667,40.74074074074074,,53.94114411441145,0.0,7.485148514851486,61.42629262926294,48.29913047958605,5.642013634825403,2.8210068174127017,1.0046946828575791,57.76684561468173
73090,Tomislav Bozic,Slaven Koprivnica,Defender,38,Croatia,32.0,2814.0,3.0,1.0,18.0,6.0,1374.0,79.99,56.0,31.0,281.0,168.0,7.0,0.0,7.23,6.0,2.0,11.0,9.0,6.0,2.0,282.0,134.0,7.0,104.0,155.0,0.0,0.0,32.0,9.0,0.0,0.0959488272921108,0.0319829424307036,0.5756929637526652,0.1918976545842217,43.94456289978678,1.791044776119403,0.9914712153518124,0.2238805970149253,0.1918976545842217,0.0639658848614072,0.3518123667377398,0.2878464818763326,0.1918976545842217,0.0639658848614072,9.019189765458425,4.285714285714286,0.2238805970149253,3.326226012793177,4.957356076759062,0.0,1.023454157782516,28.125,33.333333333333336,16.666666666666668,0.7998999999999999,59.786476868327405,87.9375,0.1279317697228145,33.333333333333336,33.333333333333336,47.5177304964539,83.79629629629629,52.31481481481481,56.48148148148149,42.57425742574258,15.594059405940596,55.742574257425744,76.23762376237624,43.40277777777778,56.19212962962963,,62.03520352035203,0.0,7.445544554455446,69.48074807480748,51.30896541384557,10.726238106506457,5.363119053253229,0.0,67.39832257360526
37744101,Agyemang Morrison,Šibenik,Defender,21,,32.0,2790.0,2.0,1.0,18.0,5.0,1282.0,82.68,36.0,24.0,264.0,166.0,5.0,0.0,7.02,3.0,1.0,9.0,28.0,5.0,1.0,208.0,106.0,6.0,101.0,187.0,0.0,0.0,49.0,7.0,0.0,0.064516129032258,0.032258064516129,0.5806451612903226,0.1612903225806451,41.354838709677416,1.1612903225806452,0.7741935483870968,0.1612903225806451,0.0967741935483871,0.032258064516129,0.2903225806451613,0.9032258064516128,0.1612903225806451,0.032258064516129,6.709677419354839,3.419354838709677,0.1935483870967742,3.2580645161290325,6.032258064516129,0.0,1.5806451612903225,21.875,27.77777777777778,11.11111111111111,0.8268000000000001,62.87878787878788,87.1875,0.0967741935483871,33.333333333333336,20.0,50.96153846153846,66.43518518518519,52.31481481481482,43.98148148148149,61.88118811881188,26.155115511551156,52.57425742574257,70.56930693069307,35.06944444444444,47.511574074074076,,55.00756325632563,4.0,7.405940594059405,66.41350385038504,45.37125340014588,9.63630985617975,4.818154928089875,2.4686332225776617,62.29435140699317
17525250,Kresimir Krizmanic,Gorica,Defender,26,Croatia,32.0,2788.0,2.0,0.0,8.0,3.0,1230.0,83.17,59.0,22.0,231.0,130.0,3.0,0.0,7.03,14.0,6.0,15.0,23.0,17.0,6.0,133.0,46.0,5.0,45.0,152.0,0.0,0.0,36.0,11.0,0.0,0.0645624103299856,0.0,0.2582496413199426,0.0968436154949784,39.70588235294117,1.9045911047345767,0.7101865136298422,0.0968436154949784,0.4519368723098996,0.1936872309899569,0.4842180774748923,0.742467718794835,0.5487804878048781,0.1936872309899569,4.2934002869440455,1.48493543758967,0.1614060258249641,1.4526542324246772,4.90674318507891,0.0,1.1621233859397415,34.375,37.5,25.0,0.8317,56.27705627705628,87.125,0.0645624103299856,42.85714285714285,35.294117647058826,34.58646616541353,70.37037037037037,43.51851851851851,41.2037037037037,79.20792079207921,34.98349834983498,48.316831683168324,64.70297029702971,25.0,38.48379629629629,,54.44856985698569,0.0,7.366336633663367,61.81490649064906,44.70718855697045,9.741381300015242,4.870690650007621,2.8006656441653774,62.119926151158694
75066,Filip Uremovic,Hajduk Split,Defender,29,Croatia,31.0,2780.0,2.0,1.0,14.0,5.0,1552.0,83.83,52.0,45.0,281.0,174.0,10.0,0.0,7.19,12.0,6.0,10.0,17.0,17.0,5.0,203.0,94.0,5.0,102.0,129.0,0.0,0.0,29.0,10.0,0.0,0.0647482014388489,0.0323741007194244,0.4532374100719424,0.1618705035971223,50.24460431654676,1.683453237410072,1.4568345323741008,0.3237410071942446,0.3884892086330935,0.1942446043165467,0.3237410071942446,0.5503597122302158,0.5503597122302158,0.1618705035971223,6.571942446043166,3.0431654676258995,0.1618705035971223,3.302158273381295,4.176258992805756,0.0,0.9388489208633094,32.25806451612903,35.714285714285715,14.285714285714286,0.8382999999999999,61.92170818505338,89.6774193548387,0.0971223021582733,50.0,29.41176470588235,46.30541871921182,71.75925925925925,68.51851851851852,72.68518518518518,21.78217821782178,37.788778877887786,59.4059405940594,79.55445544554455,41.666666666666664,65.50925925925925,,66.06710671067107,0.0,7.326732673267327,73.3938393839384,49.584473497440825,16.482633213230244,8.241316606615122,0.36202317393019,74.67044649121638
73972,Ante Majstorovic,Rijeka,Defender,32,Croatia,32.0,2759.0,0.0,1.0,11.0,4.0,1553.0,81.39,23.0,32.0,213.0,133.0,7.0,0.0,7.11,2.0,2.0,0.0,27.0,4.0,1.0,331.0,131.0,4.0,86.0,137.0,0.0,0.0,19.0,18.0,0.0,0.0,0.0326205146792316,0.3588256614715476,0.1304820587169264,50.65965929684669,0.750271837622327,1.0438564697354114,0.2283436027546212,0.0652410293584632,0.0652410293584632,0.0,0.8807538963392534,0.1304820587169264,0.0326205146792316,10.79739035882566,4.27328742297934,0.1304820587169264,2.805364262413918,4.46901051105473,0.0,0.6197897789054005,56.25,36.36363636363637,0.0,0.8139,62.44131455399061,86.21875,0.0326205146792316,100.0,25.0,39.57703927492447,36.111111111111114,65.27777777777779,43.98148148148149,41.584158415841586,50.9075907590759,56.83168316831683,66.68316831683168,42.70833333333333,51.851851851851855,,47.76952695269527,0.0,7.287128712871288,55.05665566556656,51.55523601085063,-3.785709058155355,0.0,0.0,47.76952695269527
1525038,Lovro Majkic,Istra 1961,Goalkeeper,26,Croatia,31.0,2751.0,0.0,0.0,0.0,0.0,726.0,63.77,0.0,0.0,19.0,17.0,2.0,0.0,6.86,1.0,1.0,1.0,11.0,1.0,1.0,373.0,116.0,1.0,6.0,22.0,77.0,50.0,32.0,12.0,1.0,0.0,0.0,0.0,0.0,23.75136314067612,0.0,0.0,0.0654307524536532,0.0327153762268266,0.0327153762268266,0.0327153762268266,0.3598691384950926,0.0327153762268266,0.0327153762268266,12.202835332606323,3.794983642311887,0.0327153762268266,0.1962922573609596,0.7197382769901853,2.519083969465649,1.0468920392584515,38.70967741935484,0.0,0.0,0.6377,89.47368421052632,88.74193548387096,0.0,100.0,100.0,31.099195710455763,53.57142857142858,29.76190476190476,44.047619047619044,86.13861386138613,40.18151815181518,28.415841584158414,25.495049504950497,61.60714285714285,39.88095238095238,61.42857142857142,46.82814710042433,0.0,7.247524752475248,54.07567185289958,49.340686507175306,-2.5125394067509745,0.0,0.4839166690629497,47.31206376948728
73659,Luka Lucic,Slaven Koprivnica,Midfielder,31,Croatia,31.0,2739.0,1.0,0.0,6.0,1.0,1473.0,73.79,38.0,46.0,235.0,139.0,9.0,0.0,7.08,21.0,10.0,9.0,30.0,116.0,34.0,272.0,111.0,28.0,68.0,114.0,0.0,0.0,38.0,7.0,0.0,0.0328587075575027,0.0,0.1971522453450164,0.0328587075575027,48.40087623220153,1.248630887185104,1.511500547645126,0.2957283680175246,0.6900328587075575,0.3285870755750273,0.2957283680175246,0.9857612267250822,3.8116100766703176,1.1171960569550932,8.937568455640745,3.647316538882804,0.9200438116100766,2.2343921139101863,3.745892661555312,0.0,1.248630887185104,22.580645161290324,16.666666666666668,16.666666666666668,0.7379000000000001,59.14893617021277,88.35483870967742,0.0328587075575027,47.61904761904762,29.310344827586206,40.80882352941177,43.44262295081967,41.80327868852459,68.30601092896175,27.72277227722772,47.35973597359736,72.97029702970298,71.63366336633663,49.385245901639344,64.89071038251366,,48.83785099821458,0.0,7.207920792079208,56.045771790293784,51.30896541384557,-2.4711144156309928,0.0,0.0,48.83785099821458
37598711,Art Smakaj,Lokomotiva Zagreb,Midfielder,23,Kosovo,32.0,2724.0,2.0,4.0,37.0,10.0,1147.0,80.47,57.0,40.0,316.0,139.0,11.0,0.0,7.02,42.0,23.0,22.0,26.0,14.0,5.0,117.0,58.0,24.0,35.0,34.0,0.0,0.0,36.0,7.0,0.0,0.066079295154185,0.13215859030837,1.222466960352423,0.3303964757709251,37.89647577092511,1.8832599118942728,1.3215859030837005,0.3634361233480176,1.3876651982378854,0.7599118942731278,0.7268722466960352,0.8590308370044053,0.4625550660792951,0.1651982378854625,3.865638766519824,1.9162995594713657,0.7929515418502202,1.156387665198238,1.1233480176211454,0.0,1.1894273127753303,21.875,27.027027027027028,5.405405405405405,0.8047,43.9873417721519,85.125,0.198237885462555,54.76190476190476,35.714285714285715,49.57264957264957,46.994535519125684,61.20218579234973,48.08743169398907,12.871287128712865,63.366336633663366,55.44554455445545,47.62376237623762,57.37704918032787,48.63387978142076,,48.17237461451063,0.0,7.1683168316831685,55.3406914461938,47.31337146692811,0.8590031475825199,0.42950157379125997,1.4975741891865475,50.09945037748844
37540937,Mateo Lisica,Istra 1961,Attacker,22,Croatia,36.0,2702.0,4.0,5.0,38.0,9.0,611.0,76.6,42.0,16.0,216.0,103.0,0.0,0.0,7.1,53.0,28.0,15.0,22.0,82.0,14.0,28.0,17.0,39.0,13.0,19.0,0.0,0.0,27.0,13.0,0.0,0.1332346410066617,0.1665433012583271,1.2657290895632864,0.2997779422649889,20.35159141376758,1.3989637305699485,0.532938564026647,0.0,1.7653589933382678,0.932642487046632,0.4996299037749815,0.7327905255366395,2.7313101406365656,0.466321243523316,0.932642487046632,0.5662472242783123,1.299037749814952,0.4330125832716506,0.6328645447816432,0.0,0.8993338267949667,36.11111111111112,23.68421052631579,10.526315789473683,0.7659999999999999,47.68518518518518,75.05555555555556,0.2997779422649889,52.83018867924528,17.073170731707318,60.71428571428572,31.818181818181817,60.6060606060606,65.45454545454545,96.2871287128713,62.04620462046205,44.95049504950496,28.329207920792083,57.72727272727273,60.68181818181818,,56.99234923492349,2.0,7.128712871287129,66.12106210621062,49.340686507175306,7.651662727748182,3.825831363874091,0.4839166690629497,61.30209726786053
5270359,Silvio Gorican,Lokomotiva Zagreb,Attacker,26,Croatia,33.0,2700.0,6.0,4.0,65.0,25.0,696.0,73.42,27.0,11.0,356.0,124.0,5.0,0.0,6.95,93.0,27.0,20.0,53.0,142.0,36.0,47.0,26.0,51.0,16.0,10.0,0.0,0.0,46.0,7.0,0.0,0.2,0.1333333333333333,2.1666666666666665,0.8333333333333334,23.2,0.9,0.3666666666666666,0.1666666666666666,3.1,0.9,0.6666666666666666,1.7666666666666666,4.733333333333333,1.2,1.5666666666666669,0.8666666666666667,1.7,0.5333333333333333,0.3333333333333333,0.0,1.5333333333333334,21.21212121212121,38.46153846153846,9.23076923076923,0.7342,34.831460674157306,81.81818181818181,0.3333333333333333,29.032258064516128,25.35211267605634,55.319148936170215,55.15151515151515,58.18181818181819,30.909090909090907,60.396039603960396,58.91089108910891,51.78217821782179,11.782178217821784,66.81818181818181,48.86363636363636,,49.31233123312332,0.0,7.089108910891088,56.4014401440144,47.31337146692811,1.998959766195206,0.999479883097603,1.4975741891865475,51.809385305407474
75000,Antonio Borsic,Varaždin,Defender,30,Croatia,33.0,2680.0,0.0,0.0,13.0,2.0,1270.0,78.43,43.0,30.0,201.0,93.0,3.0,0.0,7.05,20.0,12.0,28.0,16.0,50.0,11.0,182.0,78.0,22.0,25.0,77.0,0.0,0.0,17.0,16.0,0.0,0.0,0.0,0.4365671641791044,0.0671641791044776,42.649253731343286,1.4440298507462686,1.007462686567164,0.1007462686567164,0.6716417910447762,0.4029850746268656,0.9402985074626866,0.5373134328358209,1.6791044776119404,0.3694029850746269,6.111940298507463,2.6194029850746268,0.7388059701492538,0.8395522388059702,2.5858208955223883,0.0,0.5708955223880597,48.48484848484848,15.384615384615383,0.0,0.7843000000000001,46.26865671641791,81.21212121212122,0.0,60.0,22.0,42.85714285714285,28.240740740740744,38.888888888888886,31.01851851851852,78.7128712871287,49.009900990099005,62.277227722772274,47.153465346534645,51.736111111111114,42.93981481481482,,37.315731573157315,0.0,7.0495049504950495,44.365236523652364,48.29913047958605,-10.983398906428732,0.0,1.0046946828575791,38.3204262560149
1872745,Mladen Devetak,Rijeka,Defender,27,Serbia,31.0,2657.0,1.0,2.0,11.0,1.0,974.0,72.18,38.0,28.0,231.0,113.0,7.0,0.0,7.01,11.0,2.0,15.0,34.0,56.0,11.0,186.0,62.0,15.0,41.0,77.0,0.0,0.0,19.0,18.0,0.0,0.0338727888596161,0.0677455777192322,0.3726006774557772,0.0338727888596161,32.99209634926609,1.2871659766654122,0.948438088069251,0.2371095220173127,0.3726006774557772,0.0677455777192322,0.5080918328942416,1.1516748212269476,1.896876176138502,0.3726006774557772,6.3003387278885965,2.1001129092961985,0.5080918328942416,1.3887843432442604,2.6082047421904404,0.0,0.6435829883327061,58.064516129032256,9.090909090909092,9.090909090909092,0.7218000000000001,48.91774891774892,85.70967741935483,0.1016183665788483,18.181818181818183,19.642857142857142,33.333333333333336,46.2962962962963,37.037037037037045,27.31481481481481,40.099009900990104,26.23762376237624,47.82178217821782,49.87623762376237,49.65277777777778,30.324074074074073,,37.204345434543455,0.0,7.00990099009901,44.21424642464247,51.55523601085063,-14.350890576307172,0.0,0.0,37.204345434543455
37543226,Toni Fruk,Rijeka,Midfielder,25,Croatia,33.0,2645.0,10.0,10.0,72.0,28.0,768.0,73.7,26.0,13.0,393.0,169.0,5.0,1.0,7.42,83.0,39.0,12.0,82.0,58.0,21.0,90.0,49.0,56.0,26.0,6.0,0.0,0.0,17.0,20.0,0.0,0.3402646502835538,0.3402646502835538,2.449905482041588,0.9527410207939508,26.13232514177694,0.8846880907372401,0.44234404536862,0.2041587901701323,2.824196597353497,1.32703213610586,0.4083175803402646,2.7901701323251418,1.9735349716446124,0.7145557655954632,3.062381852551985,1.667296786389414,1.9054820415879017,0.8846880907372401,0.2041587901701323,0.0,0.5784499054820416,60.60606060606061,38.888888888888886,13.88888888888889,0.737,43.00254452926209,80.15151515151516,0.6805293005671077,46.98795180722892,36.206896551724135,54.44444444444444,89.61748633879783,43.71584699453552,13.661202185792348,48.01980198019802,82.34323432343236,56.93069306930694,17.400990099009903,78.27868852459017,28.346994535519123,,48.90034085375751,0.0,6.970297029702971,55.87063788346048,51.55523601085063,-2.654895157093115,0.0,0.0,48.90034085375751
37544959,Moris Valincic,Istra 1961,Defender,23,Croatia,33.0,2619.0,1.0,2.0,6.0,3.0,1357.0,84.6,56.0,51.0,296.0,173.0,6.0,0.0,7.14,55.0,30.0,14.0,51.0,40.0,9.0,135.0,70.0,15.0,36.0,63.0,0.0,0.0,26.0,12.0,0.0,0.0343642611683848,0.0687285223367697,0.2061855670103092,0.1030927835051546,46.63230240549828,1.924398625429553,1.7525773195876289,0.2061855670103092,1.8900343642611683,1.0309278350515465,0.4810996563573883,1.7525773195876289,1.3745704467353952,0.3092783505154639,4.639175257731959,2.405498281786941,0.5154639175257731,1.2371134020618555,2.1649484536082477,0.0,0.8934707903780069,36.36363636363637,50.0,16.666666666666668,0.846,58.44594594594594,79.36363636363636,0.1030927835051546,54.54545454545455,22.5,51.851851851851855,63.888888888888886,71.75925925925925,75.92592592592594,47.524752475247524,80.03300330033004,64.45544554455446,68.76237623762377,64.93055555555556,69.03935185185185,,68.22469746974699,0.0,6.930693069306931,75.15539053905391,49.340686507175306,18.88401096257168,9.44200548128584,0.4839166690629497,78.15061962009577
54693,Robert Mudrazija,Lokomotiva Zagreb,Midfielder,29,Croatia,33.0,2600.0,14.0,2.0,53.0,20.0,805.0,73.29,33.0,14.0,284.0,134.0,2.0,0.0,7.24,45.0,14.0,18.0,60.0,44.0,9.0,70.0,31.0,37.0,26.0,16.0,0.0,0.0,41.0,6.0,0.0,0.4846153846153846,0.0692307692307692,1.8346153846153843,0.6923076923076923,27.865384615384617,1.1423076923076922,0.4846153846153846,0.0692307692307692,1.5576923076923077,0.4846153846153846,0.6230769230769231,2.076923076923077,1.523076923076923,0.3115384615384615,2.423076923076923,1.073076923076923,1.2807692307692309,0.9,0.5538461538461539,0.0,1.4192307692307693,18.181818181818183,37.735849056603776,26.41509433962264,0.7329000000000001,47.183098591549296,78.78787878787878,0.5538461538461539,31.11111111111111,20.454545454545453,44.285714285714285,93.44262295081967,31.69398907103825,24.043715846994534,85.14851485148515,53.46534653465346,47.12871287128713,28.267326732673265,47.131147540983605,28.825136612021858,,53.268949845804244,0.0,6.891089108910891,60.160038954715134,47.31337146692811,5.955578378876133,2.9777891894380666,1.4975741891865475,57.744313224428865
133342,Lamine Ba,Varaždin,Defender,28,Mauritania,31.0,2590.0,1.0,0.0,8.0,4.0,1389.0,85.6,39.0,37.0,159.0,92.0,9.0,0.0,7.15,11.0,7.0,6.0,8.0,1.0,0.0,183.0,82.0,4.0,39.0,127.0,0.0,0.0,16.0,14.0,0.0,0.0347490347490347,0.0,0.277992277992278,0.138996138996139,48.26640926640927,1.3552123552123552,1.2857142857142858,0.3127413127413127,0.3822393822393822,0.2432432432432432,0.2084942084942085,0.277992277992278,0.0347490347490347,0.0,6.359073359073359,2.849420849420849,0.138996138996139,1.3552123552123552,4.413127413127413,0.0,0.555984555984556,45.16129032258065,50.0,12.5,0.856,57.86163522012578,83.54838709677419,0.0347490347490347,63.63636363636363,0.0,44.80874316939891,62.96296296296296,59.72222222222223,53.24074074074074,23.762376237623755,41.91419141914191,52.77227722772277,63.613861386138616,32.638888888888886,54.398148148148145,,55.15401540154016,0.0,6.851485148514851,62.00550055005501,48.29913047958605,6.85488492195411,3.427442460977055,1.0046946828575791,59.58615254537479
31926,Ivan Santini,Šibenik,Attacker,37,Croatia,31.0,2574.0,7.0,1.0,54.0,20.0,739.0,62.52,18.0,8.0,567.0,294.0,11.0,0.0,7.18,26.0,12.0,7.0,73.0,3.0,0.0,50.0,22.0,18.0,193.0,59.0,0.0,0.0,38.0,7.0,0.0,0.2447552447552447,0.0349650349650349,1.888111888111888,0.6993006993006993,25.83916083916084,0.6293706293706294,0.2797202797202797,0.3846153846153846,0.9090909090909092,0.4195804195804196,0.2447552447552447,2.5524475524475525,0.1048951048951049,0.0,1.7482517482517483,0.7692307692307693,0.6293706293706294,6.748251748251748,2.062937062937063,0.0,1.3286713286713288,22.580645161290324,37.03703703703704,12.962962962962964,0.6252,51.851851851851855,83.03225806451613,0.2797202797202797,46.15384615384615,0.0,44.0,60.6060606060606,34.54545454545454,50.909090909090914,12.376237623762378,65.51155115511551,20.445544554455445,45.024752475247524,30.454545454545453,43.86363636363637,,45.05580558055805,0.0,6.811881188118812,51.86768676867686,45.37125340014588,-0.3154478195878312,0.0,2.4686332225776617,47.52443880313571
23707307,Luka Jelenic,Osijek,Defender,26,Croatia,32.0,2532.0,2.0,1.0,13.0,5.0,1371.0,86.58,55.0,48.0,283.0,165.0,6.0,0.0,7.08,12.0,6.0,15.0,34.0,1.0,0.0,147.0,55.0,4.0,73.0,129.0,0.0,0.0,46.0,7.0,0.0,0.0710900473933649,0.0355450236966824,0.462085308056872,0.1777251184834123,48.73222748815166,1.954976303317536,1.7061611374407584,0.2132701421800948,0.4265402843601896,0.2132701421800948,0.533175355450237,1.2085308056872035,0.0355450236966824,0.0,5.225118483412322,1.954976303317536,0.1421800947867298,2.59478672985782,4.585308056872038,0.0,1.6350710900473933,21.875,38.46153846153846,15.384615384615383,0.8658,58.303886925795055,79.125,0.1066350710900473,50.0,0.0,37.41496598639456,76.1574074074074,72.22222222222221,75.46296296296295,46.039603960396036,51.48514851485148,49.9009900990099,82.35148514851485,34.375,62.55787037037036,,71.75673817381738,0.0,6.772277227722771,78.52901540154015,52.198656341043936,19.558081832773446,9.779040916386723,0.0,81.5357790902041
7330,Ivan Lucic,Hajduk Split,Goalkeeper,31,Austria,28.0,2496.0,0.0,0.0,0.0,0.0,880.0,73.52,0.0,0.0,23.0,21.0,2.0,1.0,6.8,0.0,0.0,2.0,9.0,0.0,0.0,360.0,138.0,1.0,14.0,24.0,56.0,34.0,26.0,11.0,0.0,0.0,0.0,0.0,0.0,31.73076923076923,0.0,0.0,0.1081730769230769,0.0,0.0,0.0721153846153846,0.3245192307692308,0.0,0.0,12.98076923076923,4.975961538461538,0.0360576923076923,0.5048076923076923,0.8653846153846154,2.019230769230769,0.9375,39.285714285714285,0.0,0.0,0.7352,91.30434782608695,89.14285714285714,0.0,0.0,0.0,38.333333333333336,53.57142857142858,79.76190476190476,48.8095238095238,75.24752475247524,6.930693069306931,39.8019801980198,28.366336633663366,56.25,67.26190476190476,66.42857142857142,62.16760961810466,0.0,6.732673267326732,68.9002828854314,49.584473497440825,12.583136120663838,6.291568060331919,0.36202317393019,68.82120085236679
37356247,Ognjen Bakic,Šibenik,Midfielder,23,Montenegro,33.0,2487.0,0.0,0.0,18.0,1.0,952.0,77.21,67.0,18.0,283.0,150.0,7.0,0.0,6.8,39.0,12.0,24.0,50.0,31.0,8.0,115.0,56.0,11.0,24.0,31.0,0.0,0.0,43.0,6.0,0.0,0.0,0.0,0.6513872135102533,0.0361881785283474,34.45114595898673,2.424607961399276,0.6513872135102533,0.2533172496984318,1.4113389626055488,0.4342581423401688,0.8685162846803377,1.8094089264173705,1.1218335343787695,0.2895054282267792,4.161640530759952,2.0265379975874547,0.3980699638118214,0.8685162846803377,1.1218335343787695,0.0,1.5560916767189386,18.181818181818183,5.555555555555555,0.0,0.7720999999999999,53.003533568904594,75.36363636363636,0.0,30.76923076923077,25.806451612903224,48.69565217391305,13.661202185792348,34.69945355191257,59.01639344262295,35.64356435643565,49.42244224422442,49.10891089108911,48.168316831683164,32.17213114754099,48.15573770491803,,35.777471189741924,0.0,6.693069306930693,42.47054049667262,45.37125340014588,-9.593782210403958,0.0,2.4686332225776617,38.24610441231958
73867,Dominik Kovacic,Slaven Koprivnica,Defender,32,Croatia,29.0,2484.0,2.0,1.0,8.0,2.0,1236.0,85.03,32.0,29.0,186.0,117.0,3.0,1.0,7.02,9.0,6.0,8.0,14.0,3.0,0.0,202.0,100.0,3.0,68.0,132.0,0.0,0.0,29.0,8.0,0.0,0.072463768115942,0.036231884057971,0.2898550724637681,0.072463768115942,44.78260869565217,1.1594202898550725,1.0507246376811594,0.144927536231884,0.3260869565217391,0.217391304347826,0.2898550724637681,0.5072463768115942,0.108695652173913,0.0,7.318840579710145,3.6231884057971016,0.108695652173913,2.463768115942029,4.782608695652174,0.0,1.0507246376811594,27.58620689655172,25.0,25.0,0.8503000000000001,62.903225806451616,85.65517241379311,0.108695652173913,66.66666666666667,0.0,49.50495049504951,67.5925925925926,63.888888888888886,53.703703703703695,66.33663366336634,45.46204620462046,53.366336633663366,71.7821782178218,43.75,54.80324074074073,,62.189218921892184,0.0,6.653465346534654,68.84268426842684,51.30896541384557,10.880253508046614,5.440126754023307,0.0,67.62934567591549
73704,Alen Grgic,Slaven Koprivnica,Attacker,31,Croatia,30.0,2478.0,7.0,8.0,56.0,20.0,760.0,73.16,21.0,28.0,238.0,102.0,6.0,0.0,7.29,46.0,13.0,10.0,30.0,82.0,19.0,72.0,34.0,41.0,40.0,31.0,0.0,0.0,27.0,8.0,0.0,0.2542372881355932,0.2905569007263922,2.0338983050847457,0.7263922518159807,27.602905569007262,0.7627118644067796,1.0169491525423728,0.2179176755447942,1.6707021791767551,0.4721549636803874,0.3631961259079903,1.089588377723971,2.978208232445521,0.6900726392251816,2.6150121065375305,1.234866828087167,1.4891041162227605,1.452784503631961,1.12590799031477,0.0,0.980629539951574,26.666666666666668,35.714285714285715,12.5,0.7315999999999999,42.85714285714285,82.6,0.5447941888619854,28.26086956521739,23.170731707317078,47.22222222222222,62.424242424242415,78.18181818181819,51.21212121212121,43.56435643564357,39.93399339933993,53.66336633663366,36.28712871287129,70.0,63.10606060606061,,61.9018901890189,0.0,6.6138613861386135,68.51575157515751,51.30896541384557,10.59292477517333,5.296462387586665,0.0,67.19835257660557
73622,Dino Mikanovic,Gorica,Defender,32,Croatia,30.0,2461.0,2.0,0.0,13.0,4.0,732.0,69.81,40.0,25.0,186.0,103.0,3.0,0.0,7.04,20.0,11.0,15.0,30.0,75.0,15.0,146.0,52.0,16.0,22.0,87.0,0.0,0.0,29.0,10.0,0.0,0.0731409995936611,0.0,0.4754164973587972,0.1462819991873222,26.76960585127997,1.4628199918732223,0.914262494920764,0.1097114993904916,0.7314099959366112,0.4022754977651361,0.5485574969524584,1.0971149939049167,2.742787484762292,0.5485574969524584,5.339292970337262,1.901665989435189,0.585127996749289,0.8045509955302722,3.1816334823242585,0.0,1.0605444941080862,33.333333333333336,30.76923076923077,15.384615384615383,0.6981,55.376344086021504,82.03333333333333,0.0731409995936611,55.0,20.0,35.61643835616438,73.37962962962962,14.351851851851853,37.5,74.25742574257426,58.82838283828384,42.67326732673267,53.16831683168317,45.13888888888889,32.46527777777778,,44.99518701870187,0.0,6.554455445544554,51.549642464246425,44.70718855697045,0.2879984617314193,0.14399923086570965,2.8006656441653774,47.93985189373296
37596442,Dominik Prpić,Hajduk Split,Defender,22,Croatia,30.0,2461.0,0.0,2.0,7.0,2.0,1368.0,88.01,48.0,31.0,216.0,122.0,6.0,0.0,7.17,11.0,5.0,11.0,12.0,5.0,3.0,145.0,61.0,8.0,59.0,161.0,0.0,0.0,25.0,11.0,0.0,0.0,0.0731409995936611,0.2559934985778139,0.0731409995936611,50.0284437220642,1.7553839902478667,1.133685493701747,0.2194229987809833,0.4022754977651361,0.1828524989841528,0.4022754977651361,0.4388459975619667,0.1828524989841528,0.1097114993904916,5.302722470540431,2.230800487606664,0.2925639983746445,2.1576594880130027,5.88785046728972,0.0,0.914262494920764,36.66666666666666,28.571428571428573,0.0,0.8801000000000001,56.48148148148148,82.03333333333333,0.0731409995936611,45.45454545454545,60.0,42.06896551724138,29.62962962962963,83.33333333333333,56.94444444444445,43.069306930693074,31.43564356435644,59.702970297029694,73.93564356435644,44.79166666666667,59.027777777777786,,55.279152915291526,2.0,6.554455445544554,63.83360836083608,49.584473497440825,5.6946794178507005,2.8473397089253503,0.36202317393019,58.48851579814707
74526,Ivan Banic,Gorica,Goalkeeper,31,Croatia,27.0,2430.0,0.0,0.0,0.0,0.0,856.0,56.66,0.0,0.0,21.0,21.0,2.0,0.0,7.03,1.0,1.0,0.0,9.0,0.0,0.0,510.0,150.0,0.0,11.0,39.0,90.0,57.0,28.0,10.0,1.0,0.0,0.0,0.0,0.0,31.703703703703702,0.0,0.0,0.074074074074074,0.037037037037037,0.037037037037037,0.0,0.3333333333333333,0.0,0.0,18.88888888888889,5.555555555555555,0.0,0.4074074074074074,1.4444444444444444,3.333333333333333,1.037037037037037,37.03703703703704,0.0,0.0,0.5666,100.0,90.0,0.0,100.0,0.0,29.41176470588235,53.57142857142858,53.57142857142858,60.7142857142857,83.66336633663366,39.93399339933993,31.831683168316836,32.4009900990099,69.64285714285714,59.374999999999986,64.28571428571429,58.72347949080622,0.0,6.4950495049504955,65.21852899575671,44.70718855697045,14.01629093383577,7.008145466917885,2.8006656441653774,68.53229060188949
462000,Merveil Ndockyt,Gorica,Midfielder,27,Republic of the Congo,33.0,2423.0,1.0,4.0,33.0,10.0,712.0,75.84,39.0,12.0,268.0,111.0,9.0,0.0,6.87,52.0,27.0,21.0,34.0,28.0,8.0,75.0,41.0,30.0,13.0,16.0,0.0,0.0,36.0,11.0,0.0,0.0371440363186132,0.1485761452744531,1.2257531985142385,0.3714403631861329,26.446553858852663,1.4486174164259182,0.4457284358233594,0.3342963268675196,1.931489888567891,1.0028889806025587,0.7800247626908791,1.2628972348328518,1.040033016921172,0.2971522905489063,2.785802723895997,1.5229054890631448,1.1143210895583986,0.4828724721419727,0.5943045810978126,0.0,1.3371853074700784,33.333333333333336,30.303030303030305,3.0303030303030303,0.7584000000000001,41.4179104477612,73.42424242424242,0.1857201815930664,51.92307692307692,28.571428571428573,54.66666666666666,43.71584699453552,44.26229508196721,20.218579234972676,20.792079207920793,71.61716171617162,48.910891089108915,20.198019801980198,60.245901639344254,29.166666666666664,,34.5382243142347,0.0,6.455445544554456,40.993669858789154,44.70718855697045,-10.168964242735754,0.0,2.8006656441653774,37.338889958400074
73448,Marko Pjaca,Dinamo Zagreb,Attacker,31,Croatia,34.0,2384.0,6.0,6.0,57.0,18.0,868.0,81.68,26.0,17.0,207.0,97.0,0.0,0.0,7.27,62.0,29.0,7.0,21.0,65.0,21.0,46.0,31.0,43.0,21.0,14.0,0.0,0.0,27.0,11.0,0.0,0.2265100671140939,0.2265100671140939,2.1518456375838926,0.6795302013422819,32.76845637583892,0.981543624161074,0.6417785234899329,0.0,2.3406040268456376,1.0947986577181208,0.2642617449664429,0.7927852348993288,2.4538590604026846,0.7927852348993288,1.7365771812080537,1.1703020134228188,1.623322147651007,0.7927852348993288,0.5285234899328859,0.0,1.0192953020134228,32.35294117647059,31.57894736842105,10.526315789473683,0.8168000000000001,46.85990338164251,70.11764705882354,0.4530201342281879,46.774193548387096,32.30769230769231,67.3913043478261,53.63636363636363,93.33333333333333,60.0,96.2871287128713,60.39603960396039,65.64356435643563,26.745049504950497,77.72727272727272,73.86363636363636,,71.71962196219621,0.0,6.415841584158417,78.13546354635463,63.406236779025285,8.31338518317093,4.156692591585465,0.0,75.87631455378168
37550680,Martin Baturina,Dinamo Zagreb,Midfielder,23,Croatia,33.0,2380.0,4.0,10.0,58.0,23.0,1265.0,84.82,30.0,6.0,317.0,156.0,2.0,0.0,7.57,95.0,48.0,17.0,64.0,114.0,39.0,76.0,48.0,90.0,15.0,3.0,0.0,0.0,32.0,12.0,0.0,0.1512605042016806,0.3781512605042016,2.19327731092437,0.8697478991596639,47.83613445378151,1.134453781512605,0.226890756302521,0.0756302521008403,3.592436974789916,1.815126050420168,0.6428571428571429,2.4201680672268906,4.310924369747899,1.4747899159663866,2.8739495798319328,1.815126050420168,3.403361344537815,0.5672268907563025,0.1134453781512605,0.0,1.2100840336134453,36.36363636363637,39.6551724137931,6.896551724137931,0.8482,49.21135646687697,72.12121212121212,0.5294117647058824,50.526315789473685,34.21052631578947,63.1578947368421,69.12568306010928,86.33879781420764,20.218579234972676,82.67326732673267,86.63366336633663,82.17821782178218,20.024752475247528,82.37704918032787,48.63387978142077,,60.97224476546014,0.0,6.356435643564357,67.3286804090245,63.406236779025285,-2.4339920135651454,0.0,0.0,60.97224476546014
74197,Antonio Bosec,Slaven Koprivnica,Defender,28,Croatia,29.0,2380.0,0.0,3.0,9.0,2.0,798.0,76.32,59.0,23.0,261.0,115.0,5.0,0.0,7.02,34.0,15.0,25.0,22.0,101.0,26.0,98.0,39.0,23.0,18.0,59.0,0.0,0.0,32.0,8.0,0.0,0.0,0.1134453781512605,0.3403361344537815,0.0756302521008403,30.176470588235293,2.23109243697479,0.8697478991596639,0.1890756302521008,1.2857142857142858,0.5672268907563025,0.9453781512605042,0.8319327731092437,3.819327731092437,0.9831932773109244,3.7058823529411766,1.4747899159663866,0.8697478991596639,0.680672268907563,2.23109243697479,0.0,1.2100840336134453,27.58620689655172,22.22222222222222,0.0,0.7631999999999999,44.06130268199234,82.06896551724138,0.1134453781512605,44.11764705882353,25.742574257425744,39.795918367346935,30.09259259259259,46.296296296296305,37.96296296296296,53.46534653465346,49.009900990099005,57.32673267326733,47.079207920792086,64.93055555555556,37.38425925925926,,39.652090209020905,0.0,6.356435643564357,46.008525852585265,51.30896541384557,-11.656875204824665,0.0,0.0,39.652090209020905
12393223,Mateo Les,Gorica,Defender,26,Croatia,28.0,2360.0,0.0,2.0,11.0,2.0,1302.0,88.79,33.0,34.0,187.0,106.0,3.0,0.0,7.05,11.0,9.0,9.0,15.0,7.0,3.0,165.0,86.0,5.0,49.0,98.0,0.0,0.0,37.0,9.0,0.0,0.0,0.0762711864406779,0.4194915254237288,0.0762711864406779,49.65254237288136,1.2584745762711864,1.2966101694915255,0.1144067796610169,0.4194915254237288,0.3432203389830508,0.3432203389830508,0.5720338983050848,0.2669491525423729,0.1144067796610169,6.2923728813559325,3.2796610169491527,0.1906779661016949,1.86864406779661,3.73728813559322,0.0,1.4110169491525424,32.142857142857146,18.181818181818183,0.0,0.8879,56.68449197860963,84.28571428571429,0.0762711864406779,81.81818181818181,42.85714285714285,52.121212121212125,30.555555555555554,83.79629629629629,50.46296296296296,72.77227722772277,51.32013201320132,62.178217821782184,67.74752475247523,49.99999999999999,58.217592592592595,,56.72167216721671,0.0,6.297029702970297,63.01870187018701,44.70718855697045,12.014483610246259,6.0072418051231296,2.8006656441653774,65.52957961650522
37324970,Marko Soldo,Osijek,Midfielder,22,Croatia,35.0,2357.0,6.0,5.0,31.0,13.0,751.0,67.91,58.0,33.0,405.0,191.0,3.0,0.0,7.09,56.0,29.0,17.0,40.0,30.0,8.0,66.0,32.0,34.0,68.0,30.0,0.0,0.0,34.0,8.0,0.0,0.2291047942299533,0.1909206618582944,1.1837081035214256,0.4963937208315656,28.676283411115826,2.2146796775562154,1.2600763682647431,0.1145523971149766,2.138311412812898,1.1073398387781077,0.6491302503182012,1.5273652948663556,1.145523971149767,0.3054730589732711,2.5201527365294867,1.2218922358930844,1.2982605006364023,2.5965210012728046,1.145523971149767,0.0,1.2982605006364023,22.857142857142858,41.935483870967744,19.35483870967742,0.6790999999999999,47.160493827160494,67.34285714285714,0.4200254560882478,51.785714285714285,26.666666666666668,48.48484848484848,84.69945355191255,40.43715846994535,60.10928961748633,72.27722772277227,77.39273927392739,44.45544554455446,63.96039603960396,68.44262295081967,47.06284153005464,,62.8014932640805,2.0,6.257425742574258,71.05891900665476,52.198656341043936,10.602836923036563,5.301418461518281,0.0,68.10291172559877
74023,Leonard Žuta,Šibenik,Defender,33,Macedonia,28.0,2339.0,1.0,1.0,14.0,6.0,856.0,78.62,24.0,19.0,148.0,85.0,4.0,0.0,6.87,9.0,4.0,8.0,17.0,41.0,14.0,141.0,68.0,9.0,41.0,92.0,0.0,0.0,41.0,7.0,0.0,0.0384779820436083,0.0384779820436083,0.5386917486105173,0.2308678922616502,32.93715262932877,0.9234715690466012,0.7310816588285592,0.1539119281744335,0.3463018383924754,0.1539119281744335,0.307823856348867,0.6541256947413424,1.5775972637879436,0.5386917486105173,5.425395468148782,2.6165027789653696,0.3463018383924754,1.5775972637879436,3.5399743480119708,0.0,1.5775972637879436,25.0,42.85714285714285,7.142857142857143,0.7862,57.43243243243244,83.53571428571429,0.0769559640872167,44.44444444444444,34.14634146341464,48.226950354609926,69.44444444444444,41.666666666666664,26.85185185185185,63.366336633663366,33.25082508250825,55.049504950495056,55.29702970297029,42.013888888888886,33.56481481481482,,47.72552255225522,0.0,6.217821782178217,53.94334433443344,45.37125340014588,2.354269152109339,1.1771345760546694,2.4686332225776617,51.37129035088755
496680,Arnel Jakupovic,Osijek,Attacker,28,Austria,27.0,2315.0,9.0,3.0,49.0,18.0,465.0,69.68,10.0,4.0,219.0,84.0,5.0,0.0,7.1,22.0,8.0,6.0,27.0,35.0,8.0,25.0,11.0,23.0,44.0,26.0,0.0,0.0,34.0,8.0,0.0,0.3498920086393088,0.1166306695464362,1.9049676025917928,0.6997840172786177,18.077753779697623,0.3887688984881209,0.1555075593952483,0.1943844492440604,0.8552915766738661,0.3110151187904967,0.2332613390928725,1.0496760259179263,1.3606911447084231,0.3110151187904967,0.9719222462203024,0.427645788336933,0.8941684665226782,1.7105831533477325,1.0107991360691144,0.0,1.3218142548596112,29.62962962962963,36.734693877551024,18.367346938775512,0.6968000000000001,38.35616438356164,85.74074074074075,0.4665226781857451,36.36363636363637,22.857142857142858,44.0,74.54545454545455,38.48484848484849,12.12121212121212,50.99009900990099,38.778877887788774,30.940594059405942,23.886138613861384,32.72727272727273,22.083333333333332,,42.64446444644464,0.0,6.178217821782178,48.822682268226814,52.198656341043936,-9.554191894599299,0.0,0.0,42.64446444644464
96854,Ronaël Pierre-Gabriel,Dinamo Zagreb,Defender,28,France,28.0,2288.0,3.0,2.0,22.0,7.0,1115.0,85.29,53.0,24.0,215.0,111.0,9.0,0.0,7.11,46.0,21.0,18.0,17.0,52.0,15.0,79.0,40.0,24.0,22.0,56.0,0.0,0.0,28.0,8.0,0.0,0.118006993006993,0.0786713286713286,0.8653846153846154,0.2753496503496503,43.85926573426573,2.0847902097902096,0.944055944055944,0.354020979020979,1.8094405594405596,0.826048951048951,0.708041958041958,0.6687062937062938,2.0454545454545454,0.590034965034965,3.1075174825174825,1.573426573426573,0.944055944055944,0.8653846153846154,2.202797202797203,0.0,1.1013986013986017,28.571428571428573,31.818181818181817,13.636363636363637,0.8529000000000001,51.627906976744185,81.71428571428571,0.1966783216783216,45.65217391304348,28.846153846153847,50.63291139240506,87.96296296296295,71.75925925925927,44.90740740740741,16.336633663366342,53.46534653465346,69.60396039603961,52.50000000000001,66.66666666666666,52.83564814814815,,63.02255225522551,0.0,6.138613861386139,69.16116611661165,63.406236779025285,-0.38368452379977214,0.0,0.0,63.02255225522551
74274,Mario Marina,Varaždin,Midfielder,36,Bosnia and Herzegovina,29.0,2277.0,0.0,0.0,13.0,2.0,1031.0,78.37,80.0,35.0,269.0,144.0,8.0,0.0,7.08,11.0,6.0,24.0,10.0,5.0,1.0,140.0,55.0,12.0,51.0,55.0,0.0,0.0,14.0,14.0,0.0,0.0,0.0,0.5138339920948617,0.0790513833992094,40.75098814229249,3.1620553359683794,1.383399209486166,0.3162055335968379,0.4347826086956521,0.2371541501976284,0.9486166007905138,0.3952569169960474,0.1976284584980237,0.0395256916996047,5.533596837944664,2.1739130434782608,0.4743083003952569,2.015810276679842,2.1739130434782608,0.0,0.5533596837944664,48.27586206896552,15.384615384615383,0.0,0.7837000000000001,53.531598513011154,78.51724137931035,0.0,54.54545454545455,20.0,39.285714285714285,16.39344262295082,42.349726775956285,80.327868852459,22.772277227722768,40.42904290429043,48.613861386138616,71.88118811881186,35.040983606557376,63.93442622950819,,43.99853919818211,0.0,6.0990099009901,50.097549099172205,48.29913047958605,-4.300591281403939,0.0,1.0046946828575791,45.00323388103969
37658787,Feta Fetai,Lokomotiva Zagreb,Midfielder,21,Macedonia,30.0,2270.0,0.0,0.0,12.0,2.0,688.0,73.98,85.0,45.0,274.0,151.0,14.0,0.0,6.93,13.0,3.0,21.0,37.0,5.0,1.0,96.0,35.0,9.0,26.0,34.0,0.0,0.0,38.0,5.0,0.0,0.0,0.0,0.4757709251101321,0.079295154185022,27.277533039647576,3.3700440528634363,1.7841409691629957,0.5550660792951542,0.5154185022026432,0.118942731277533,0.8325991189427313,1.4669603524229076,0.198237885462555,0.039647577092511,3.806167400881057,1.3876651982378854,0.3568281938325991,1.0308370044052864,1.3480176211453745,0.0,1.5066079295154184,16.666666666666668,16.666666666666668,0.0,0.7398,55.10948905109489,75.66666666666667,0.0,23.07692307692308,20.0,36.458333333333336,16.939890710382514,22.6775956284153,90.1639344262295,2.9702970297029765,33.993399339933994,32.37623762376238,63.762376237623755,20.69672131147541,56.35245901639344,,39.23145593247849,4.0,6.0594059405940595,49.29086187307255,47.31337146692811,-8.081915534449621,0.0,1.4975741891865475,40.72903012166503
37528365,Nail Omerovic,Osijek,Attacker,23,Bosnia and Herzegovina,33.0,2264.0,4.0,4.0,44.0,16.0,734.0,71.8,41.0,24.0,319.0,141.0,7.0,0.0,7.0,111.0,55.0,19.0,36.0,95.0,18.0,81.0,32.0,27.0,15.0,45.0,0.0,0.0,33.0,6.0,0.0,0.1590106007067137,0.1590106007067137,1.7491166077738516,0.6360424028268551,29.17844522968198,1.6298586572438165,0.9540636042402828,0.2782685512367491,4.412544169611308,2.1863957597173145,0.7553003533568905,1.431095406360424,3.776501766784453,0.715547703180212,3.219964664310954,1.2720848056537102,1.073321554770318,0.5962897526501767,1.78886925795053,0.0,1.311837455830389,18.181818181818183,36.36363636363637,9.090909090909092,0.718,44.20062695924765,68.60606060606061,0.3180212014134275,49.549549549549546,18.94736842105263,39.50617283950617,42.121212121212125,69.09090909090908,71.51515151515152,31.188118811881196,77.22772277227722,51.08910891089109,40.12376237623762,78.18181818181817,70.53030303030303,,57.936993699369935,0.0,6.01980198019802,63.95679567956795,52.198656341043936,5.738337358326,2.869168679163,0.0,60.80616237853293
73585,Denis Kolinger,Lokomotiva Zagreb,Defender,32,Croatia,28.0,2262.0,1.0,0.0,11.0,2.0,1233.0,80.21,36.0,46.0,232.0,139.0,9.0,0.0,7.01,8.0,5.0,11.0,11.0,0.0,0.0,194.0,79.0,2.0,88.0,131.0,0.0,0.0,33.0,5.0,0.0,0.039787798408488,0.0,0.4376657824933687,0.0795755968169761,49.05835543766578,1.4323607427055702,1.830238726790451,0.3580901856763925,0.3183023872679045,0.1989389920424403,0.4376657824933687,0.4376657824933687,0.0,0.0,7.718832891246684,3.143236074270557,0.0795755968169761,3.501326259946949,5.212201591511937,0.0,1.312997347480106,17.857142857142858,18.181818181818183,9.090909090909092,0.8020999999999999,59.91379310344828,80.78571428571429,0.039787798408488,62.5,0.0,40.72164948453608,54.629629629629626,51.851851851851855,68.98148148148148,15.346534653465355,42.32673267326732,49.4059405940594,78.83663366336634,35.41666666666667,60.011574074074076,,54.17354235423542,0.0,5.98019801980198,60.153740374037405,47.31337146692811,6.860170887307312,3.430085443653656,1.4975741891865475,59.101201987075626
73871,Filip Krovinovic,Hajduk Split,Midfielder,30,Croatia,33.0,2240.0,3.0,0.0,31.0,6.0,1250.0,84.56,40.0,30.0,175.0,103.0,1.0,0.0,7.03,8.0,3.0,14.0,25.0,14.0,4.0,79.0,34.0,18.0,36.0,22.0,0.0,0.0,21.0,11.0,0.0,0.1205357142857142,0.0,1.2455357142857142,0.2410714285714285,50.223214285714285,1.6071428571428572,1.2053571428571428,0.0401785714285714,0.3214285714285714,0.1205357142857142,0.5625,1.0044642857142858,0.5625,0.1607142857142857,3.174107142857143,1.3660714285714286,0.7232142857142857,1.4464285714285714,0.8839285714285714,0.0,0.84375,33.333333333333336,19.35483870967742,9.67741935483871,0.8456,58.85714285714285,67.87878787878788,0.1205357142857142,37.5,28.571428571428573,43.03797468354431,53.551912568306015,62.021857923497265,65.02732240437159,92.57425742574257,33.16831683168317,59.801980198019805,59.03465346534653,26.434426229508194,61.612021857923494,,63.437753611426714,0.0,5.9405940594059405,69.37834767083265,49.584473497440825,13.853280113985889,6.9266400569929445,0.36202317393019,70.72641684234986
73519,Josip Misic,Dinamo Zagreb,Midfielder,32,Croatia,25.0,2168.0,0.0,2.0,29.0,3.0,1316.0,84.95,48.0,32.0,176.0,95.0,5.0,0.0,7.25,13.0,7.0,16.0,17.0,33.0,10.0,178.0,109.0,20.0,27.0,37.0,0.0,0.0,22.0,12.0,0.0,0.0,0.0830258302583025,1.2038745387453875,0.1245387453874538,54.6309963099631,1.992619926199262,1.328413284132841,0.2075645756457564,0.5396678966789668,0.290590405904059,0.6642066420664207,0.705719557195572,1.3699261992619929,0.4151291512915129,7.38929889298893,4.5249077490774905,0.8302583025830258,1.1208487084870848,1.5359778597785978,0.0,0.9132841328413284,48.0,10.344827586206897,0.0,0.8495,53.97727272727273,86.72,0.0830258302583025,53.84615384615385,30.303030303030305,61.235955056179776,19.125683060109285,78.68852459016394,65.02732240437159,47.02970297029702,46.53465346534654,78.8118811881188,59.52970297029704,54.918032786885256,73.08743169398906,,53.55542931342314,0.0,5.9009900990099,59.45641941243304,63.406236779025285,-9.850807465602145,0.0,0.0,53.55542931342314
74071,Ivan Nevistic,Dinamo Zagreb,Goalkeeper,27,Croatia,24.0,2160.0,0.0,0.0,0.0,0.0,708.0,84.18,0.0,0.0,8.0,5.0,0.0,0.0,6.68,0.0,0.0,1.0,2.0,0.0,0.0,198.0,90.0,0.0,4.0,10.0,38.0,29.0,27.0,9.0,0.0,0.0,0.0,0.0,0.0,29.5,0.0,0.0,0.0,0.0,0.0,0.0416666666666666,0.0833333333333333,0.0,0.0,8.25,3.75,0.0,0.1666666666666666,0.4166666666666667,1.5833333333333333,1.125,37.5,0.0,0.0,0.8418000000000001,62.5,90.0,0.0,0.0,0.0,45.45454545454545,53.57142857142858,75.0,34.52380952380952,96.2871287128713,4.125412541254125,44.4059405940594,21.5470297029703,35.71428571428571,44.49404761904762,53.57142857142858,58.55728429985855,0.0,5.861386138613861,64.41867043847242,63.406236779025285,-4.8489524791667336,0.0,0.0,58.55728429985855
62670,Ljuban Crepulja,Slaven Koprivnica,Midfielder,32,Croatia,30.0,2154.0,1.0,2.0,12.0,3.0,1234.0,85.25,49.0,14.0,180.0,91.0,1.0,0.0,7.15,14.0,5.0,27.0,13.0,67.0,17.0,136.0,90.0,30.0,24.0,31.0,0.0,0.0,23.0,7.0,0.0,0.0417827298050139,0.0835654596100278,0.5013927576601671,0.1253481894150417,51.559888579387184,2.047353760445682,0.584958217270195,0.0417827298050139,0.584958217270195,0.2089136490250696,1.128133704735376,0.5431754874651811,2.799442896935933,0.7103064066852368,5.682451253481895,3.7604456824512535,1.2534818941504178,1.0027855153203342,1.2952646239554315,0.0,0.9610027855153204,23.33333333333333,25.0,8.333333333333334,0.8525,50.55555555555556,71.8,0.1253481894150417,35.714285714285715,25.37313432835821,66.17647058823529,39.071038251366126,78.14207650273224,46.994535519125684,92.07920792079207,26.237623762376234,85.44554455445545,47.52475247524752,56.967213114754095,66.12021857923497,,58.470215874046424,0.0,5.821782178217822,64.29199805226425,51.30896541384557,7.161250460200854,3.580625230100427,0.0,62.050841104146855
2890,Kévin Théophile-Catherine,Dinamo Zagreb,Defender,36,France,25.0,2145.0,2.0,1.0,17.0,5.0,1524.0,83.66,26.0,26.0,162.0,87.0,6.0,0.0,7.13,4.0,3.0,8.0,15.0,17.0,7.0,236.0,87.0,15.0,46.0,80.0,0.0,0.0,24.0,8.0,0.0,0.0839160839160839,0.0419580419580419,0.7132867132867133,0.2097902097902098,63.94405594405595,1.0909090909090908,1.0909090909090908,0.2517482517482518,0.1678321678321678,0.1258741258741259,0.3356643356643357,0.6293706293706294,0.7132867132867133,0.2937062937062937,9.902097902097902,3.6503496503496495,0.6293706293706294,1.93006993006993,3.3566433566433567,0.0,1.006993006993007,32.0,29.41176470588235,11.764705882352942,0.8366,53.7037037037037,85.8,0.1258741258741259,75.0,41.1764705882353,36.86440677966102,78.24074074074075,76.38888888888887,35.18518518518518,36.13861386138614,46.6996699669967,72.52475247524754,58.68811881188119,61.80555555555556,58.04398148148148,,60.55830583058306,0.0,5.782178217821783,66.34048404840485,63.406236779025285,-2.847930948442226,0.0,0.0,60.55830583058306
73145,Šime Gržan,Šibenik,Attacker,32,Croatia,27.0,2116.0,3.0,2.0,19.0,5.0,732.0,71.17,44.0,24.0,172.0,82.0,3.0,0.0,7.0,36.0,16.0,21.0,14.0,109.0,38.0,109.0,37.0,37.0,14.0,34.0,0.0,0.0,41.0,3.0,0.0,0.1275992438563327,0.0850661625708884,0.8081285444234405,0.2126654064272211,31.134215500945174,1.8714555765595464,1.0207939508506616,0.1275992438563327,1.5311909262759924,0.6805293005671077,0.8931947069943289,0.5954631379962193,4.636105860113422,1.616257088846881,4.636105860113422,1.5737240075614367,1.5737240075614367,0.5954631379962193,1.446124763705104,0.0,1.7438563327032135,11.11111111111111,26.31578947368421,15.789473684210526,0.7117,47.674418604651166,78.37037037037037,0.2126654064272211,44.44444444444444,34.86238532110092,33.944954128440365,37.57575757575757,60.6060606060606,83.63636363636364,69.3069306930693,46.617161716171616,61.58415841584159,46.386138613861384,66.36363636363636,81.5909090909091,,61.47614761476148,0.0,5.742574257425742,67.21872187218722,45.37125340014588,16.104894214615598,8.052447107307799,2.4686332225776617,71.99722794464694
7745870,Dimitar Mitrovski,Varaždin,Attacker,27,Macedonia,28.0,2111.0,8.0,1.0,54.0,20.0,688.0,78.05,41.0,13.0,293.0,147.0,6.0,0.0,7.36,82.0,37.0,16.0,61.0,71.0,21.0,81.0,51.0,41.0,7.0,14.0,0.0,0.0,17.0,12.0,0.0,0.3410705826622454,0.0426338228327806,2.3022264329701563,0.8526764566556134,29.332070108953104,1.7479867361440076,0.5542396968261487,0.255802936996684,3.495973472288015,1.577451444812885,0.6821411653244908,2.600663192799621,3.027001421127428,0.8953102794883941,3.453339649455234,2.1743249644718143,1.7479867361440076,0.2984367598294647,0.5968735196589294,0.0,0.7247749881572715,42.85714285714285,37.03703703703704,14.814814814814817,0.7805,50.17064846416383,75.39285714285714,0.383704405495026,45.1219512195122,29.5774647887324,62.96296296296296,73.93939393939395,66.66666666666667,77.57575757575756,35.148514851485146,80.6930693069307,67.22772277227723,30.420792079207928,74.54545454545453,85.15151515151516,,68.96939693969397,0.0,5.702970297029703,74.67236723672367,48.29913047958605,20.670266460107918,10.335133230053959,1.0046946828575791,80.3092248526055
74849,Ivan Bozic,Šibenik,Attacker,29,Croatia,31.0,2058.0,2.0,2.0,36.0,13.0,347.0,68.59,12.0,5.0,239.0,96.0,7.0,0.0,6.74,51.0,16.0,6.0,40.0,46.0,7.0,30.0,15.0,17.0,29.0,21.0,0.0,0.0,36.0,7.0,0.0,0.0874635568513119,0.0874635568513119,1.5743440233236152,0.5685131195335277,15.174927113702624,0.5247813411078717,0.2186588921282798,0.3061224489795918,2.2303206997084546,0.6997084548104956,0.2623906705539358,1.749271137026239,2.011661807580175,0.3061224489795918,1.3119533527696794,0.6559766763848397,0.7434402332361516,1.2682215743440233,0.9183673469387756,0.0,1.5743440233236152,22.580645161290324,36.11111111111112,5.555555555555555,0.6859000000000001,40.1673640167364,66.38709677419355,0.1749271137026239,31.37254901960784,15.217391304347826,50.0,19.696969696969695,27.27272727272727,22.424242424242422,25.742574257425744,56.270627062706275,28.613861386138616,20.346534653465344,37.72727272727273,25.075757575757574,,23.392439243924386,0.0,5.663366336633663,29.05580558055805,45.37125340014588,-21.978814156221496,0.0,2.4686332225776617,25.861072466502048
68104,Advan Kadusic,Istra 1961,Defender,28,Bosnia and Herzegovina,31.0,2052.0,0.0,2.0,11.0,4.0,786.0,73.66,45.0,10.0,212.0,84.0,6.0,1.0,6.79,22.0,11.0,32.0,11.0,36.0,11.0,91.0,31.0,14.0,18.0,32.0,0.0,0.0,24.0,12.0,0.0,0.0,0.087719298245614,0.4824561403508772,0.175438596491228,34.473684210526315,1.973684210526316,0.4385964912280701,0.3070175438596491,0.9649122807017544,0.4824561403508772,1.4035087719298245,0.4824561403508772,1.5789473684210529,0.4824561403508772,3.991228070175439,1.3596491228070176,0.6140350877192983,0.7894736842105263,1.4035087719298245,0.0,1.0526315789473684,38.70967741935484,36.36363636363637,0.0,0.7365999999999999,39.62264150943396,66.19354838709677,0.087719298245614,50.0,30.55555555555556,34.065934065934066,40.74074074074073,44.90740740740741,26.85185185185185,25.247524752475243,44.71947194719471,47.920792079207914,33.193069306930695,59.02777777777778,29.91898148148148,,36.274752475247524,0.0,5.623762376237623,41.898514851485146,49.340686507175306,-13.065934031927782,0.0,0.4839166690629497,36.758669144310474
37596430,Simun Hrgovic,Hajduk Split,Defender,22,Croatia,29.0,2033.0,0.0,5.0,15.0,4.0,689.0,79.39,38.0,17.0,146.0,78.0,1.0,0.0,6.97,33.0,14.0,10.0,11.0,38.0,4.0,88.0,41.0,20.0,17.0,45.0,0.0,0.0,17.0,11.0,0.0,0.0,0.2213477619281849,0.6640432857845548,0.1770782095425479,30.501721593703884,1.6822429906542056,0.7525823905558289,0.0442695523856369,1.4608952287260206,0.6197737333989178,0.4426955238563699,0.4869650762420069,1.6822429906542056,0.1770782095425479,3.8957206099360553,1.8150516478111165,0.8853910477127398,0.7525823905558289,1.9921298573536643,0.0,0.7525823905558289,37.93103448275862,26.666666666666668,0.0,0.7939,53.42465753424658,70.10344827586206,0.2213477619281849,42.42424242424242,10.526315789473683,46.59090909090909,41.2037037037037,55.09259259259259,34.25925925925926,91.58415841584159,40.92409240924092,51.881188118811885,49.48019801980198,68.75,38.83101851851852,,48.32508250825082,2.0,5.584158415841583,55.90924092409241,49.584473497440825,-1.2593909891900026,0.0,0.36202317393019,48.68710568218101
46031,Marcel Heister,Istra 1961,Defender,33,Germany,29.0,2004.0,1.0,2.0,28.0,2.0,666.0,78.38,67.0,31.0,254.0,137.0,9.0,0.0,7.07,38.0,19.0,25.0,23.0,58.0,14.0,87.0,36.0,15.0,29.0,77.0,0.0,0.0,23.0,10.0,0.0,0.0449101796407185,0.0898203592814371,1.2574850299401197,0.0898203592814371,29.910179640718564,3.008982035928144,1.3922155688622757,0.4041916167664671,1.7065868263473054,0.8532934131736527,1.122754491017964,1.032934131736527,2.604790419161677,0.6287425149700598,3.907185628742515,1.6167664670658684,0.6736526946107785,1.3023952095808384,3.4580838323353293,0.0,1.032934131736527,34.48275862068966,7.142857142857143,3.571428571428572,0.7837999999999999,53.93700787401575,69.10344827586206,0.1347305389221557,50.0,24.13793103448276,41.37931034482759,52.77777777777777,46.75925925925926,69.44444444444444,11.386138613861391,63.69636963696369,53.66336633663366,69.92574257425743,65.97222222222223,53.47222222222222,,51.83305830583058,0.0,5.544554455445544,57.377612761276126,49.340686507175306,2.4923717986552774,1.2461858993276387,0.4839166690629497,53.56316087422117
37582792,Luka Mamic,Varaždin,Midfielder,23,Croatia,30.0,2003.0,3.0,4.0,29.0,13.0,719.0,75.24,26.0,14.0,277.0,118.0,1.0,1.0,7.03,61.0,30.0,10.0,18.0,13.0,4.0,52.0,27.0,29.0,45.0,21.0,3.0,0.0,13.0,10.0,0.0,0.1347978032950574,0.1797304043934099,1.3030454318522218,0.5841238142785822,32.30654018971543,1.1682476285571644,0.6290564153769346,0.0898652021967049,2.740888666999501,1.3479780329505742,0.4493260109835247,0.8087868197703445,0.5841238142785822,0.1797304043934099,2.3364952571143287,1.2131802296555168,1.3030454318522218,2.0219670494258613,0.943584623065402,0.1347978032950574,0.5841238142785822,33.333333333333336,44.82758620689656,10.344827586206897,0.7524,42.59927797833935,66.76666666666667,0.3145282076884673,49.18032786885246,30.76923076923077,51.92307692307692,69.39890710382515,50.27322404371585,20.765027322404368,80.1980198019802,63.28382838283829,50.0990099009901,39.60396039603961,67.62295081967213,31.693989071038246,,50.15094952118163,0.0,5.5049504950495045,55.655900016231136,48.29913047958605,1.8518190415955829,0.9259095207977914,1.0046946828575791,52.08155372483699
4536487,Tiago Dantas,Osijek,Midfielder,25,Portugal,26.0,1996.0,1.0,2.0,29.0,9.0,1132.0,87.37,13.0,13.0,114.0,45.0,6.0,0.0,7.09,23.0,8.0,16.0,20.0,76.0,20.0,131.0,80.0,35.0,4.0,11.0,0.0,0.0,28.0,7.0,0.0,0.0450901803607214,0.0901803607214428,1.307615230460922,0.405811623246493,51.04208416833667,0.5861723446893787,0.5861723446893787,0.2705410821643286,1.0370741482965933,0.3607214428857715,0.7214428857715431,0.9018036072144288,3.4268537074148298,0.9018036072144288,5.906813627254509,3.607214428857716,1.5781563126252505,0.1803607214428857,0.4959919839679358,0.0,1.2625250501002003,26.923076923076923,31.03448275862069,3.4482758620689653,0.8737,39.47368421052632,76.76923076923077,0.1352705410821643,34.78260869565217,26.31578947368421,61.06870229007634,46.448087431693985,83.06010928961749,11.475409836065575,33.16831683168317,36.96369636963696,89.6039603960396,11.311881188118813,65.98360655737704,50.614754098360656,,45.61191365038143,0.0,5.465346534653466,51.077260185034895,52.198656341043936,-6.586742690662504,0.0,0.0,45.61191365038143
37742,Stefan Peric,Šibenik,Defender,29,Austria,29.0,1982.0,1.0,0.0,9.0,6.0,751.0,80.03,34.0,22.0,163.0,97.0,6.0,0.0,6.85,22.0,10.0,14.0,14.0,45.0,16.0,141.0,67.0,17.0,38.0,71.0,0.0,0.0,28.0,7.0,0.0,0.0454086781029263,0.0,0.408678102926337,0.272452068617558,34.10191725529768,1.5438950554994957,0.9989909182643796,0.272452068617558,0.9989909182643796,0.4540867810292633,0.6357214934409687,0.6357214934409687,2.0433905146316853,0.7265388496468214,6.402623612512613,3.042381432896065,0.7719475277497477,1.7255297679112007,3.22401614530777,0.0,1.2714429868819377,24.13793103448276,66.66666666666667,11.11111111111111,0.8003,59.50920245398773,68.34482758620689,0.0454086781029263,45.45454545454545,35.55555555555556,47.5177304964539,74.76851851851852,34.72222222222222,52.77777777777777,32.67326732673267,43.48184818481848,65.44554455445544,64.75247524752476,55.55555555555555,53.81944444444444,,51.94788228822882,0.0,5.425742574257426,57.373624862486245,45.37125340014588,6.576628888082936,3.288314444041468,2.4686332225776617,57.70482995484795
10967324,Lindon Selahi,Rijeka,Midfielder,27,Albania,30.0,1956.0,1.0,1.0,19.0,3.0,837.0,86.86,45.0,30.0,144.0,87.0,5.0,1.0,6.87,18.0,6.0,11.0,14.0,3.0,0.0,75.0,44.0,9.0,25.0,36.0,0.0,0.0,14.0,17.0,0.0,0.0460122699386503,0.0460122699386503,0.8742331288343558,0.1380368098159509,38.51226993865031,2.070552147239264,1.3803680981595092,0.2760736196319018,0.8282208588957055,0.2760736196319018,0.5061349693251533,0.6441717791411042,0.1380368098159509,0.0,3.450920245398773,2.0245398773006134,0.4141104294478527,1.1503067484662577,1.656441717791411,0.0,0.6441717791411042,56.66666666666666,15.789473684210526,5.2631578947368425,0.8686,60.41666666666666,65.2,0.0920245398773006,33.333333333333336,0.0,58.66666666666666,36.0655737704918,61.748633879781416,78.68852459016394,32.17821782178217,28.795379537953796,50.0990099009901,65.42079207920791,30.327868852459012,65.98360655737704,,56.168641454309366,0.0,5.3861386138613865,61.55478006817075,51.55523601085063,4.613405443458738,2.306702721729369,0.0,58.47534417603873
540173,Sandro Kulenovic,Dinamo Zagreb,Attacker,26,Croatia,35.0,1910.0,15.0,0.0,74.0,33.0,461.0,73.1,15.0,5.0,237.0,111.0,1.0,0.0,7.29,26.0,10.0,10.0,25.0,11.0,1.0,15.0,9.0,22.0,63.0,18.0,0.0,0.0,22.0,12.0,0.0,0.7068062827225131,0.0,3.486910994764398,1.5549738219895288,21.72251308900524,0.7068062827225131,0.2356020942408377,0.0471204188481675,1.225130890052356,0.4712041884816754,0.4712041884816754,1.1780104712041886,0.518324607329843,0.0471204188481675,0.7068062827225131,0.4240837696335078,1.036649214659686,2.968586387434555,0.8481675392670157,0.0,1.036649214659686,34.285714285714285,44.5945945945946,20.27027027027027,0.731,46.83544303797469,54.57142857142857,0.7068062827225131,38.46153846153846,9.090909090909092,60.0,96.96969696969695,36.06060606060606,38.78787878787879,91.08910891089108,47.19471947194719,29.851485148514847,35.99009900990099,24.999999999999996,41.32575757575758,,60.65436543654366,0.0,5.346534653465346,66.000900090009,63.406236779025285,-2.7518713424816283,0.0,0.0,60.65436543654366
47589,Stjepan Radeljic,Rijeka,Defender,28,Bosnia and Herzegovina,27.0,1901.0,2.0,1.0,16.0,6.0,1189.0,78.89,26.0,21.0,150.0,87.0,5.0,0.0,7.23,6.0,2.0,7.0,21.0,9.0,4.0,292.0,130.0,13.0,39.0,126.0,0.0,0.0,11.0,18.0,0.0,0.094687006838506,0.047343503419253,0.7574960547080484,0.2840610205155181,56.29142556549185,1.230931088900579,0.9942135718043136,0.2367175170962651,0.2840610205155181,0.094687006838506,0.3314045239347711,0.9942135718043136,0.4260915307732772,0.1893740136770121,13.824302998421883,6.154655444502893,0.6154655444502893,1.846396633350868,5.965281430825881,0.0,0.5207785376117833,66.66666666666667,37.5,12.5,0.7889,58.0,70.4074074074074,0.142030510257759,33.333333333333336,44.44444444444444,44.52054794520548,84.72222222222223,66.20370370370371,42.59259259259259,40.5940594059406,29.455445544554454,68.41584158415841,65.44554455445544,62.84722222222222,59.31712962962963,,62.11496149614962,0.0,5.306930693069307,67.42189218921892,51.55523601085063,10.55972548529899,5.279862742649495,0.0,67.39482423879912
74022,Stefan Ristovski,Dinamo Zagreb,Defender,34,Macedonia,28.0,1891.0,2.0,2.0,22.0,3.0,1273.0,86.88,24.0,16.0,170.0,96.0,9.0,0.0,7.12,17.0,7.0,10.0,30.0,64.0,16.0,128.0,71.0,19.0,37.0,42.0,0.0,0.0,19.0,12.0,0.0,0.0951877313590692,0.0951877313590692,1.047065044949762,0.1427815970386039,60.58699101004759,1.1422527763088313,0.7615018508725542,0.4283447911158117,0.8090957165520889,0.3331570597567425,0.4759386567953463,1.4278159703860391,3.0460074034902167,0.7615018508725542,6.092014806980433,3.3791644632469597,0.904283447911158,1.7609730301427815,1.9989423585404549,0.0,0.904283447911158,42.85714285714285,13.636363636363637,9.090909090909092,0.8687999999999999,56.47058823529412,67.53571428571429,0.1903754627181385,41.1764705882353,25.0,55.46875,68.98148148148148,90.74074074074072,30.555555555555554,7.920792079207914,49.17491749174917,83.31683168316832,51.13861386138614,65.97222222222223,58.15972222222222,,57.875412541254114,0.0,5.267326732673268,63.14273927392738,63.406236779025285,-5.530824237771171,0.0,0.0,57.875412541254114
21404328,Antonio Đaković,Šibenik,Goalkeeper,25,Croatia,21.0,1890.0,0.0,0.0,0.0,0.0,565.0,67.26,0.0,0.0,3.0,3.0,4.0,0.0,6.88,1.0,1.0,0.0,1.0,0.0,0.0,357.0,175.0,0.0,2.0,24.0,57.0,33.0,36.0,5.0,0.0,0.0,0.0,0.0,0.0,26.904761904761905,0.0,0.0,0.1904761904761904,0.0476190476190476,0.0476190476190476,0.0,0.0476190476190476,0.0,0.0,17.0,8.333333333333334,0.0,0.0952380952380952,1.1428571428571428,2.7142857142857144,1.7142857142857142,23.80952380952381,0.0,0.0,0.6726000000000001,100.0,90.0,0.0,100.0,0.0,49.01960784313726,53.57142857142858,46.42857142857142,60.7142857142857,52.97029702970298,36.551155115511555,31.138613861386137,27.797029702970303,69.64285714285714,58.48214285714285,39.285714285714285,53.51131541725601,0.0,5.227722772277229,58.73903818953323,45.37125340014588,8.140062017110125,4.070031008555063,2.4686332225776617,60.04997964838873
73844,Marko Dabro,Varaždin,Attacker,29,Croatia,34.0,1884.0,1.0,2.0,51.0,15.0,332.0,76.81,11.0,1.0,186.0,85.0,3.0,0.0,6.87,26.0,12.0,6.0,38.0,1.0,1.0,10.0,6.0,19.0,27.0,2.0,0.0,0.0,10.0,15.0,0.0,0.0477707006369426,0.0955414012738853,2.4363057324840764,0.7165605095541401,15.859872611464969,0.5254777070063694,0.0477707006369426,0.143312101910828,1.2420382165605095,0.5732484076433121,0.286624203821656,1.8152866242038217,0.0477707006369426,0.0477707006369426,0.4777070063694267,0.286624203821656,0.9076433121019108,1.2898089171974525,0.0955414012738853,0.0,0.4777070063694267,44.11764705882353,29.41176470588235,1.96078431372549,0.7681,45.69892473118279,55.41176470588236,0.143312101910828,46.15384615384615,100.0,60.0,23.636363636363637,48.48484848484848,27.878787878787875,66.83168316831683,66.17161716171617,30.693069306930692,18.143564356435643,34.09090909090909,33.93939393939394,,36.683168316831676,0.0,5.188118811881188,41.871287128712865,48.29913047958605,-11.615962162754371,0.0,1.0046946828575791,37.68786299968926
37616075,Antonio Mauric,Istra 1961,Midfielder,22,Croatia,26.0,1870.0,0.0,4.0,22.0,7.0,838.0,82.58,45.0,19.0,158.0,89.0,4.0,0.0,7.09,20.0,11.0,10.0,17.0,32.0,7.0,84.0,50.0,18.0,17.0,21.0,0.0,0.0,20.0,12.0,0.0,0.0,0.1925133689839572,1.0588235294117647,0.3368983957219251,40.33155080213904,2.165775401069519,0.9144385026737968,0.1925133689839572,0.962566844919786,0.5294117647058824,0.481283422459893,0.8181818181818182,1.5401069518716577,0.3368983957219251,4.042780748663102,2.406417112299465,0.8663101604278075,0.8181818181818182,1.0106951871657754,0.0,0.962566844919786,46.15384615384615,31.818181818181817,0.0,0.8258,56.32911392405063,71.92307692307692,0.1925133689839572,55.0,21.875,59.523809523809526,28.96174863387978,72.6775956284153,67.21311475409836,52.475247524752476,58.49834983498351,64.55445544554456,52.07920792079208,60.24590163934426,63.93442622950819,,55.903262457393275,2.0,5.148514851485149,63.05177730887842,49.340686507175306,6.562575950217969,3.2812879751089845,0.4839166690629497,59.66846710156521
19624018,Adrian Liber,Slaven Koprivnica,Midfielder,25,Croatia,28.0,1866.0,2.0,1.0,30.0,10.0,574.0,73.87,31.0,11.0,213.0,87.0,4.0,0.0,6.84,47.0,16.0,22.0,24.0,37.0,6.0,37.0,16.0,14.0,12.0,17.0,0.0,0.0,27.0,8.0,0.0,0.0964630225080385,0.0482315112540192,1.4469453376205788,0.4823151125401929,27.684887459807072,1.495176848874598,0.5305466237942122,0.1929260450160771,2.266881028938907,0.7717041800643086,1.0610932475884245,1.157556270096463,1.7845659163987138,0.2893890675241157,1.7845659163987138,0.7717041800643086,0.6752411575562701,0.5787781350482315,0.819935691318328,0.0,1.302250803858521,28.571428571428573,33.333333333333336,6.666666666666667,0.7387,40.84507042253521,66.64285714285714,0.1446945337620578,34.04255319148936,16.216216216216218,43.24324324324324,56.83060109289617,29.508196721311474,21.311475409836063,51.98019801980198,51.65016501650165,38.31683168316832,25.915841584158414,36.0655737704918,21.721311475409834,,37.493101769193316,0.0,5.089108910891089,42.58221068008441,51.30896541384557,-13.815863644652254,0.0,0.0,37.493101769193316
73913,Ilija Nestorovski,Slaven Koprivnica,Attacker,36,Macedonia,23.0,1866.0,7.0,2.0,59.0,27.0,528.0,63.64,19.0,4.0,282.0,124.0,6.0,0.0,7.29,11.0,8.0,7.0,42.0,12.0,1.0,63.0,34.0,15.0,58.0,24.0,0.0,0.0,18.0,9.0,0.0,0.337620578778135,0.0964630225080385,2.8456591639871385,1.302250803858521,25.466237942122188,0.9163987138263664,0.1929260450160771,0.2893890675241157,0.5305466237942122,0.3858520900321543,0.337620578778135,2.0257234726688105,0.5787781350482315,0.0482315112540192,3.0385852090032155,1.639871382636656,0.7234726688102894,2.797427652733119,1.157556270096463,0.0,0.8681672025723473,39.130434782608695,45.76271186440678,11.864406779661016,0.6364,43.97163120567376,81.1304347826087,0.4340836012861736,72.72727272727273,8.333333333333334,53.96825396825397,79.39393939393939,43.63636363636363,35.75757575757576,28.960396039603964,73.43234323432343,29.603960396039604,34.36881188118812,43.18181818181819,41.96969696969697,,50.53240324032403,0.0,5.089108910891089,55.62151215121512,51.30896541384557,-0.7765621735215404,0.0,0.0,50.53240324032403
37535538,Luka Dajcer,Lokomotiva Zagreb,Defender,25,Croatia,24.0,1845.0,1.0,0.0,9.0,2.0,962.0,76.82,30.0,27.0,174.0,107.0,3.0,0.0,6.93,23.0,13.0,9.0,17.0,22.0,7.0,189.0,73.0,9.0,47.0,91.0,0.0,0.0,29.0,4.0,0.0,0.048780487804878,0.0,0.4390243902439024,0.0975609756097561,46.926829268292686,1.4634146341463414,1.3170731707317074,0.1463414634146341,1.1219512195121952,0.6341463414634146,0.4390243902439024,0.8292682926829268,1.0731707317073171,0.3414634146341463,9.21951219512195,3.5609756097560976,0.4390243902439024,2.292682926829268,4.439024390243903,0.0,1.4146341463414631,16.666666666666668,22.22222222222222,11.11111111111111,0.7681999999999999,61.49425287356322,76.875,0.048780487804878,56.52173913043478,31.818181818181817,38.62433862433863,59.953703703703695,41.2037037037037,64.81481481481481,65.5940594059406,62.211221122112214,61.78217821782179,75.40841584158416,62.15277777777778,61.57407407407407,,56.35107260726072,0.0,5.02970297029703,61.38077557755775,47.31337146692811,9.037701140332608,4.518850570166304,1.4975741891865475,62.36749736661358
527767,Naïs Djouahra,Rijeka,Attacker,26,France,28.0,1823.0,4.0,4.0,45.0,12.0,501.0,75.45,25.0,13.0,192.0,79.0,1.0,0.0,7.11,85.0,38.0,19.0,8.0,112.0,29.0,33.0,14.0,34.0,8.0,9.0,0.0,0.0,14.0,15.0,0.0,0.1974766867800329,0.1974766867800329,2.2216127262753704,0.5924300603400987,24.73395501919912,1.2342292923752056,0.6417992320351069,0.0493691716950082,4.196379594075699,1.8760285244103128,0.9380142622051564,0.3949533735600658,5.529347229840922,1.431705979155239,1.6291826659352715,0.6911684037301152,1.6785518376302797,0.3949533735600658,0.444322545255074,0.0,0.6911684037301152,53.57142857142857,26.666666666666668,8.88888888888889,0.7545000000000001,41.145833333333336,65.10714285714286,0.3949533735600658,44.70588235294117,25.892857142857142,42.42424242424242,43.333333333333336,70.9090909090909,54.54545454545454,90.5940594059406,53.46534653465346,53.56435643564356,22.004950495049506,80.45454545454544,60.22727272727272,,59.69576957695769,0.0,4.99009900990099,64.68586858685867,51.55523601085063,8.14053356610706,4.07026678305353,0.0,63.76603636001121
97414,Ismaël Diallo,Hajduk Split,Defender,29,Ivory Coast,25.0,1811.0,1.0,1.0,7.0,1.0,689.0,76.63,60.0,26.0,240.0,134.0,8.0,1.0,6.92,39.0,16.0,18.0,31.0,42.0,8.0,95.0,44.0,9.0,28.0,37.0,0.0,0.0,16.0,11.0,0.0,0.0496963003865267,0.0496963003865267,0.3478741027056874,0.0496963003865267,34.24075096631695,2.9817780231916067,1.2921038100496962,0.447266703478741,1.9381557150745443,0.7951408061844285,0.8945334069574821,1.5405853119823305,2.0872446162341247,0.3975704030922142,4.721148536720044,2.186637217007178,0.447266703478741,1.39149641082275,1.8387631143014909,0.0,0.7951408061844285,44.0,14.285714285714286,14.285714285714286,0.7663,55.833333333333336,72.44,0.0993926007730535,41.02564102564103,19.047619047619047,46.31578947368421,56.01851851851851,41.2037037037037,68.05555555555554,6.930693069306926,63.2013201320132,52.37623762376238,65.64356435643563,57.986111111111114,52.60416666666666,,50.276402640264024,0.0,4.9504950495049505,55.226897689768975,49.584473497440825,0.6919291428231986,0.3459645714115993,0.36202317393019,50.98439038560581
34398,Roberto Puncec,Šibenik,Defender,34,Croatia,20.0,1772.0,0.0,0.0,5.0,1.0,835.0,82.99,16.0,20.0,90.0,53.0,4.0,0.0,6.81,2.0,1.0,5.0,6.0,0.0,0.0,126.0,55.0,4.0,31.0,85.0,0.0,0.0,36.0,4.0,0.0,0.0,0.0,0.2539503386004514,0.0507900677200902,42.4097065462754,0.8126410835214447,1.015801354401806,0.2031602708803611,0.1015801354401805,0.0507900677200902,0.2539503386004514,0.3047404063205418,0.0,0.0,6.399548532731377,2.793453724604966,0.2031602708803611,1.574492099322799,4.317155756207675,0.0,1.828442437923251,20.0,20.0,0.0,0.8299,58.888888888888886,88.6,0.0,50.0,0.0,43.65079365079365,25.462962962962962,44.90740740740741,38.42592592592593,48.51485148514851,29.372937293729375,49.009900990099005,59.504950495049506,28.125,42.99768518518519,,37.49037403740374,0.0,4.910891089108911,42.40126512651265,45.37125340014588,-7.880879362742142,0.0,2.4686332225776617,39.959007259981405
72677,Vedran Jugovic,Osijek,Midfielder,36,Croatia,30.0,1766.0,2.0,0.0,17.0,5.0,686.0,86.88,24.0,27.0,122.0,56.0,8.0,1.0,6.84,10.0,4.0,14.0,7.0,13.0,3.0,49.0,25.0,9.0,21.0,26.0,0.0,0.0,26.0,7.0,0.0,0.101925254813137,0.0,0.8663646659116648,0.2548131370328426,34.960362400906,1.2231030577576445,1.37599093997735,0.4586636466591166,0.5096262740656852,0.203850509626274,0.7134767836919592,0.3567383918459796,0.6625141562853907,0.1528878822197055,2.497168742921857,1.274065685164213,0.4586636466591166,1.0702151755379388,1.3250283125707814,0.0,1.3250283125707814,23.33333333333333,29.41176470588235,11.764705882352942,0.8687999999999999,45.90163934426229,58.86666666666667,0.101925254813137,40.0,23.07692307692308,51.02040816326531,57.377049180327866,51.63934426229508,43.16939890710382,5.940594059405953,26.155115511551156,51.13861386138613,42.82178217821782,19.467213114754095,44.12568306010929,,46.24979711085863,0.0,4.871287128712871,51.1210842395715,52.198656341043936,-5.948859230185306,0.0,0.0,46.24979711085863
74127,Anthony Kalik,Hajduk Split,Midfielder,28,Australia,31.0,1742.0,3.0,1.0,26.0,8.0,357.0,69.19,19.0,3.0,194.0,65.0,6.0,0.0,6.78,18.0,4.0,8.0,19.0,12.0,3.0,29.0,15.0,18.0,21.0,8.0,0.0,0.0,17.0,12.0,0.0,0.1549942594718714,0.0516647531572904,1.3432835820895523,0.4133180252583238,18.444316877152698,0.981630309988519,0.1549942594718714,0.3099885189437428,0.9299655568312284,0.2066590126291619,0.4133180252583238,0.981630309988519,0.6199770378874856,0.1549942594718714,1.4982778415614235,0.7749712973593571,0.9299655568312284,1.0849598163030998,0.4133180252583238,0.0,0.878300803673938,38.70967741935484,30.76923076923077,11.538461538461538,0.6919,33.50515463917526,56.193548387096776,0.2066590126291618,22.22222222222222,25.0,51.72413793103448,70.49180327868852,17.48633879781421,3.8251366120218577,24.257425742574256,29.372937293729375,29.801980198019805,13.93564356435644,30.32786885245902,11.133879781420765,,29.966726180814806,0.0,4.8316831683168315,34.79840934913164,49.584473497440825,-19.61774731662602,0.0,0.36202317393019,30.328749354744996
37697289,Salim Fago Lawal,Istra 1961,Attacker,23,Nigeria,29.0,1724.0,4.0,0.0,51.0,15.0,382.0,64.92,5.0,4.0,259.0,79.0,2.0,0.0,6.78,56.0,14.0,6.0,15.0,39.0,4.0,15.0,9.0,9.0,45.0,25.0,0.0,0.0,22.0,8.0,0.0,0.2088167053364269,0.0,2.662412993039444,0.7830626450116009,19.94199535962877,0.2610208816705336,0.2088167053364269,0.1044083526682134,2.9234338747099766,0.7308584686774942,0.3132250580046403,0.7830626450116009,2.0359628770301623,0.2088167053364269,0.7830626450116009,0.4698375870069605,0.4698375870069605,2.3491879350348026,1.3051044083526682,0.0,1.148491879350348,27.58620689655172,29.41176470588235,7.84313725490196,0.6492,30.501930501930502,59.44827586206897,0.2088167053364269,25.0,10.256410256410255,60.0,49.09090909090909,18.787878787878785,10.909090909090908,76.98019801980197,39.76897689768977,20.990099009900987,29.641089108910887,21.81818181818182,15.90909090909091,,31.334383438343835,0.0,4.792079207920792,36.12646264626463,49.340686507175306,-18.00630306883147,0.0,0.4839166690629497,31.818300107406785
72702,M. Maloča,Gorica,Defender,37,Croatia,19.0,1706.0,0.0,0.0,8.0,1.0,894.0,84.12,20.0,12.0,115.0,70.0,2.0,0.0,6.98,1.0,1.0,6.0,12.0,1.0,1.0,133.0,55.0,1.0,38.0,115.0,0.0,0.0,24.0,4.0,0.0,0.0,0.0,0.4220398593200469,0.0527549824150058,47.16295427901524,1.0550996483001172,0.6330597889800703,0.1055099648300117,0.0527549824150058,0.0527549824150058,0.3165298944900351,0.6330597889800703,0.0527549824150058,0.0527549824150058,7.01641266119578,2.9015240328253222,0.0527549824150058,2.004689331770223,6.066822977725674,0.0,1.2661195779601406,21.05263157894737,12.5,0.0,0.8412000000000001,60.869565217391305,89.78947368421052,0.0,100.0,100.0,41.35338345864662,25.925925925925924,55.09259259259259,33.333333333333336,76.23762376237624,46.12211221122112,53.76237623762377,63.36633663366337,24.65277777777778,42.013888888888886,,41.92931793179318,0.0,4.752475247524752,46.68179317931793,44.70718855697045,-2.777870625177272,0.0,2.8006656441653774,44.729983575958556
9302755,Ivan Dolcek,Slaven Koprivnica,Attacker,26,Croatia,31.0,1701.0,3.0,2.0,37.0,12.0,433.0,76.21,27.0,10.0,228.0,95.0,2.0,0.0,6.89,67.0,27.0,10.0,27.0,38.0,10.0,26.0,16.0,23.0,13.0,4.0,0.0,0.0,23.0,8.0,0.0,0.1587301587301587,0.1058201058201058,1.9576719576719577,0.6349206349206349,22.91005291005291,1.4285714285714286,0.5291005291005291,0.1058201058201058,3.544973544973545,1.4285714285714286,0.5291005291005291,1.4285714285714286,2.0105820105820107,0.5291005291005291,1.3756613756613756,0.8465608465608465,1.216931216931217,0.6878306878306878,0.2116402116402116,0.0,1.216931216931217,25.806451612903224,32.432432432432435,8.108108108108109,0.7620999999999999,41.66666666666666,54.87096774193548,0.2645502645502645,40.298507462686565,26.31578947368421,61.53846153846154,38.78787878787879,58.18181818181818,53.333333333333336,75.74257425742574,67.32673267326733,47.32673267326733,22.25247524752475,62.27272727272727,58.03030303030303,,52.66516651665167,0.0,4.712871287128713,57.37803780378038,51.30896541384557,1.3562011028060965,0.6781005514030483,0.0,53.343267068054715
32786881,Tomislav Duvnjak,Varaždin,Midfielder,23,Croatia,29.0,1692.0,1.0,0.0,8.0,2.0,819.0,82.78,48.0,20.0,220.0,127.0,8.0,0.0,6.96,32.0,12.0,18.0,50.0,17.0,3.0,120.0,62.0,12.0,21.0,42.0,0.0,0.0,11.0,11.0,0.0,0.0531914893617021,0.0,0.425531914893617,0.1063829787234042,43.56382978723404,2.5531914893617023,1.0638297872340423,0.425531914893617,1.702127659574468,0.6382978723404256,0.9574468085106383,2.6595744680851063,0.9042553191489362,0.1595744680851064,6.382978723404255,3.297872340425532,0.6382978723404256,1.1170212765957446,2.234042553191489,0.0,0.5851063829787234,37.93103448275862,25.0,12.5,0.8278,57.72727272727273,58.3448275862069,0.0531914893617021,37.5,17.647058823529413,51.66666666666666,47.814207650273225,54.91803278688525,77.04918032786885,8.415841584158414,64.68646864686468,62.871287128712865,63.63861386138614,46.92622950819672,70.49180327868852,,54.77601038792404,0.0,4.673267326732673,59.44927771465671,48.29913047958605,6.476879908337992,3.238439954168996,1.0046946828575791,59.01914502495062
37600592,Luka Vrbancic,Lokomotiva Zagreb,Midfielder,21,Croatia,26.0,1668.0,3.0,0.0,28.0,13.0,550.0,75.82,40.0,13.0,229.0,109.0,4.0,0.0,6.96,36.0,18.0,13.0,41.0,52.0,15.0,77.0,38.0,22.0,11.0,16.0,0.0,0.0,27.0,5.0,0.0,0.1618705035971223,0.0,1.5107913669064748,0.7014388489208633,29.67625899280576,2.158273381294964,0.7014388489208633,0.2158273381294964,1.9424460431654675,0.9712230215827338,0.7014388489208633,2.212230215827338,2.805755395683453,0.8093525179856115,4.154676258992806,2.050359712230216,1.1870503597122302,0.5935251798561151,0.8633093525179856,0.0,1.4568345323741008,19.23076923076923,46.42857142857143,10.714285714285714,0.7582,47.59825327510917,64.15384615384616,0.1618705035971223,50.0,28.846153846153847,49.35064935064935,75.68306010928961,28.688524590163933,47.540983606557376,44.8019801980198,78.63036303630362,60.94059405940593,38.42821782178217,54.71311475409836,47.43852459016394,,50.053968511605255,4.0,4.633663366336633,58.68763187794189,47.31337146692811,2.740597044677145,1.3702985223385724,1.4975741891865475,52.92184122313037
37546618,Raúl Torrente,Dinamo Zagreb,Defender,24,Spain,21.0,1650.0,2.0,1.0,18.0,7.0,1149.0,86.77,30.0,17.0,119.0,79.0,3.0,0.0,7.22,0.0,0.0,6.0,12.0,1.0,1.0,144.0,57.0,6.0,37.0,81.0,0.0,0.0,21.0,7.0,0.0,0.109090909090909,0.0545454545454545,0.9818181818181818,0.3818181818181818,62.67272727272727,1.6363636363636365,0.9272727272727272,0.1636363636363636,0.0,0.0,0.3272727272727272,0.6545454545454545,0.0545454545454545,0.0545454545454545,7.8545454545454545,3.109090909090909,0.3272727272727272,2.018181818181818,4.418181818181818,0.0,1.1454545454545455,33.333333333333336,38.888888888888886,11.11111111111111,0.8676999999999999,66.38655462184875,78.57142857142857,0.1636363636363636,0.0,100.0,39.583333333333336,86.80555555555556,83.33333333333333,61.574074074074076,61.13861386138614,13.531353135313532,63.26732673267327,73.30445544554455,45.3125,67.24537037037038,,75.6277502750275,0.0,4.594059405940594,80.2218096809681,63.406236779025285,12.22151349600221,6.110756748001105,0.0,81.7385070230286
37551107,Leon Belcar,Varaždin,Midfielder,24,Croatia,20.0,1624.0,3.0,0.0,24.0,4.0,743.0,80.89,26.0,25.0,151.0,88.0,5.0,0.0,7.24,24.0,10.0,6.0,35.0,11.0,1.0,131.0,78.0,19.0,17.0,25.0,0.0,0.0,10.0,10.0,0.0,0.1662561576354679,0.0,1.3300492610837438,0.2216748768472906,41.17610837438424,1.4408866995073892,1.3854679802955665,0.2770935960591133,1.3300492610837438,0.5541871921182266,0.3325123152709359,1.9396551724137927,0.6096059113300493,0.0554187192118226,7.259852216748769,4.322660098522167,1.0529556650246306,0.9421182266009852,1.3854679802955665,0.0,0.5541871921182266,50.0,16.666666666666668,12.5,0.8089,58.27814569536424,81.2,0.1662561576354679,41.66666666666666,9.090909090909092,59.54198473282442,62.56830601092897,47.814207650273225,66.12021857923497,31.683168316831683,61.7986798679868,65.44554455445544,54.90099009900991,53.48360655737705,67.89617486338798,,56.11913650381432,0.0,4.554455445544554,60.67359194935887,48.29913047958605,7.82000602422827,3.910003012114135,1.0046946828575791,61.033834198786025
37694071,Niko Sigur,Hajduk Split,Midfielder,22,Canada,28.0,1612.0,3.0,1.0,17.0,6.0,649.0,84.9,53.0,17.0,216.0,122.0,6.0,0.0,6.99,26.0,14.0,14.0,39.0,10.0,2.0,38.0,20.0,8.0,15.0,19.0,0.0,0.0,21.0,9.0,0.0,0.1674937965260546,0.0558312655086848,0.9491315136476428,0.3349875930521092,36.23449131513648,2.9590570719602978,0.9491315136476428,0.3349875930521092,1.4516129032258065,0.7816377171215881,0.7816377171215881,2.177419354838709,0.5583126550868487,0.1116625310173697,2.1215880893300247,1.1166253101736974,0.4466501240694789,0.8374689826302729,1.0607940446650124,0.0,1.1724565756823822,32.142857142857146,35.294117647058826,17.647058823529413,0.8490000000000001,56.48148148148148,57.57142857142857,0.2233250620347394,53.84615384615385,20.0,52.63157894736842,73.224043715847,57.377049180327866,75.95628415300547,20.297029702970292,78.87788778877888,48.01980198019802,54.38118811881189,34.016393442622956,58.879781420765035,,63.99691608505113,2.0,4.514851485148514,70.51176757019965,49.584473497440825,14.412442587610307,7.206221293805154,0.36202317393019,71.56516055278647
72857,Duje Cop,Rijeka,Attacker,36,Croatia,18.0,1608.0,6.0,2.0,47.0,24.0,338.0,62.43,14.0,3.0,164.0,55.0,1.0,0.0,7.2,18.0,6.0,10.0,16.0,10.0,2.0,13.0,5.0,14.0,19.0,9.0,0.0,0.0,27.0,3.0,0.0,0.3358208955223881,0.1119402985074626,2.630597014925373,1.3432835820895523,18.917910447761194,0.7835820895522388,0.167910447761194,0.0559701492537313,1.007462686567164,0.3358208955223881,0.5597014925373134,0.8955223880597015,0.5597014925373134,0.1119402985074626,0.7276119402985075,0.2798507462686567,0.7835820895522388,1.0634328358208955,0.503731343283582,0.0,1.5111940298507462,16.666666666666668,51.06382978723404,12.76595744680851,0.6243,33.53658536585366,89.33333333333333,0.4477611940298507,33.333333333333336,20.0,38.46153846153846,80.60606060606061,28.48484848484848,16.363636363636363,90.0990099009901,34.9009900990099,20.891089108910894,15.94059405940594,27.272727272727273,17.727272727272727,,46.646264626462646,0.0,4.475247524752476,51.12151215121512,51.55523601085063,-4.908971384387982,0.0,0.0,46.646264626462646
74090,Valentino Majstorovic,Gorica,Defender,30,Croatia,29.0,1602.0,0.0,0.0,8.0,2.0,415.0,68.19,38.0,13.0,261.0,125.0,0.0,0.0,6.71,44.0,20.0,12.0,42.0,29.0,6.0,55.0,10.0,13.0,27.0,39.0,0.0,0.0,24.0,8.0,0.0,0.0,0.0,0.449438202247191,0.1123595505617977,23.314606741573037,2.134831460674157,0.7303370786516854,0.0,2.4719101123595504,1.1235955056179776,0.6741573033707865,2.359550561797753,1.6292134831460674,0.3370786516853932,3.0898876404494384,0.5617977528089888,0.7303370786516854,1.5168539325842696,2.191011235955056,0.0,1.348314606741573,27.58620689655172,25.0,0.0,0.6819,47.89272030651341,55.241379310344826,0.0,45.45454545454545,20.689655172413797,18.181818181818183,34.72222222222222,11.111111111111109,35.18518518518518,96.2871287128713,77.80528052805282,30.594059405940595,57.0420792079208,51.041666666666664,28.53009259259259,,33.934268426842685,0.0,4.435643564356436,38.36991199119912,44.70718855697045,-10.772920130127766,0.0,2.8006656441653774,36.73493407100806
3533873,Ivan Nekic,Varaždin,Defender,25,Croatia,18.0,1596.0,0.0,0.0,7.0,1.0,961.0,81.48,33.0,32.0,147.0,90.0,2.0,0.0,7.28,8.0,7.0,5.0,5.0,3.0,1.0,185.0,72.0,4.0,45.0,66.0,0.0,0.0,13.0,9.0,0.0,0.0,0.0,0.3947368421052631,0.056390977443609,54.19172932330827,1.8609022556390975,1.8045112781954888,0.112781954887218,0.4511278195488721,0.3947368421052631,0.2819548872180451,0.2819548872180451,0.169172932330827,0.056390977443609,10.43233082706767,4.06015037593985,0.225563909774436,2.537593984962406,3.721804511278195,0.0,0.7330827067669173,50.0,14.285714285714286,0.0,0.8148000000000001,61.224489795918366,88.66666666666667,0.0,87.5,33.333333333333336,38.91891891891892,26.388888888888886,56.94444444444445,78.7037037037037,73.26732673267327,48.67986798679868,60.297029702970306,83.11881188118812,50.34722222222222,72.16435185185185,,55.93784378437844,0.0,4.376237623762377,60.314081408140815,48.29913047958605,7.63871330479239,3.819356652396195,1.0046946828575791,60.761895119632214
56643,Dario Melnjak,Hajduk Split,Defender,33,Croatia,32.0,1596.0,0.0,1.0,16.0,2.0,638.0,74.92,31.0,26.0,107.0,69.0,0.0,0.0,6.96,11.0,5.0,8.0,10.0,52.0,13.0,96.0,35.0,17.0,24.0,40.0,0.0,0.0,19.0,11.0,0.0,0.0,0.056390977443609,0.9022556390977444,0.112781954887218,35.97744360902256,1.7481203007518795,1.466165413533835,0.0,0.6203007518796992,0.2819548872180451,0.4511278195488721,0.5639097744360902,2.9323308270676693,0.7330827067669173,5.413533834586466,1.973684210526316,0.9586466165413534,1.3533834586466165,2.255639097744361,0.0,1.0714285714285714,34.375,12.5,0.0,0.7492,64.48598130841121,49.875,0.056390977443609,45.45454545454545,25.0,36.458333333333336,35.18518518518518,42.592592592592595,77.77777777777779,96.2871287128713,35.8910891089109,61.18811881188119,72.98267326732672,59.375,61.458333333333336,,56.2953795379538,0.0,4.376237623762377,60.67161716171618,49.584473497440825,6.710906040512974,3.355453020256487,0.36202317393019,60.01285573214047
28912771,Adrion Pajaziti,Gorica,Midfielder,23,Albania,23.0,1569.0,3.0,0.0,11.0,7.0,754.0,88.86,18.0,12.0,186.0,92.0,2.0,0.0,6.96,35.0,19.0,18.0,47.0,28.0,10.0,68.0,39.0,13.0,9.0,13.0,0.0,0.0,24.0,9.0,0.0,0.1720841300191204,0.0,0.6309751434034416,0.401529636711281,43.25047801147228,1.032504780114723,0.6883365200764818,0.1147227533460803,2.0076481835564053,1.089866156787763,1.032504780114723,2.6959847036328872,1.6061185468451242,0.5736137667304015,3.9005736137667295,2.237093690248566,0.745697896749522,0.5162523900573613,0.745697896749522,0.0,1.3766730401529637,39.130434782608695,63.63636363636363,27.272727272727277,0.8886,49.46236559139785,68.21739130434783,0.1720841300191204,54.285714285714285,35.714285714285715,57.35294117647059,79.23497267759564,62.56830601092896,30.054644808743166,71.78217821782178,86.13861386138613,71.08910891089108,27.995049504950494,48.97540983606557,48.428961748633874,,58.7355948709625,0.0,4.316831683168317,63.05242655413082,44.70718855697045,14.02840631399205,7.014203156996025,2.8006656441653774,68.5504636721239
32405608,Ivan Smolcic,Rijeka,Defender,25,Croatia,18.0,1564.0,1.0,2.0,19.0,3.0,716.0,70.39,37.0,36.0,171.0,98.0,4.0,0.0,7.42,17.0,6.0,6.0,16.0,30.0,9.0,145.0,65.0,19.0,40.0,46.0,0.0,0.0,8.0,11.0,0.0,0.057544757033248,0.1150895140664961,1.0933503836317136,0.1726342710997442,41.20204603580563,2.129156010230179,2.071611253196931,0.2301790281329923,0.9782608695652174,0.3452685421994885,0.3452685421994885,0.9207161125319692,1.7263427109974423,0.5179028132992327,8.343989769820972,3.740409207161125,1.0933503836317136,2.301790281329924,2.647058823529412,0.0,0.4603580562659846,61.11111111111112,15.789473684210526,5.2631578947368425,0.7039,57.30994152046784,86.88888888888889,0.1726342710997442,35.294117647058826,30.0,44.82758620689656,63.88888888888889,48.148148148148145,77.77777777777777,41.08910891089109,37.54125412541254,64.35643564356437,78.53960396039604,79.51388888888889,67.70833333333334,,61.05335533553355,0.0,4.2772277227722775,65.33058305830583,51.55523601085063,9.498119324682925,4.7490596623414625,0.0,65.80241499787502
24838185,Ivan Cubelic,Slaven Koprivnica,Midfielder,23,Croatia,27.0,1546.0,0.0,1.0,21.0,6.0,719.0,75.94,50.0,39.0,222.0,110.0,6.0,0.0,6.95,16.0,7.0,37.0,15.0,37.0,8.0,129.0,73.0,14.0,38.0,38.0,0.0,0.0,22.0,7.0,0.0,0.0,0.0582147477360931,1.222509702457956,0.3492884864165588,41.85640362225097,2.9107373868046573,2.2703751617076326,0.3492884864165588,0.9314359637774904,0.407503234152652,2.153945666235446,0.8732212160413971,2.153945666235446,0.4657179818887451,7.509702457956015,4.249676584734799,0.815006468305304,2.21216041397154,2.21216041397154,0.0,1.2807244501940491,25.925925925925927,28.571428571428573,0.0,0.7594,49.549549549549546,57.25925925925926,0.0582147477360931,43.75,21.62162162162162,56.58914728682171,30.054644808743166,50.81967213114754,80.32786885245902,17.82178217821783,44.38943894389439,66.03960396039604,72.32673267326733,54.50819672131147,70.90163934426229,,50.1428339555267,0.0,4.237623762376238,54.380457717902935,51.30896541384557,-1.1661314583188727,0.0,0.0,50.1428339555267
37287242,Ivan Laća,Šibenik,Attacker,23,Croatia,30.0,1545.0,3.0,4.0,40.0,10.0,469.0,67.8,27.0,19.0,139.0,68.0,0.0,0.0,6.93,15.0,6.0,4.0,16.0,28.0,11.0,71.0,29.0,16.0,25.0,16.0,0.0,0.0,22.0,4.0,0.0,0.174757281553398,0.233009708737864,2.3300970873786406,0.5825242718446602,27.320388349514563,1.5728155339805825,1.1067961165048543,0.0,0.8737864077669902,0.3495145631067961,0.233009708737864,0.9320388349514565,1.6310679611650485,0.6407766990291263,4.135922330097087,1.6893203883495145,0.9320388349514565,1.4563106796116505,0.9320388349514565,0.0,1.2815533980582523,13.333333333333334,25.0,7.5,0.6779999999999999,48.92086330935252,51.5,0.4077669902912622,40.0,39.285714285714285,40.84507042253521,35.15151515151515,64.84848484848484,80.60606060606061,96.2871287128713,41.006600660066006,47.12871287128713,51.00247524752476,60.90909090909091,70.53030303030303,,63.810531053105315,0.0,4.198019801980198,68.00855085508552,45.37125340014588,18.439277652959433,9.219638826479716,2.4686332225776617,75.4988031021627
37563601,Luka Stojkovic,Dinamo Zagreb,Midfielder,22,Croatia,26.0,1542.0,6.0,5.0,49.0,20.0,787.0,80.56,37.0,13.0,215.0,111.0,3.0,0.0,7.59,48.0,25.0,24.0,22.0,143.0,43.0,73.0,51.0,53.0,26.0,11.0,0.0,0.0,15.0,8.0,0.0,0.3501945525291828,0.2918287937743191,2.859922178988327,1.1673151750972763,45.93385214007782,2.159533073929961,0.7587548638132295,0.1750972762645914,2.801556420233463,1.4591439688715953,1.4007782101167314,1.284046692607004,8.346303501945526,2.509727626459144,4.260700389105058,2.9766536964980546,3.093385214007782,1.517509727626459,0.642023346303502,0.0,0.8754863813229572,30.76923076923077,40.81632653061224,12.244897959183673,0.8056,51.627906976744185,59.30769230769231,0.6420233463035019,52.083333333333336,30.06993006993007,69.86301369863014,90.1639344262295,75.95628415300546,57.92349726775956,57.92079207920792,76.07260726072609,83.66336633663367,50.51980198019802,86.88524590163934,67.89617486338798,,73.00519396201913,2.0,4.158415841584159,79.1636098036033,63.406236779025285,9.59895718299385,4.799478591496925,0.0,77.80467255351606
129585,Alessandro Tuia,Osijek,Defender,36,Italy,18.0,1537.0,0.0,1.0,7.0,0.0,819.0,79.73,23.0,25.0,118.0,77.0,6.0,0.0,6.98,2.0,0.0,4.0,20.0,0.0,0.0,182.0,69.0,4.0,36.0,94.0,0.0,0.0,23.0,4.0,0.0,0.0,0.0585556278464541,0.4098893949251789,0.0,47.95705920624594,1.346779440468445,1.4638906961613534,0.3513337670787247,0.1171112556929082,0.0,0.2342225113858165,1.1711125569290826,0.0,0.0,10.657124268054652,4.040338321405335,0.2342225113858165,2.108002602472349,5.504229017566688,0.0,1.346779440468445,22.22222222222222,0.0,0.0,0.7973,65.2542372881356,85.38888888888889,0.0585556278464541,0.0,0.0,37.91208791208791,21.527777777777782,62.962962962962955,69.9074074074074,17.32673267326733,22.277227722772277,53.16831683168317,75.07425742574259,48.09027777777778,64.6412037037037,,48.052117711771174,0.0,4.118811881188119,52.1709295929593,52.198656341043936,-4.1465386292727615,0.0,0.0,48.052117711771174
37581526,Domagoj Bukvic,Osijek,Attacker,22,Croatia,30.0,1528.0,0.0,3.0,24.0,7.0,423.0,75.65,43.0,13.0,212.0,94.0,3.0,0.0,6.85,45.0,21.0,27.0,18.0,45.0,10.0,33.0,13.0,17.0,9.0,13.0,0.0,0.0,20.0,7.0,0.0,0.0,0.1767015706806282,1.4136125654450262,0.412303664921466,24.914921465968582,2.532722513089005,0.7657068062827225,0.1767015706806282,2.650523560209424,1.236910994764398,1.5903141361256543,1.0602094240837696,2.650523560209424,0.5890052356020943,1.943717277486911,0.7657068062827225,1.0013089005235605,0.5301047120418848,0.7657068062827225,0.0,1.1780104712041886,23.33333333333333,29.166666666666668,0.0,0.7565000000000001,44.33962264150944,50.93333333333333,0.1767015706806282,46.66666666666666,22.22222222222222,39.39393939393939,9.696969696969697,69.6969696969697,76.96969696969697,57.42574257425743,65.92409240924091,45.148514851485146,38.46534653465347,68.63636363636364,67.34848484848484,,52.65166516651665,2.0,4.079207920792079,58.73087308730873,52.198656341043936,0.4530088254727147,0.22650441273635735,0.0,52.87816957925301
37704799,Adriano Jagusic,Slaven Koprivnica,Midfielder,20,Croatia,27.0,1526.0,3.0,3.0,32.0,7.0,599.0,76.29,39.0,18.0,238.0,119.0,3.0,0.0,7.03,62.0,25.0,14.0,39.0,47.0,6.0,82.0,59.0,19.0,17.0,6.0,0.0,0.0,17.0,6.0,0.0,0.1769331585845347,0.1769331585845347,1.887287024901704,0.4128440366972477,35.32765399737877,2.300131061598952,1.0615989515072084,0.1769331585845347,3.656618610747051,1.474442988204456,0.8256880733944955,2.300131061598952,2.7719528178243773,0.3538663171690694,4.836173001310616,3.479685452162516,1.1205766710353866,1.0026212319790302,0.3538663171690694,0.0,1.0026212319790302,22.22222222222222,21.875,9.375,0.7629,50.0,56.51851851851852,0.3538663171690694,40.32258064516129,12.76595744680851,71.95121951219512,68.30601092896175,56.284153005464475,62.295081967213115,56.93069306930693,75.08250825082509,64.95049504950495,45.915841584158414,77.45901639344262,60.24590163934426,,61.75864307742249,6.0,4.03960396039604,71.79824703781853,51.30896541384557,10.44967766357692,5.22483883178846,0.0,66.98348190921095
37332624,Giorgi Gagua,Istra 1961,Attacker,24,Georgia,28.0,1524.0,3.0,2.0,28.0,8.0,350.0,68.57,21.0,6.0,254.0,128.0,5.0,0.0,7.01,27.0,14.0,6.0,60.0,6.0,1.0,13.0,7.0,25.0,37.0,17.0,0.0,0.0,19.0,11.0,0.0,0.1771653543307086,0.1181102362204724,1.653543307086614,0.4724409448818897,20.66929133858268,1.2401574803149606,0.3543307086614173,0.2952755905511811,1.594488188976378,0.8267716535433071,0.3543307086614173,3.543307086614173,0.3543307086614173,0.0590551181102362,0.7677165354330708,0.4133858267716535,1.4763779527559056,2.1850393700787403,1.0039370078740155,0.0,1.1220472440944882,39.285714285714285,28.571428571428573,10.714285714285714,0.6857,50.39370078740158,54.42857142857143,0.2952755905511811,51.851851851851855,16.666666666666668,53.84615384615385,43.63636363636363,41.21212121212121,63.030303030303024,28.21782178217822,81.76567656765677,30.792079207920796,41.262376237623755,53.63636363636363,52.878787878787875,,47.18541854185418,0.0,4.0,51.18541854185418,49.340686507175306,-2.155267965321123,0.0,0.4839166690629497,47.66933521091713
530693,Hrvoje Babec,Osijek,Midfielder,26,Croatia,18.0,1522.0,1.0,2.0,9.0,3.0,907.0,83.35,29.0,24.0,143.0,78.0,2.0,0.0,7.22,7.0,5.0,16.0,5.0,6.0,2.0,98.0,50.0,8.0,40.0,45.0,0.0,0.0,24.0,3.0,0.0,0.0591327201051248,0.1182654402102496,0.5321944809461235,0.1773981603153745,53.63337713534823,1.7148488830486202,1.419185282522996,0.1182654402102496,0.4139290407358738,0.2956636005256242,0.9461235216819974,0.2956636005256242,0.354796320630749,0.1182654402102496,5.795006570302234,2.9566360052562417,0.4730617608409987,2.365308804204993,2.6609724047306176,0.0,1.419185282522996,16.666666666666668,33.333333333333336,11.11111111111111,0.8334999999999999,54.54545454545455,84.55555555555556,0.1773981603153745,71.42857142857143,33.333333333333336,51.02040816326531,49.18032786885246,80.8743169398907,67.75956284153006,71.2871287128713,44.63696369636964,62.97029702970296,72.52475247524752,50.0,67.07650273224044,,66.4729751663691,0.0,3.9603960396039604,70.43337120597306,52.198656341043936,14.27431882532516,7.13715941266258,0.0,73.61013457903168
74182,T. Halilović,Gorica,Midfielder,31,Croatia,20.0,1519.0,2.0,0.0,19.0,5.0,772.0,82.9,26.0,23.0,111.0,65.0,2.0,0.0,7.11,22.0,10.0,5.0,17.0,42.0,15.0,98.0,47.0,19.0,13.0,38.0,0.0,0.0,21.0,8.0,0.0,0.1184990125082291,0.0,1.1257406188281764,0.2962475312705727,45.74061882817643,1.5404871626069785,1.3627386438446347,0.1184990125082291,1.30348913759052,0.5924950625411455,0.2962475312705727,1.0072416063199474,2.488479262672811,0.8887425938117183,5.806451612903226,2.784726793943384,1.1257406188281764,0.7702435813034891,2.251481237656353,0.0,1.2442396313364057,40.0,26.31578947368421,10.526315789473683,0.8290000000000001,58.55855855855856,75.95,0.1184990125082291,45.45454545454545,35.714285714285715,47.95918367346939,56.28415300546448,56.55737704918033,65.57377049180327,70.79207920792079,54.37293729372937,77.22772277227723,59.33168316831684,53.89344262295082,68.23770491803279,,60.6037980847265,0.0,3.920792079207921,64.52459016393442,44.70718855697045,15.896609527756048,7.948304763878024,2.8006656441653774,71.3527684927699
3568423,Michele Sego,Varaždin,Attacker,25,Croatia,18.0,1517.0,4.0,3.0,54.0,18.0,457.0,76.37,8.0,9.0,205.0,92.0,1.0,0.0,7.51,58.0,22.0,3.0,43.0,93.0,24.0,51.0,33.0,36.0,15.0,14.0,0.0,0.0,11.0,9.0,0.0,0.2373104812129202,0.1779828609096901,3.2036914963744234,1.067897165458141,27.11272247857614,0.4746209624258404,0.5339485827290705,0.05932762030323,3.4410019775873435,1.3052076466710614,0.1779828609096901,2.5510876730388925,5.517468688200395,1.4238628872775214,3.025708635464733,1.957811470006592,2.135794330916282,0.8899143045484509,0.8305866842452209,0.0,0.6526038233355307,50.0,33.333333333333336,7.407407407407407,0.7637,44.8780487804878,84.27777777777777,0.4152933421226104,37.93103448275862,25.806451612903224,64.70588235294117,55.151515151515156,76.36363636363636,44.24242424242424,89.10891089108911,72.93729372937294,65.04950495049505,25.495049504950494,84.54545454545455,65.07575757575758,,61.638163816381635,0.0,3.881188118811881,65.51935193519351,48.29913047958605,13.339033336795588,6.669516668397794,1.0046946828575791,69.312375167637
21072870,Jurica Prsir,Gorica,Midfielder,26,Croatia,20.0,1511.0,3.0,2.0,22.0,9.0,871.0,82.89,57.0,21.0,243.0,120.0,4.0,0.0,7.2,28.0,11.0,21.0,33.0,81.0,26.0,91.0,47.0,23.0,22.0,27.0,0.0,0.0,25.0,4.0,0.0,0.1786896095301125,0.1191264063534083,1.3103904698874915,0.5360688285903376,51.87954996690933,3.3951025810721376,1.2508272667107876,0.2382528127068166,1.6677696889477167,0.6551952349437459,1.2508272667107876,1.9655857048312373,4.824619457313037,1.5486432825943084,5.420251489080079,2.799470549305096,1.369953673064196,1.3103904698874915,1.6082064857710126,0.0,1.4890800794176042,20.0,40.90909090909091,13.636363636363637,0.8289,49.38271604938272,75.55,0.2978160158835208,39.285714285714285,32.098765432098766,51.64835164835165,79.78142076502733,79.78142076502733,69.94535519125682,39.603960396039604,62.70627062706271,84.35643564356437,60.99009900990098,71.31147540983606,74.72677595628414,,72.81285505599742,0.0,3.8415841584158414,76.65443921441326,44.70718855697045,28.105666499026967,14.052833249513483,2.8006656441653774,89.66635394967628
51829,Marin Leovac,Lokomotiva Zagreb,Defender,37,Croatia,20.0,1503.0,0.0,0.0,4.0,1.0,767.0,73.01,27.0,27.0,121.0,57.0,7.0,0.0,6.84,12.0,4.0,13.0,13.0,52.0,12.0,121.0,37.0,12.0,13.0,43.0,0.0,0.0,24.0,3.0,0.0,0.0,0.0,0.2395209580838323,0.059880239520958,45.92814371257485,1.6167664670658684,1.6167664670658684,0.4191616766467065,0.718562874251497,0.2395209580838323,0.7784431137724551,0.7784431137724551,3.1137724550898205,0.718562874251497,7.245508982035928,2.215568862275449,0.718562874251497,0.7784431137724551,2.5748502994011977,0.0,1.437125748502994,15.0,25.0,0.0,0.7301000000000001,47.10743801652893,75.15,0.0,33.333333333333336,23.07692307692308,30.57851239669421,26.85185185185185,34.72222222222222,50.46296296296296,9.405940594059402,30.44554455445545,60.0,51.31188118811881,51.38888888888889,49.0162037037037,,34.551705170517046,0.0,3.801980198019802,38.353685368536844,47.31337146692811,-12.761666296411065,0.0,1.4975741891865475,36.04927935970359
37660075,Ante Kavelj,Šibenik,Midfielder,20,Croatia,23.0,1501.0,1.0,0.0,12.0,4.0,406.0,66.75,28.0,27.0,147.0,76.0,1.0,0.0,6.81,4.0,2.0,14.0,10.0,16.0,5.0,52.0,23.0,10.0,37.0,27.0,0.0,0.0,24.0,4.0,0.0,0.0599600266489007,0.0,0.7195203197868087,0.2398401065956029,24.3437708194537,1.6788807461692206,1.6189207195203197,0.0599600266489007,0.2398401065956029,0.1199200532978014,0.8394403730846103,0.5996002664890073,0.9593604263824116,0.2998001332445036,3.117921385742838,1.3790806129247168,0.5996002664890073,2.218520986009327,1.6189207195203197,0.0,1.4390406395736175,17.391304347826086,33.333333333333336,8.333333333333334,0.6675,51.70068027210884,65.26086956521739,0.0599600266489007,50.0,31.25,44.23076923076923,46.17486338797814,11.748633879781421,67.21311475409837,88.61386138613861,36.46864686468647,32.67326732673268,68.24257425742574,22.745901639344265,42.82786885245902,,46.402369745171235,6.0,3.7623762376237617,56.164745982795,45.37125340014588,1.031116345025353,0.5155581725126765,2.4686332225776617,49.38656114026158
455998,Mihail Caimacov,Slaven Koprivnica,Midfielder,27,Moldova,28.0,1491.0,0.0,1.0,16.0,3.0,549.0,81.06,27.0,12.0,210.0,93.0,6.0,0.0,6.79,37.0,16.0,21.0,39.0,32.0,10.0,56.0,33.0,23.0,13.0,12.0,0.0,0.0,20.0,6.0,0.0,0.0,0.0603621730382293,0.96579476861167,0.1810865191146881,33.138832997987926,1.6297786720321932,0.7243460764587525,0.3621730382293762,2.233400402414487,0.96579476861167,1.267605633802817,2.3541247484909458,1.93158953722334,0.6036217303822937,3.380281690140845,1.9919517102615691,1.3883299798792756,0.7847082494969819,0.7243460764587525,0.0,1.2072434607645874,21.428571428571427,18.75,0.0,0.8106,44.285714285714285,53.25,0.0603621730382293,43.24324324324324,31.25,58.92857142857143,21.85792349726776,48.08743169398907,34.42622950819672,13.861386138613867,71.94719471947195,67.12871287128712,30.54455445544554,61.47540983606557,46.106557377049185,,32.69761402369745,0.0,3.722772277227723,36.42038630092517,51.30896541384557,-18.611351390148123,0.0,0.0,32.69761402369745
73639,Marko Kolar,Gorica,Attacker,31,Croatia,24.0,1489.0,5.0,1.0,31.0,14.0,267.0,75.66,9.0,3.0,128.0,57.0,4.0,0.0,7.01,16.0,5.0,6.0,23.0,0.0,0.0,15.0,9.0,12.0,19.0,16.0,0.0,0.0,19.0,5.0,0.0,0.3022162525184688,0.0604432505036937,1.8737407656145064,0.8462055070517126,16.138347884486233,0.5439892545332438,0.1813297515110812,0.241773002014775,0.9670920080591,0.3022162525184688,0.3626595030221625,1.3901947615849564,0.0,0.0,0.9066487575554064,0.5439892545332438,0.7253190060443251,1.148421759570181,0.9670920080591,0.0,1.148421759570181,20.83333333333333,45.16129032258065,16.129032258064516,0.7565999999999999,44.53125,62.04166666666666,0.3626595030221625,31.25,0.0,60.0,73.33333333333333,38.18181818181818,32.72727272727273,39.10891089108911,40.59405940594059,24.554455445544555,23.09405940594059,19.090909090909086,34.772727272727266,,47.18361836183618,0.0,3.6831683168316833,50.866786678667864,44.70718855697045,2.476429804865731,1.2382149024328655,2.8006656441653774,51.222498908434424
37596443,Rokas Pukstas,Hajduk Split,Midfielder,21,United States,30.0,1461.0,1.0,1.0,28.0,5.0,491.0,70.67,33.0,18.0,305.0,165.0,5.0,0.0,6.96,27.0,14.0,9.0,33.0,6.0,1.0,27.0,15.0,17.0,87.0,8.0,0.0,0.0,18.0,9.0,0.0,0.0616016427104722,0.0616016427104722,1.7248459958932238,0.3080082135523614,30.246406570841888,2.0328542094455853,1.108829568788501,0.3080082135523614,1.6632443531827514,0.8624229979466119,0.5544147843942505,2.0328542094455853,0.3696098562628336,0.0616016427104722,1.6632443531827514,0.9240246406570842,1.0472279260780288,5.359342915811088,0.4928131416837782,0.0,1.108829568788501,30.0,17.857142857142858,3.571428571428572,0.7067,54.09836065573771,48.7,0.1232032854209445,51.851851851851855,16.666666666666668,55.55555555555556,44.26229508196721,30.601092896174862,63.9344262295082,24.752475247524757,78.63036303630363,39.207920792079214,60.2970297029703,45.49180327868852,46.10655737704918,,44.11459178704756,4.0,3.643564356435644,51.758156143483205,49.584473497440825,-5.469881710393267,0.0,0.36202317393019,44.47661496097775
4187891,Toni Kolega,Šibenik,Attacker,27,Croatia,25.0,1460.0,0.0,1.0,9.0,1.0,501.0,57.68,42.0,22.0,130.0,79.0,1.0,0.0,6.79,18.0,6.0,11.0,21.0,30.0,6.0,126.0,30.0,8.0,10.0,29.0,0.0,0.0,27.0,6.0,0.0,0.0,0.0616438356164383,0.5547945205479452,0.0616438356164383,30.883561643835616,2.589041095890411,1.356164383561644,0.0616438356164383,1.1095890410958904,0.3698630136986301,0.678082191780822,1.2945205479452055,1.8493150684931507,0.3698630136986301,7.767123287671233,1.8493150684931507,0.4931506849315068,0.6164383561643836,1.7876712328767124,0.0,1.6643835616438356,24.0,11.11111111111111,0.0,0.5768,60.76923076923077,58.4,0.0616438356164383,33.333333333333336,20.0,23.80952380952381,4.242424242424242,40.6060606060606,98.7878787878788,88.11881188118812,42.65676567656766,39.10891089108911,65.94059405940594,37.72727272727273,74.16666666666667,,51.902790279027904,0.0,3.603960396039604,55.50675067506751,45.37125340014588,6.531536878882022,3.265768439441011,2.4686332225776617,57.63719194104658
198710,Petar Pusic,Osijek,Midfielder,27,Switzerland,27.0,1454.0,3.0,3.0,28.0,9.0,781.0,85.92,12.0,5.0,119.0,43.0,3.0,0.0,6.99,31.0,17.0,3.0,10.0,57.0,19.0,62.0,47.0,30.0,5.0,4.0,0.0,0.0,23.0,7.0,0.0,0.1856946354883081,0.1856946354883081,1.7331499312242091,0.5570839064649243,48.34250343878955,0.7427785419532325,0.3094910591471801,0.1856946354883081,1.918844566712517,1.052269601100413,0.1856946354883081,0.6189821182943603,3.5281980742778543,1.176066024759285,3.837689133425034,2.909215955983494,1.856946354883081,0.3094910591471801,0.2475928473177441,0.0,1.423658872077029,25.925925925925927,32.142857142857146,10.714285714285714,0.8592,36.134453781512605,53.851851851851855,0.3713892709766162,54.83870967741935,33.333333333333336,75.80645161290323,76.22950819672131,85.79234972677595,4.371584699453552,54.95049504950495,63.53135313531354,86.63366336633665,7.549504950495049,77.8688524590164,44.193989071038246,,55.413082291835735,0.0,3.5643564356435644,58.9774387274793,52.198656341043936,3.2144259507917994,1.6072129753958997,0.0,57.02029526723163
37667026,Igor Lepinjica,Slaven Koprivnica,Attacker,26,Croatia,25.0,1397.0,2.0,1.0,20.0,7.0,373.0,73.46,25.0,5.0,226.0,87.0,2.0,0.0,6.86,35.0,14.0,12.0,22.0,12.0,3.0,20.0,12.0,13.0,27.0,5.0,0.0,0.0,15.0,8.0,0.0,0.1288475304223335,0.0644237652111667,1.2884753042233357,0.4509663564781675,24.03006442376521,1.6105941302791698,0.3221188260558339,0.1288475304223335,2.2548317823908377,0.901932712956335,0.7730851825340014,1.4173228346456692,0.7730851825340014,0.1932712956335003,1.2884753042233357,0.7730851825340014,0.8375089477451683,1.7394416607015033,0.3221188260558339,0.0,0.9663564781675018,32.0,35.0,10.0,0.7345999999999999,38.49557522123894,55.88,0.1932712956335003,40.0,25.0,60.0,34.54545454545454,50.30303030303029,43.63636363636363,68.8118811881188,61.46864686468646,35.04950495049504,30.12376237623762,40.45454545454546,47.95454545454545,,45.42664266426641,0.0,3.5247524752475248,48.951395139513934,51.30896541384557,-5.88232274957916,0.0,0.0,45.42664266426641
7346393,Aleksa Latkovic,Varaždin,Midfielder,25,Montenegro,25.0,1392.0,2.0,0.0,22.0,8.0,394.0,73.86,35.0,8.0,206.0,92.0,3.0,0.0,6.78,60.0,29.0,10.0,23.0,22.0,5.0,20.0,10.0,16.0,3.0,4.0,3.0,0.0,11.0,9.0,0.0,0.1293103448275862,0.0,1.4224137931034482,0.5172413793103449,25.474137931034484,2.2629310344827585,0.5172413793103449,0.1939655172413793,3.8793103448275854,1.875,0.646551724137931,1.487068965517241,1.4224137931034482,0.3232758620689655,1.293103448275862,0.646551724137931,1.0344827586206895,0.1939655172413793,0.2586206896551724,0.1939655172413793,0.7112068965517241,36.0,36.36363636363637,9.090909090909092,0.7386,44.66019417475728,55.68,0.1293103448275862,48.333333333333336,22.727272727272727,50.0,65.30054644808743,18.852459016393443,40.43715846994535,51.48514851485149,76.56765676567657,40.99009900990099,27.772277227722775,44.87704918032787,32.30874316939891,,42.52556403181302,0.0,3.4851485148514856,46.01071254666451,48.29913047958605,-5.773566447773028,0.0,1.0046946828575791,43.530258714670595
84515,Gregor Sikosek,Gorica,Defender,32,Slovenia,16.0,1381.0,0.0,1.0,6.0,1.0,407.0,69.78,37.0,11.0,149.0,80.0,3.0,0.0,6.91,13.0,7.0,17.0,17.0,26.0,6.0,63.0,22.0,7.0,20.0,41.0,0.0,0.0,22.0,6.0,0.0,0.0,0.0651701665459811,0.391020999275887,0.0651701665459811,26.52425778421434,2.411296162201304,0.7168718320057929,0.1955104996379435,0.8472121650977552,0.4561911658218682,1.10789283128168,1.10789283128168,1.6944243301955104,0.391020999275887,4.105720492396814,1.4337436640115857,0.4561911658218682,1.3034033309196236,2.671976828385228,0.0,1.4337436640115857,37.5,16.666666666666668,0.0,0.6978,53.69127516778524,86.3125,0.0651701665459811,53.84615384615385,23.07692307692308,34.92063492063492,27.777777777777782,28.240740740740744,43.51851851851851,50.495049504950494,59.40594059405941,37.32673267326733,60.09900990099009,53.125,33.04398148148148,,34.91061606160616,0.0,3.4455445544554455,38.35616061606161,44.70718855697045,-9.796572495364288,0.0,2.8006656441653774,37.71128170577154
3862681,Marco Pašalić,Rijeka,Attacker,25,Croatia,19.0,1372.0,4.0,3.0,45.0,17.0,382.0,76.18,18.0,9.0,168.0,74.0,2.0,0.0,7.24,61.0,30.0,18.0,16.0,59.0,17.0,45.0,31.0,22.0,10.0,2.0,0.0,0.0,7.0,13.0,0.0,0.2623906705539358,0.1967930029154519,2.9518950437317786,1.1151603498542273,25.058309037900877,1.1807580174927117,0.5903790087463557,0.1311953352769679,4.001457725947522,1.967930029154519,1.1807580174927117,1.0495626822157431,3.870262390670554,1.1151603498542273,2.9518950437317786,2.0335276967930027,1.4431486880466473,0.6559766763848397,0.1311953352769679,0.0,0.4591836734693877,68.42105263157895,37.77777777777778,8.88888888888889,0.7618,44.04761904761905,72.21052631578948,0.4591836734693877,49.18032786885246,28.8135593220339,68.88888888888889,65.15151515151517,73.33333333333333,56.96969696969697,68.31683168316832,70.04950495049505,61.08910891089109,21.287128712871286,84.54545454545455,67.80303030303031,,65.46804680468047,0.0,3.405940594059406,68.87398739873987,51.55523601085063,13.912810793829841,6.956405396914921,0.0,72.42445220159539
183400,Lovro Cvek,Šibenik,Midfielder,31,Croatia,16.0,1354.0,0.0,0.0,9.0,1.0,598.0,75.75,26.0,13.0,131.0,67.0,3.0,1.0,6.84,6.0,5.0,9.0,20.0,13.0,4.0,139.0,67.0,6.0,16.0,58.0,0.0,0.0,24.0,2.0,0.0,0.0,0.0,0.5982274741506647,0.0664697193500738,39.74889217134417,1.7282127031019203,0.8641063515509602,0.2658788774002954,0.3988183161004431,0.3323485967503692,0.5982274741506647,1.329394387001477,0.8641063515509602,0.2658788774002954,9.239290989660264,4.453471196454949,0.3988183161004431,1.0635155096011817,3.855243722304284,0.0,1.5952732644017724,12.5,11.11111111111111,0.0,0.7575,51.14503816793893,84.625,0.0,83.33333333333333,30.76923076923077,48.20143884892087,14.207650273224042,37.978142076502735,51.91256830601093,34.15841584158416,64.68646864686468,56.633663366336634,54.43069306930693,39.959016393442624,51.36612021857924,,34.64534978087973,0.0,3.366336633663366,38.01168641454309,45.37125340014588,-10.725903619266155,0.0,2.4686332225776617,37.11398300345739
37512280,Niko Galesic,Rijeka,Defender,25,Croatia,16.0,1338.0,2.0,1.0,9.0,4.0,764.0,82.46,20.0,22.0,112.0,59.0,3.0,1.0,7.27,6.0,5.0,4.0,12.0,3.0,0.0,171.0,86.0,5.0,22.0,49.0,0.0,0.0,5.0,12.0,0.0,0.1345291479820627,0.0672645739910313,0.6053811659192825,0.2690582959641255,51.39013452914798,1.345291479820628,1.4798206278026906,0.2690582959641255,0.4035874439461883,0.336322869955157,0.2690582959641255,0.8071748878923767,0.2017937219730941,0.0,11.502242152466367,5.7847533632287,0.336322869955157,1.4798206278026906,3.295964125560538,0.0,0.336322869955157,75.0,44.44444444444444,22.22222222222222,0.8245999999999999,52.67857142857143,83.625,0.2017937219730941,83.33333333333333,0.0,50.29239766081872,93.05555555555554,71.75925925925925,47.68518518518518,33.66336633663366,55.94059405940593,60.0,61.33663366336634,64.58333333333333,59.25925925925925,,67.11633663366337,0.0,3.326732673267327,70.4430693069307,51.55523601085063,15.561100622812738,7.780550311406369,0.0,74.89688694506974
37325018,Emin Hasic,Osijek,Defender,23,Sweden,15.0,1320.0,2.0,1.0,4.0,3.0,682.0,74.49,38.0,20.0,151.0,85.0,5.0,0.0,7.09,2.0,1.0,19.0,9.0,6.0,1.0,119.0,44.0,5.0,37.0,52.0,0.0,0.0,17.0,5.0,0.0,0.1363636363636363,0.0681818181818181,0.2727272727272727,0.2045454545454545,46.5,2.590909090909091,1.3636363636363635,0.3409090909090909,0.1363636363636363,0.0681818181818181,1.2954545454545454,0.6136363636363636,0.4090909090909091,0.0681818181818181,8.113636363636363,3.0,0.3409090909090909,2.522727272727273,3.5454545454545454,0.0,1.1590909090909092,33.333333333333336,75.0,50.0,0.7448999999999999,56.29139072847682,88.0,0.2045454545454545,50.0,16.666666666666668,36.97478991596638,92.12962962962963,53.24074074074073,70.83333333333333,19.306930693069305,35.64356435643565,49.9009900990099,78.14356435643563,52.43055555555556,59.201388888888886,,66.79180418041803,0.0,3.287128712871287,70.07893289328932,52.198656341043936,14.59314783937409,7.296573919687045,0.0,74.08837810010507
37529453,Elvir Durakovic,Šibenik,Defender,26,Bosnia and Herzegovina,17.0,1315.0,0.0,1.0,12.0,3.0,440.0,67.05,30.0,9.0,141.0,80.0,1.0,0.0,7.0,38.0,16.0,6.0,23.0,62.0,20.0,86.0,32.0,20.0,12.0,50.0,0.0,0.0,19.0,2.0,0.0,0.0,0.0684410646387832,0.8212927756653993,0.2053231939163498,30.11406844106464,2.053231939163498,0.6159695817490495,0.0684410646387832,2.6007604562737643,1.0950570342205324,0.4106463878326996,1.5741444866920151,4.243346007604563,1.368821292775665,5.885931558935361,2.1901140684410647,1.368821292775665,0.8212927756653993,3.4220532319391634,0.0,1.300380228136882,11.764705882352942,25.0,0.0,0.6705,56.737588652482266,77.3529411764706,0.0684410646387832,42.10526315789474,32.25806451612903,37.2093023255814,45.370370370370374,29.62962962962963,45.370370370370374,85.64356435643565,68.31683168316833,58.21782178217821,57.59900990099009,77.08333333333334,41.08796296296296,,44.67546754675468,0.0,3.2475247524752477,47.92299229922993,45.37125340014588,-0.6957858533912002,0.0,2.4686332225776617,47.14410076933234
540670,Iker Pozo,Šibenik,Midfielder,25,Spain,19.0,1302.0,0.0,0.0,7.0,1.0,531.0,80.23,39.0,20.0,179.0,105.0,7.0,0.0,7.01,27.0,15.0,6.0,26.0,7.0,2.0,41.0,19.0,6.0,26.0,29.0,0.0,0.0,17.0,2.0,0.0,0.0,0.0,0.4838709677419355,0.0691244239631336,36.70506912442397,2.695852534562212,1.3824884792626728,0.4838709677419355,1.8663594470046083,1.036866359447005,0.4147465437788018,1.7972350230414746,0.4838709677419355,0.1382488479262673,2.834101382488479,1.3133640552995391,0.4147465437788018,1.7972350230414746,2.0046082949308754,0.0,1.1751152073732718,10.526315789473683,14.285714285714286,0.0,0.8023,58.659217877094974,68.52631578947368,0.0,55.55555555555556,28.571428571428573,46.34146341463415,14.754098360655737,40.7103825136612,85.24590163934425,4.950495049504951,82.01320132013201,46.63366336633664,72.27722772277227,35.86065573770492,60.86065573770492,,42.70816425904885,0.0,3.2079207920792085,45.91608505112806,45.37125340014588,-2.663089141097032,0.0,2.4686332225776617,45.17679748162651
73489,Ivan Filipovic,Dinamo Zagreb,Goalkeeper,31,Croatia,14.0,1260.0,0.0,0.0,1.0,0.0,420.0,68.1,0.0,0.0,5.0,4.0,2.0,0.0,6.77,1.0,0.0,0.0,1.0,0.0,0.0,236.0,106.0,0.0,3.0,18.0,32.0,21.0,19.0,2.0,0.0,0.0,0.0,0.0714285714285714,0.0,30.0,0.0,0.0,0.1428571428571428,0.0714285714285714,0.0,0.0,0.0714285714285714,0.0,0.0,16.857142857142858,7.571428571428571,0.0,0.2142857142857142,1.2857142857142858,2.2857142857142856,1.3571428571428572,14.285714285714286,0.0,0.0,0.6809999999999999,80.0,90.0,0.0,0.0,0.0,44.91525423728814,53.57142857142858,67.85714285714285,41.666666666666664,67.82178217821783,3.9603960396039604,34.306930693069305,29.03465346534654,53.57142857142857,56.10119047619048,40.0,55.71074964639321,0.0,3.1683168316831685,58.87906647807638,63.406236779025285,-7.695487132632074,0.0,0.0,55.71074964639321
37356253,Dušan Vuković,Lokomotiva Zagreb,Attacker,23,Montenegro,24.0,1259.0,2.0,3.0,26.0,12.0,274.0,67.88,26.0,15.0,189.0,81.0,2.0,0.0,6.86,46.0,20.0,5.0,15.0,17.0,5.0,16.0,5.0,9.0,21.0,11.0,0.0,0.0,23.0,4.0,0.0,0.1429706115965051,0.2144559173947577,1.858617950754567,0.857823669579031,19.58697378872121,1.858617950754567,1.072279586973789,0.1429706115965051,3.288324066719619,1.4297061159650517,0.3574265289912629,1.072279586973789,1.215250198570294,0.3574265289912629,1.1437648927720414,0.3574265289912629,0.6433677521842732,1.5011914217633042,0.7863383637807784,0.0,1.6441620333598097,16.666666666666668,46.15384615384615,7.6923076923076925,0.6788,42.85714285714285,52.458333333333336,0.3574265289912629,43.47826086956522,29.41176470588235,31.25,42.42424242424243,45.454545454545446,73.63636363636364,67.32673267326732,63.69636963696369,27.12871287128713,46.683168316831676,55.45454545454545,47.95454545454545,,55.187218721872185,0.0,3.128712871287129,58.31593159315931,47.31337146692811,7.873847254944074,3.936923627472037,1.4975741891865475,60.62171653853078
21054114,Bartol Franjic,Dinamo Zagreb,Defender,26,Croatia,15.0,1254.0,0.0,1.0,12.0,3.0,657.0,85.24,21.0,18.0,127.0,68.0,3.0,0.0,7.12,34.0,12.0,5.0,15.0,28.0,6.0,53.0,16.0,13.0,23.0,29.0,0.0,0.0,13.0,7.0,0.0,0.0,0.0717703349282296,0.861244019138756,0.215311004784689,47.15311004784689,1.507177033492823,1.291866028708134,0.215311004784689,2.4401913875598087,0.861244019138756,0.3588516746411483,1.076555023923445,2.0095693779904304,0.430622009569378,3.803827751196173,1.1483253588516746,0.9330143540669856,1.6507177033492824,2.0813397129186604,0.0,0.9330143540669856,46.66666666666666,25.0,0.0,0.8523999999999999,53.54330708661417,83.6,0.0717703349282296,35.294117647058826,21.428571428571427,30.18867924528302,46.2962962962963,74.53703703703705,48.14814814814815,45.54455445544554,52.3927392739274,65.94059405940595,60.445544554455445,67.01388888888889,54.28240740740741,,55.248899889989,0.0,3.0693069306930694,58.318206820682065,63.406236779025285,-8.157336889036287,0.0,0.0,55.248899889989
1486200,Arbër Hoxha,Dinamo Zagreb,Attacker,27,Kosovo,31.0,1254.0,3.0,3.0,32.0,15.0,391.0,87.47,12.0,10.0,159.0,69.0,1.0,0.0,6.94,51.0,25.0,8.0,21.0,39.0,7.0,15.0,11.0,16.0,12.0,3.0,0.0,0.0,19.0,10.0,0.0,0.215311004784689,0.215311004784689,2.2966507177033493,1.076555023923445,28.0622009569378,0.861244019138756,0.7177033492822966,0.0717703349282296,3.660287081339713,1.7942583732057416,0.5741626794258373,1.507177033492823,2.799043062200957,0.5023923444976076,1.076555023923445,0.7894736842105263,1.1483253588516746,0.861244019138756,0.215311004784689,0.0,1.3636363636363635,32.25806451612903,46.875,9.375,0.8747,43.39622641509434,40.45161290322581,0.430622009569378,49.01960784313726,17.94871794871795,73.33333333333333,63.333333333333336,89.09090909090908,51.51515151515152,84.65346534653466,76.4026402640264,59.10891089108911,22.2029702970297,68.18181818181817,62.57575757575758,,69.64716471647164,0.0,3.0693069306930694,72.71647164716471,63.406236779025285,6.240927937446351,3.1204639687231754,0.0,72.76762868519481
62765,Samy Mmaee,Dinamo Zagreb,Defender,29,Morocco,15.0,1240.0,1.0,0.0,4.0,1.0,1062.0,88.98,11.0,17.0,59.0,31.0,3.0,0.0,7.03,2.0,1.0,2.0,2.0,1.0,0.0,124.0,66.0,2.0,17.0,49.0,0.0,0.0,20.0,4.0,0.0,0.0725806451612903,0.0,0.2903225806451613,0.0725806451612903,77.08064516129032,0.7983870967741935,1.2338709677419355,0.2177419354838709,0.1451612903225806,0.0725806451612903,0.1451612903225806,0.1451612903225806,0.0725806451612903,0.0,9.0,4.790322580645161,0.1451612903225806,1.2338709677419355,3.556451612903226,0.0,1.4516129032258065,26.666666666666668,25.0,25.0,0.8898,52.54237288135593,82.66666666666667,0.0725806451612903,50.0,0.0,53.2258064516129,68.51851851851852,74.07407407407408,30.092592592592595,44.059405940594054,28.217821782178216,62.77227722772277,52.351485148514854,34.375,52.893518518518526,,56.21149614961496,0.0,3.00990099009901,59.22139713971397,63.406236779025285,-7.194740629410326,0.0,0.0,56.21149614961496
160244,Komnen Andric,Rijeka,Attacker,31,Serbia,15.0,1234.0,2.0,2.0,25.0,5.0,325.0,72.31,17.0,6.0,204.0,105.0,1.0,0.0,7.15,12.0,7.0,5.0,34.0,7.0,3.0,18.0,13.0,13.0,47.0,14.0,0.0,0.0,20.0,3.0,0.0,0.1458670988654781,0.1458670988654781,1.8233387358184765,0.3646677471636953,23.703403565640198,1.239870340356564,0.4376012965964344,0.072933549432739,0.8752025931928687,0.5105348460291734,0.3646677471636953,2.479740680713128,0.5105348460291734,0.2188006482982172,1.312803889789303,0.9481361426256076,0.9481361426256076,3.427876823338736,1.0210696920583469,0.0,1.4586709886547813,20.0,20.0,8.0,0.7231000000000001,51.47058823529412,82.26666666666667,0.2917341977309562,58.333333333333336,42.85714285714285,72.22222222222223,28.181818181818183,58.18181818181818,68.48484848484848,84.15841584158416,77.22772277227722,37.62376237623762,49.40594059405941,45.45454545454545,62.42424242424242,,54.87038703870387,0.0,2.9702970297029703,57.84068406840684,51.55523601085063,3.31515102785324,1.65757551392662,0.0,56.527962552630484
52889,Josip Radosevic,Istra 1961,Midfielder,32,Croatia,15.0,1230.0,0.0,3.0,2.0,1.0,594.0,84.01,30.0,15.0,92.0,52.0,2.0,0.0,7.1,11.0,6.0,8.0,9.0,25.0,9.0,64.0,33.0,12.0,7.0,20.0,0.0,0.0,8.0,9.0,0.0,0.0,0.2195121951219512,0.1463414634146341,0.073170731707317,43.46341463414634,2.1951219512195124,1.0975609756097562,0.1463414634146341,0.8048780487804879,0.4390243902439024,0.5853658536585366,0.6585365853658537,1.829268292682927,0.6585365853658537,4.682926829268292,2.414634146341464,0.8780487804878049,0.5121951219512195,1.4634146341463414,0.0,0.5853658536585366,60.0,50.0,0.0,0.8401000000000001,56.52173913043478,82.0,0.2195121951219512,54.54545454545455,36.0,51.5625,15.300546448087431,80.327868852459,72.6775956284153,65.5940594059406,51.65016501650165,71.78217821782178,56.00247524752476,61.885245901639344,69.74043715846994,,57.05120921928258,0.0,2.9306930693069306,59.98190228858952,49.340686507175306,7.710522712107277,3.8552613560536386,0.4839166690629497,61.39038724439917
9938999,Agon Elezi,Gorica,Midfielder,25,Macedonia,16.0,1226.0,2.0,0.0,14.0,5.0,383.0,75.72,22.0,13.0,127.0,58.0,2.0,0.0,6.87,9.0,6.0,10.0,18.0,6.0,1.0,42.0,19.0,3.0,14.0,24.0,0.0,0.0,16.0,6.0,0.0,0.1468189233278956,0.0,1.0277324632952691,0.367047308319739,28.115823817292007,1.6150081566068517,0.9543230016313212,0.1468189233278956,0.6606851549755302,0.4404567699836867,0.734094616639478,1.3213703099510603,0.4404567699836867,0.0734094616639478,3.0831973898858074,1.394779771615008,0.2202283849918433,1.0277324632952691,1.761827079934747,0.0,1.1745513866231647,37.5,35.714285714285715,14.285714285714286,0.7572,45.669291338582674,76.625,0.1468189233278956,66.66666666666667,16.666666666666668,45.23809523809524,70.76502732240436,26.502732240437155,41.80327868852459,64.60396039603961,66.41914191419141,34.15841584158416,46.29950495049504,25.614754098360656,33.40163934426229,,48.1817075150138,0.0,2.8910891089108914,51.07279662392469,44.70718855697045,3.4745189580433475,1.7372594790216738,2.8006656441653774,52.71963263820085
37550997,Moreno Zivkovic,Lokomotiva Zagreb,Defender,22,Croatia,14.0,1212.0,0.0,0.0,3.0,0.0,609.0,85.22,20.0,14.0,98.0,63.0,2.0,0.0,7.03,4.0,4.0,3.0,11.0,3.0,0.0,75.0,34.0,5.0,30.0,43.0,0.0,0.0,16.0,4.0,0.0,0.0,0.0,0.2227722772277227,0.0,45.222772277227726,1.4851485148514851,1.0396039603960396,0.1485148514851485,0.297029702970297,0.297029702970297,0.2227722772277227,0.8168316831683168,0.2227722772277227,0.0,5.569306930693069,2.5247524752475248,0.3712871287128713,2.227722772277228,3.193069306930693,0.0,1.188118811881188,28.571428571428573,0.0,0.0,0.8522,64.28571428571429,86.57142857142857,0.0,100.0,0.0,45.333333333333336,21.527777777777782,53.7037037037037,61.11111111111111,63.86138613861386,56.848184818481855,53.56435643564356,71.06435643564356,39.93055555555556,59.72222222222222,,47.28891639163916,2.0,2.8514851485148514,52.140401540154016,47.31337146692811,-0.02445507528894808,0.0,1.4975741891865475,48.78649058082571
28932717,Renan Guedes,Osijek,Defender,28,Brazil,16.0,1201.0,0.0,0.0,4.0,0.0,397.0,70.53,19.0,10.0,110.0,61.0,1.0,0.0,6.8,20.0,8.0,5.0,19.0,41.0,11.0,60.0,17.0,6.0,15.0,36.0,0.0,0.0,20.0,3.0,0.0,0.0,0.0,0.2997502081598668,0.0,29.750208159866776,1.4238134887593672,0.7493755203996669,0.0749375520399667,1.498751040799334,0.5995004163197336,0.3746877601998334,1.4238134887593672,3.0724396336386346,0.8243130724396336,4.496253122398001,1.273938384679434,0.4496253122398002,1.1240632805995003,2.697751873438801,0.0,1.498751040799334,18.75,0.0,0.0,0.7053,55.45454545454545,75.0625,0.0,40.0,26.82926829268293,28.33333333333333,21.527777777777782,16.666666666666668,31.944444444444446,83.16831683168317,56.18811881188119,43.76237623762376,54.2079207920792,45.833333333333336,27.430555555555557,,29.35849834983499,0.0,2.8118811881188117,32.1703795379538,52.198656341043936,-22.840157991208947,0.0,0.0,29.35849834983499
109643,Hernâni,Osijek,Attacker,34,Portugal,23.0,1191.0,6.0,3.0,42.0,19.0,201.0,67.66,7.0,3.0,90.0,40.0,0.0,0.0,7.11,20.0,9.0,3.0,21.0,84.0,23.0,25.0,6.0,20.0,5.0,5.0,0.0,0.0,16.0,5.0,0.0,0.4534005037783375,0.2267002518891687,3.1738035264483626,1.4357682619647356,15.188916876574307,0.5289672544080605,0.2267002518891687,0.0,1.5113350125944585,0.6801007556675063,0.2267002518891687,1.5869017632241813,6.347607052896725,1.7380352644836272,1.889168765743073,0.4534005037783375,1.5113350125944585,0.3778337531486146,0.3778337531486146,0.0,1.2090680100755669,21.73913043478261,45.23809523809524,14.285714285714286,0.6766,44.44444444444444,51.78260869565217,0.6801007556675063,45.0,27.38095238095238,24.0,87.87878787878788,41.81818181818182,33.93939393939394,96.2871287128713,64.27392739273928,42.87128712871287,13.576732673267324,72.27272727272728,35.6060606060606,,58.719621962196214,0.0,2.772277227722772,61.49189918991899,52.198656341043936,6.520965621152278,3.260482810576139,0.0,61.98010477277235
73257,Slavko Blagojević,Istra 1961,Midfielder,39,Croatia,16.0,1173.0,0.0,0.0,8.0,1.0,533.0,74.86,26.0,19.0,145.0,73.0,6.0,0.0,6.81,3.0,2.0,11.0,30.0,7.0,3.0,96.0,49.0,8.0,15.0,20.0,0.0,0.0,18.0,5.0,0.0,0.0,0.0,0.6138107416879796,0.0767263427109974,40.89514066496164,1.9948849104859332,1.4578005115089514,0.4603580562659846,0.2301790281329923,0.1534526854219949,0.8439897698209718,2.301790281329924,0.5370843989769821,0.2301790281329923,7.365728900255754,3.7595907928388743,0.6138107416879796,1.1508951406649617,1.5345268542199488,0.0,1.381074168797954,31.25,12.5,0.0,0.7486,50.3448275862069,73.3125,0.0,66.66666666666667,42.85714285714285,51.04166666666666,15.846994535519125,37.978142076502735,64.48087431693989,5.445544554455452,66.74917491749174,57.128712871287135,56.55940594059406,37.09016393442623,58.87978142076503,,36.036357734134064,0.0,2.732673267326733,38.769031001460796,49.340686507175306,-13.304328773041242,0.0,0.4839166690629497,36.520274403197014
24837955,Styopa Mkrtchyan,Osijek,Defender,23,Armenia,17.0,1150.0,0.0,0.0,3.0,0.0,554.0,84.48,18.0,8.0,94.0,48.0,1.0,0.0,6.86,3.0,2.0,10.0,8.0,0.0,0.0,80.0,27.0,3.0,21.0,87.0,0.0,0.0,16.0,4.0,0.0,0.0,0.0,0.2347826086956521,0.0,43.35652173913044,1.4086956521739131,0.6260869565217392,0.0782608695652174,0.2347826086956521,0.1565217391304348,0.782608695652174,0.6260869565217392,0.0,0.0,6.260869565217392,2.1130434782608694,0.2347826086956521,1.6434782608695653,6.808695652173913,0.0,1.2521739130434784,23.529411764705884,0.0,0.0,0.8448,51.06382978723404,67.6470588235294,0.0,66.66666666666667,0.0,33.75,21.527777777777782,50.0,22.222222222222225,82.17821782178218,45.95709570957095,48.71287128712871,58.21782178217822,32.638888888888886,34.72222222222223,,36.34282178217822,0.0,2.6930693069306932,39.035891089108915,52.198656341043936,-15.855834558865716,0.0,0.0,36.34282178217822
15062015,Abdoulie Sanyang,Hajduk Split,Attacker,27,Gambia,22.0,1145.0,2.0,1.0,25.0,4.0,250.0,71.2,23.0,5.0,177.0,77.0,4.0,0.0,6.8,61.0,25.0,12.0,22.0,30.0,8.0,21.0,11.0,10.0,5.0,5.0,3.0,0.0,14.0,8.0,0.0,0.1572052401746725,0.0786026200873362,1.965065502183406,0.314410480349345,19.650655021834066,1.8078602620087336,0.3930131004366812,0.314410480349345,4.794759825327511,1.965065502183406,0.9432314410480348,1.7292576419213974,2.3580786026200875,0.62882096069869,1.6506550218340612,0.8646288209606987,0.7860262008733624,0.3930131004366812,0.3930131004366812,0.2358078602620087,1.100436681222707,36.36363636363637,16.0,8.0,0.7120000000000001,43.50282485875706,52.04545454545455,0.2358078602620087,40.98360655737705,26.666666666666668,52.38095238095238,28.181818181818183,36.36363636363637,60.0,23.26732673267327,72.93729372937294,38.01980198019802,22.103960396039604,53.63636363636363,51.59090909090909,,39.6903690369037,0.0,2.6534653465346536,42.34383438343835,49.584473497440825,-9.894104460537129,0.0,0.36202317393019,40.05239221083389
24838179,Luka Skaricic,Varaždin,Defender,24,Croatia,19.0,1134.0,0.0,0.0,2.0,0.0,536.0,77.99,22.0,14.0,107.0,66.0,1.0,0.0,6.93,2.0,2.0,3.0,7.0,9.0,3.0,95.0,35.0,5.0,38.0,51.0,0.0,0.0,10.0,9.0,0.0,0.0,0.0,0.1587301587301587,0.0,42.53968253968254,1.746031746031746,1.1111111111111112,0.0793650793650793,0.1587301587301587,0.1587301587301587,0.238095238095238,0.5555555555555556,0.7142857142857143,0.238095238095238,7.5396825396825395,2.7777777777777777,0.3968253968253968,3.015873015873016,4.047619047619048,0.0,0.7936507936507936,47.36842105263158,0.0,0.0,0.7798999999999999,61.6822429906542,59.68421052631579,0.0,100.0,33.333333333333336,36.8421052631579,21.527777777777782,36.574074074074076,64.35185185185185,81.68316831683168,47.277227722772274,54.25742574257426,78.68811881188118,44.09722222222222,55.960648148148145,,44.904427942794285,0.0,2.6138613861386144,47.5182893289329,48.29913047958605,-3.394702536791762,0.0,1.0046946828575791,45.90912262565186
24993,Matthew Steenvoorden,Gorica,Defender,33,Netherlands,16.0,1126.0,0.0,0.0,1.0,0.0,454.0,82.6,13.0,15.0,81.0,40.0,1.0,0.0,6.91,2.0,0.0,7.0,2.0,0.0,0.0,80.0,34.0,6.0,25.0,76.0,0.0,0.0,16.0,6.0,0.0,0.0,0.0,0.0799289520426287,0.0,36.28774422735346,1.0390763765541742,1.1989342806394316,0.0799289520426287,0.1598579040852575,0.0,0.5595026642984015,0.1598579040852575,0.0,0.0,6.394316163410302,2.717584369449378,0.4795737122557726,1.9982238010657196,6.074600355239787,0.0,1.2788632326820604,37.5,0.0,0.0,0.826,49.38271604938272,70.375,0.0,0.0,0.0,42.5,21.527777777777782,40.74074074074074,30.555555555555557,81.1881188118812,4.9504950495049505,50.0990099009901,61.98019801980198,34.548611111111114,41.31944444444444,,35.966034103410344,0.0,2.5742574257425743,38.54029152915292,44.70718855697045,-8.741154453560107,0.0,2.8006656441653774,38.76669974757572
37533537,Novak Tepsic,Varaždin,Defender,24,Croatia,22.0,1115.0,0.0,0.0,4.0,0.0,528.0,76.14,33.0,18.0,108.0,70.0,3.0,0.0,6.95,9.0,6.0,10.0,11.0,1.0,0.0,100.0,38.0,1.0,20.0,41.0,0.0,0.0,7.0,11.0,0.0,0.0,0.0,0.3228699551569506,0.0,42.61883408071749,2.663677130044843,1.452914798206278,0.242152466367713,0.726457399103139,0.484304932735426,0.8071748878923767,0.8878923766816144,0.0807174887892376,0.0,8.071748878923767,3.067264573991032,0.0807174887892376,1.6143497757847534,3.309417040358744,0.0,0.5650224215246636,50.0,0.0,0.0,0.7614,64.81481481481481,50.68181818181818,0.0,66.66666666666667,0.0,38.0,21.527777777777782,33.7962962962963,87.73148148148148,38.613861386138616,60.808580858085804,42.871287128712865,79.65346534653466,44.09722222222222,62.44212962962963,,46.77805280528053,0.0,2.5346534653465347,49.31270627062707,48.29913047958605,-1.5210776743055163,0.0,1.0046946828575791,47.782747488138114
37356259,Michael Agbekpornu,Slaven Koprivnica,Midfielder,27,Ghana,18.0,1112.0,0.0,1.0,14.0,1.0,536.0,85.26,23.0,19.0,155.0,85.0,5.0,0.0,6.93,19.0,12.0,8.0,7.0,2.0,0.0,62.0,40.0,10.0,43.0,21.0,0.0,0.0,19.0,5.0,0.0,0.0,0.0809352517985611,1.1330935251798562,0.0809352517985611,43.381294964028775,1.8615107913669064,1.537769784172662,0.4046762589928057,1.537769784172662,0.9712230215827338,0.6474820143884892,0.5665467625899281,0.1618705035971223,0.0,5.017985611510792,3.237410071942446,0.8093525179856115,3.4802158273381294,1.6996402877697845,0.0,1.537769784172662,27.77777777777778,7.142857142857143,0.0,0.8526,54.83870967741935,61.77777777777778,0.0809352517985611,63.1578947368421,0.0,64.51612903225806,17.48633879781421,70.49180327868852,72.6775956284153,10.89108910891089,62.95379537953795,61.18811881188119,70.990099009901,60.04098360655738,71.17486338797815,,49.285830222366506,0.0,2.495049504950495,51.780879727317,51.30896541384557,-2.0231351914790636,0.0,0.0,49.285830222366506
75120,Ivan Roca,Šibenik,Midfielder,30,Croatia,27.0,1110.0,0.0,1.0,26.0,1.0,484.0,71.49,53.0,24.0,148.0,83.0,3.0,0.0,6.86,8.0,2.0,10.0,13.0,6.0,5.0,92.0,41.0,2.0,19.0,18.0,0.0,0.0,20.0,5.0,0.0,0.0,0.081081081081081,2.108108108108108,0.081081081081081,39.24324324324324,4.297297297297297,1.945945945945946,0.2432432432432432,0.6486486486486487,0.1621621621621621,0.8108108108108109,1.054054054054054,0.4864864864864865,0.4054054054054054,7.45945945945946,3.324324324324324,0.1621621621621621,1.5405405405405406,1.4594594594594594,0.0,1.6216216216216215,18.51851851851852,3.8461538461538463,0.0,0.7149,56.08108108108108,41.11111111111112,0.081081081081081,25.0,83.33333333333333,44.56521739130435,18.032786885245898,42.076502732240435,92.34972677595628,38.11881188118812,29.372937293729375,49.900990099009896,72.35148514851484,41.393442622950815,65.64207650273224,,49.549586106151594,0.0,2.4554455445544554,52.00503165070605,45.37125340014588,4.178332706005712,2.089166353002856,2.4686332225776617,54.10738568173211
37583451,Gabriel Rukavina,Rijeka,Attacker,22,Croatia,31.0,1100.0,3.0,1.0,14.0,7.0,290.0,73.1,14.0,6.0,132.0,66.0,2.0,0.0,6.86,29.0,13.0,4.0,24.0,16.0,3.0,22.0,6.0,9.0,14.0,10.0,0.0,0.0,5.0,16.0,0.0,0.2454545454545454,0.0818181818181818,1.1454545454545455,0.5727272727272728,23.727272727272727,1.1454545454545455,0.4909090909090909,0.1636363636363636,2.372727272727273,1.0636363636363635,0.3272727272727272,1.963636363636364,1.309090909090909,0.2454545454545454,1.8,0.4909090909090909,0.7363636363636363,1.1454545454545455,0.8181818181818182,0.0,0.4090909090909091,51.61290322580645,50.0,21.428571428571427,0.731,50.0,35.483870967741936,0.3272727272727272,44.82758620689656,18.75,27.272727272727277,64.24242424242424,48.78787878787878,63.03030303030303,61.13861386138614,73.26732673267327,32.32673267326733,34.04702970297029,48.63636363636363,52.99242424242424,,58.93204320432043,2.0,2.4158415841584158,63.347884788478844,51.55523601085063,7.376807193469801,3.6884035967349007,0.0,62.62044680105533
67827,Amer Gojak,Rijeka,Midfielder,29,Bosnia and Herzegovina,28.0,1088.0,0.0,2.0,13.0,4.0,401.0,80.55,22.0,9.0,131.0,59.0,5.0,0.0,6.78,22.0,7.0,5.0,15.0,41.0,13.0,38.0,20.0,21.0,19.0,17.0,0.0,0.0,5.0,16.0,0.0,0.0,0.1654411764705882,1.0753676470588236,0.3308823529411764,33.17095588235294,1.8198529411764703,0.7444852941176471,0.4136029411764705,1.8198529411764703,0.5790441176470589,0.4136029411764705,1.2408088235294117,3.391544117647059,1.0753676470588236,3.1433823529411766,1.6544117647058822,1.7371323529411764,1.5716911764705883,1.40625,0.0,0.4136029411764705,57.142857142857146,30.76923076923077,0.0,0.8055,45.038167938931295,38.85714285714285,0.1654411764705882,31.818181818181817,31.70731707317073,52.63157894736842,27.86885245901639,57.37704918032787,39.34426229508197,10.39603960396039,47.68976897689769,69.9009900990099,46.113861386138616,64.75409836065573,47.33606557377049,,38.4166531407239,0.0,2.376237623762376,40.79289076448628,51.55523601085063,-13.138582870126726,0.0,0.0,38.4166531407239
412433,Bruno Bogojevic,Rijeka,Attacker,28,Croatia,27.0,1087.0,0.0,1.0,13.0,2.0,268.0,57.46,47.0,11.0,160.0,83.0,3.0,0.0,6.84,21.0,6.0,17.0,14.0,35.0,3.0,64.0,20.0,5.0,15.0,27.0,0.0,0.0,5.0,17.0,0.0,0.0,0.0827966881324747,1.076356945722171,0.1655933762649494,22.18951241950322,3.891444342226311,0.9107635694572216,0.2483900643974241,1.7387304507819688,0.4967801287948482,1.40754369825207,1.1591536338546458,2.8978840846366145,0.2483900643974241,5.298988040478381,1.655933762649494,0.4139834406623735,1.2419503219871204,2.235510579576817,0.0,0.4139834406623735,62.96296296296296,15.384615384615383,0.0,0.5746,51.875,40.25925925925926,0.0827966881324747,28.571428571428573,8.571428571428571,31.25,4.848484848484848,26.060606060606062,93.93939393939394,36.633663366336634,42.161716171617165,27.524752475247528,61.48514851485149,40.90909090909091,64.46969696969697,,41.11791179117912,0.0,2.3366336633663365,43.45454545454545,51.55523601085063,-10.43732421967151,0.0,0.0,41.11791179117912
73278,Marko Pajac,Lokomotiva Zagreb,Defender,33,Croatia,17.0,1084.0,0.0,3.0,8.0,2.0,531.0,72.13,28.0,11.0,98.0,57.0,4.0,0.0,7.02,18.0,6.0,10.0,16.0,93.0,30.0,106.0,34.0,25.0,7.0,28.0,0.0,0.0,20.0,3.0,0.0,0.0,0.2490774907749077,0.6642066420664207,0.1660516605166051,44.086715867158674,2.3247232472324724,0.9132841328413284,0.3321033210332103,1.4944649446494465,0.4981549815498155,0.8302583025830258,1.328413284132841,7.72140221402214,2.4907749077490773,8.800738007380074,2.822878228782288,2.0756457564575648,0.5811808118081181,2.3247232472324724,0.0,1.6605166051660516,17.647058823529413,25.0,0.0,0.7212999999999999,58.16326530612245,63.76470588235294,0.2490774907749077,33.333333333333336,32.25806451612903,32.075471698113205,39.35185185185185,56.944444444444436,58.796296296296305,21.28712871287128,47.442244224422446,74.55445544554456,56.757425742574256,87.84722222222223,57.69675925925927,,48.6564906490649,0.0,2.297029702970297,50.9535203520352,47.31337146692811,1.343119182136789,0.6715595910683945,1.4975741891865475,50.825624429319845
21404384,Jurica Poldrugac,Varaždin,Midfielder,28,Croatia,29.0,1067.0,0.0,2.0,37.0,12.0,279.0,74.19,13.0,5.0,147.0,59.0,4.0,0.0,6.87,33.0,12.0,5.0,25.0,50.0,12.0,22.0,13.0,10.0,6.0,9.0,0.0,0.0,7.0,15.0,0.0,0.0,0.1686972820993439,3.120899718837863,1.0121836925960637,23.53327085285848,1.0965323336457358,0.4217432052483599,0.3373945641986879,2.783505154639175,1.0121836925960637,0.4217432052483599,2.1087160262418,4.217432052483599,1.0121836925960637,1.855670103092784,1.0965323336457358,0.8434864104967198,0.5060918462980318,0.7591377694470478,0.0,0.5904404873477038,51.72413793103448,32.432432432432435,0.0,0.7419,40.13605442176871,36.793103448275865,0.1686972820993439,36.36363636363637,24.0,59.09090909090909,42.62295081967213,39.34426229508197,9.83606557377049,19.80198019801979,67.16171617161716,47.128712871287135,16.78217821782178,54.09836065573771,18.0327868852459,,29.521181626359354,0.0,2.257425742574257,31.77860736893361,48.29913047958605,-18.777948853226693,0.0,1.0046946828575791,30.525876309216933
37582788,Vinko Rozic,Istra 1961,Attacker,22,Bosnia and Herzegovina,17.0,1063.0,7.0,1.0,33.0,19.0,277.0,77.62,12.0,5.0,118.0,47.0,2.0,0.0,7.19,30.0,13.0,7.0,16.0,46.0,6.0,16.0,10.0,13.0,8.0,3.0,0.0,0.0,10.0,10.0,0.0,0.5926622765757291,0.0846660395108184,2.7939793038570087,1.6086547507055504,23.452492944496708,1.0159924741298212,0.4233301975540922,0.1693320790216368,2.539981185324553,1.1006585136406395,0.5926622765757291,1.354656632173095,3.894637817497648,0.5079962370649106,1.354656632173095,0.8466603951081844,1.1006585136406395,0.6773283160865475,0.2539981185324553,0.0,0.8466603951081844,58.8235294117647,57.57575757575758,21.21212121212121,0.7762,39.83050847457627,62.52941176470589,0.6773283160865475,43.333333333333336,13.043478260869565,62.5,96.96969696969698,57.575757575757585,41.21212121212121,59.900990099009896,66.17161716171618,47.42574257425743,15.123762376237622,52.727272727272734,52.651515151515156,,64.71737173717372,2.0,2.217821782178218,68.93519351935194,49.340686507175306,15.376685229998415,7.688342614999208,0.4839166690629497,72.88963102123589
74533,Josip Majic,Šibenik,Attacker,32,Croatia,24.0,1062.0,1.0,2.0,26.0,7.0,482.0,68.46,21.0,13.0,137.0,58.0,5.0,0.0,6.84,36.0,20.0,17.0,14.0,57.0,10.0,82.0,41.0,14.0,11.0,12.0,0.0,0.0,19.0,6.0,0.0,0.0847457627118644,0.1694915254237288,2.2033898305084745,0.5932203389830508,40.84745762711864,1.7796610169491525,1.1016949152542372,0.423728813559322,3.0508474576271185,1.694915254237288,1.4406779661016949,1.1864406779661016,4.830508474576271,0.847457627118644,6.9491525423728815,3.4745762711864407,1.1864406779661016,0.9322033898305084,1.0169491525423728,0.0,1.6101694915254237,25.0,26.923076923076923,3.8461538461538463,0.6846,42.33576642335766,44.25,0.2542372881355932,55.55555555555556,17.54385964912281,50.0,20.606060606060606,67.27272727272727,72.12121212121212,8.910891089108901,78.21782178217822,65.54455445544555,40.49504950495049,81.36363636363636,73.33333333333334,,48.89108910891089,0.0,2.1782178217821784,51.06930693069307,45.37125340014588,3.519835708765008,1.759917854382504,2.4686332225776617,53.11964018587106
16817975,Martin Slogar,Gorica,Attacker,25,Croatia,25.0,1054.0,4.0,2.0,24.0,9.0,192.0,62.5,20.0,3.0,137.0,55.0,4.0,0.0,6.77,25.0,9.0,6.0,18.0,20.0,5.0,27.0,7.0,6.0,10.0,4.0,0.0,0.0,14.0,5.0,0.0,0.3415559772296015,0.1707779886148007,2.049335863377609,0.7685009487666035,16.394686907020873,1.7077798861480076,0.2561669829222011,0.3415559772296015,2.134724857685009,0.7685009487666035,0.5123339658444023,1.537001897533207,1.7077798861480076,0.4269449715370019,2.3055028462998104,0.5977229601518027,0.5123339658444023,0.8538899430740038,0.3415559772296015,0.0,1.1954459203036054,20.0,37.5,16.666666666666668,0.625,40.14598540145985,42.16,0.5123339658444023,36.0,25.0,25.925925925925927,74.84848484848484,33.93939393939394,46.666666666666664,18.811881188118804,58.25082508250824,25.346534653465348,21.485148514851485,52.727272727272734,33.33333333333333,,48.51755175517551,0.0,2.1386138613861387,50.65616561656165,44.70718855697045,3.81036319820506,1.90518159910253,2.8006656441653774,53.223398998443415
24817153,Iurie Iovu,Istra 1961,Defender,24,Moldova,14.0,1043.0,0.0,1.0,5.0,0.0,423.0,77.3,31.0,15.0,120.0,79.0,3.0,0.0,6.94,3.0,2.0,2.0,5.0,0.0,0.0,80.0,27.0,4.0,41.0,48.0,0.0,0.0,22.0,2.0,0.0,0.0,0.0862895493767977,0.4314477468839885,0.0,36.50047938638543,2.6749760306807286,1.2943432406519657,0.2588686481303931,0.2588686481303931,0.1725790987535954,0.1725790987535954,0.4314477468839885,0.0,0.0,6.903163950143816,2.329817833173538,0.3451581975071908,3.537871524448706,4.14189837008629,0.0,1.8983700862895492,14.285714285714286,0.0,0.0,0.773,65.83333333333333,74.5,0.0862895493767977,66.66666666666667,0.0,33.75,21.527777777777782,52.31481481481481,86.11111111111113,34.653465346534645,42.32673267326732,43.366336633663366,85.94059405940594,54.861111111111114,63.19444444444445,,51.45145764576458,0.0,2.0792079207920793,53.53066556655666,49.340686507175306,2.1107711385892713,1.0553855692946357,0.4839166690629497,52.99075988412216
338593,Stjepan Loncar,Istra 1961,Midfielder,29,Bosnia and Herzegovina,14.0,1043.0,6.0,1.0,17.0,9.0,385.0,81.56,10.0,3.0,73.0,38.0,2.0,0.0,7.38,27.0,17.0,5.0,6.0,49.0,18.0,41.0,24.0,23.0,7.0,9.0,0.0,0.0,8.0,8.0,0.0,0.5177372962607862,0.0862895493767977,1.4669223394055608,0.7766059443911792,33.22147651006711,0.862895493767977,0.2588686481303931,0.1725790987535954,2.329817833173538,1.4669223394055608,0.4314477468839885,0.5177372962607862,4.228187919463087,1.5532118887823585,3.537871524448706,2.070949185043145,1.984659635666347,0.6040268456375839,0.7766059443911792,0.0,0.6903163950143816,57.142857142857146,52.94117647058823,35.294117647058826,0.8156,52.05479452054794,74.5,0.6040268456375839,62.96296296296296,36.734693877551024,58.53658536585366,96.72131147540983,54.64480874316939,24.590163934426233,59.4059405940594,66.00660066006601,74.75247524752476,25.297029702970296,74.18032786885246,44.67213114754099,,58.72747930530758,0.0,2.0792079207920793,60.80668722609966,49.340686507175306,9.386792798132277,4.693396399066138,0.4839166690629497,63.90479237343667
37613457,Beyatt Lekoueiry,Istra 1961,Midfielder,21,Mauritania,16.0,1036.0,3.0,5.0,21.0,4.0,274.0,72.26,14.0,5.0,124.0,52.0,4.0,0.0,7.01,28.0,12.0,6.0,20.0,8.0,3.0,27.0,11.0,18.0,6.0,9.0,0.0,0.0,18.0,3.0,0.0,0.2606177606177606,0.4343629343629344,1.8243243243243243,0.3474903474903475,23.8030888030888,1.2162162162162162,0.4343629343629344,0.3474903474903475,2.4324324324324325,1.0424710424710424,0.5212355212355212,1.7374517374517375,0.694980694980695,0.2606177606177606,2.345559845559845,0.9555984555984556,1.5637065637065637,0.5212355212355212,0.7818532818532818,0.0,1.5637065637065637,18.75,19.047619047619047,14.285714285714286,0.7226,41.935483870967744,64.75,0.6949806949806949,42.85714285714285,37.5,40.74074074074074,76.775956284153,42.076502732240435,15.846994535519128,18.316831683168317,69.3069306930693,43.26732673267327,19.97524752475248,71.31147540983606,23.702185792349727,,42.24151923389059,4.0,2.01980198019802,48.26132121408861,49.340686507175306,-7.0991672732847135,0.0,0.4839166690629497,42.72543590295354
73887,Leonardo Sigali,Lokomotiva Zagreb,Defender,39,Argentina,13.0,1022.0,0.0,0.0,2.0,0.0,539.0,85.9,21.0,16.0,83.0,52.0,3.0,1.0,7.06,2.0,1.0,8.0,14.0,1.0,0.0,86.0,40.0,3.0,17.0,65.0,0.0,0.0,17.0,3.0,0.0,0.0,0.0,0.1761252446183953,0.0,47.465753424657535,1.8493150684931507,1.4090019569471623,0.3522504892367906,0.1761252446183953,0.0880626223091976,0.7045009784735812,1.2328767123287672,0.0880626223091976,0.0,7.573385518590998,3.522504892367906,0.2641878669275929,1.4970645792563602,5.724070450097847,0.0,1.4970645792563602,23.07692307692308,0.0,0.0,0.8590000000000001,62.65060240963855,78.61538461538461,0.0,50.0,0.0,46.51162790697674,21.527777777777782,59.25925925925926,75.0,16.83168316831683,47.194719471947195,57.22772277227723,75.14851485148516,37.15277777777778,70.83333333333334,,48.4192794279428,0.0,1.9801980198019802,50.39947744774478,47.31337146692811,1.1059079610146867,0.5529539805073433,1.4975741891865475,50.46980759763669
37600601,Marin Prekodravac,Šibenik,Midfielder,21,Croatia,22.0,1012.0,1.0,1.0,14.0,4.0,248.0,70.97,15.0,7.0,99.0,37.0,4.0,0.0,6.6,10.0,2.0,3.0,8.0,2.0,0.0,25.0,9.0,7.0,12.0,21.0,0.0,0.0,25.0,5.0,0.0,0.0889328063241106,0.0889328063241106,1.245059288537549,0.3557312252964427,22.055335968379445,1.33399209486166,0.6225296442687747,0.3557312252964427,0.8893280632411067,0.1778656126482213,0.266798418972332,0.7114624505928854,0.1778656126482213,0.0,2.2233201581027666,0.8003952569169961,0.6225296442687747,1.067193675889328,1.867588932806324,0.0,2.2233201581027666,22.727272727272727,28.571428571428573,7.142857142857143,0.7097,37.37373737373738,46.0,0.1778656126482213,20.0,0.0,36.0,53.82513661202186,26.22950819672131,19.672131147540984,15.841584158415841,22.93729372937294,22.871287128712872,32.52475247524753,30.327868852459012,17.008196721311474,,31.50219120272683,4.0,1.9405940594059405,37.44278526213277,45.37125340014588,-13.869062197419051,0.0,2.4686332225776617,33.97082442530449
1525043,Matej Vuk,Istra 1961,Attacker,26,Croatia,14.0,1010.0,2.0,0.0,29.0,10.0,270.0,70.0,9.0,7.0,102.0,42.0,1.0,0.0,7.11,21.0,7.0,5.0,11.0,40.0,7.0,12.0,4.0,12.0,15.0,12.0,0.0,0.0,6.0,6.0,0.0,0.1782178217821782,0.0,2.584158415841584,0.8910891089108911,24.059405940594058,0.801980198019802,0.6237623762376238,0.0891089108910891,1.8712871287128716,0.6237623762376238,0.4455445544554455,0.9801980198019802,3.5643564356435644,0.6237623762376238,1.0693069306930694,0.3564356435643564,1.0693069306930694,1.3366336633663367,1.0693069306930694,0.0,0.5346534653465347,42.85714285714285,34.48275862068966,6.896551724137931,0.7,41.1764705882353,72.14285714285714,0.1782178217821782,33.333333333333336,17.5,33.333333333333336,46.060606060606055,36.96969696969697,44.24242424242424,80.6930693069307,44.636963696369634,39.5049504950495,31.21287128712871,33.63636363636363,43.93939393939394,,46.25112511251125,0.0,1.900990099009901,48.15211521152115,49.340686507175306,-3.0895613946640594,0.0,0.4839166690629497,46.735041781574196
37688968,Anton Matkovic,Osijek,Attacker,20,Croatia,15.0,1002.0,0.0,1.0,17.0,5.0,157.0,57.32,11.0,2.0,155.0,80.0,4.0,0.0,6.89,36.0,14.0,6.0,20.0,26.0,3.0,11.0,4.0,10.0,35.0,7.0,0.0,0.0,14.0,3.0,0.0,0.0,0.0898203592814371,1.526946107784431,0.4491017964071856,14.10179640718563,0.9880239520958084,0.1796407185628742,0.3592814371257485,3.2335329341317367,1.2574850299401197,0.5389221556886228,1.7964071856287425,2.335329341317365,0.2694610778443114,0.9880239520958084,0.3592814371257485,0.8982035928143712,3.143712574850299,0.6287425149700598,0.0,1.2574850299401197,20.0,29.41176470588235,0.0,0.5732,51.61290322580645,66.8,0.0898203592814371,38.888888888888886,11.538461538461538,36.36363636363637,10.303030303030303,16.363636363636363,51.51515151515151,14.851485148514854,68.64686468646865,24.75247524752475,35.64356435643565,47.72727272727273,34.848484848484844,,24.939693969396938,6.0,1.8613861386138615,32.8010801080108,52.198656341043936,-27.258962371646998,0.0,0.0,24.939693969396938
37266383,Marco Boras,Slaven Koprivnica,Defender,24,Croatia,22.0,982.0,1.0,0.0,6.0,1.0,590.0,74.58,16.0,9.0,84.0,55.0,2.0,0.0,6.87,0.0,0.0,4.0,3.0,2.0,2.0,173.0,83.0,4.0,36.0,48.0,0.0,0.0,17.0,5.0,0.0,0.0916496945010183,0.0,0.5498981670061099,0.0916496945010183,54.073319755600814,1.4663951120162932,0.824847250509165,0.1832993890020366,0.0,0.0,0.3665987780040733,0.2749490835030549,0.1832993890020366,0.1832993890020366,15.855397148676172,7.606924643584521,0.3665987780040733,3.29938900203666,4.39918533604888,0.0,1.5580448065173116,22.727272727272727,16.666666666666668,16.666666666666668,0.7458,65.47619047619048,44.63636363636363,0.0916496945010183,0.0,100.0,47.97687861271676,69.9074074074074,45.370370370370374,54.629629629629626,55.94059405940594,5.775577557755775,61.18811881188119,72.84653465346534,44.270833333333336,59.953703703703695,,56.56628162816281,0.0,1.821782178217822,58.388063806380636,51.30896541384557,5.2573162143172425,2.6286581071586212,0.0,59.194939735321434
37719908,Bruno Durdov,Hajduk Split,Attacker,18,Croatia,27.0,979.0,3.0,1.0,32.0,14.0,257.0,66.54,18.0,3.0,109.0,42.0,2.0,0.0,6.88,30.0,11.0,12.0,6.0,28.0,12.0,33.0,14.0,13.0,8.0,4.0,0.0,0.0,7.0,10.0,0.0,0.2757916241062308,0.0919305413687436,2.9417773237997955,1.2870275791624106,23.62614913176711,1.6547497446373851,0.2757916241062308,0.1838610827374872,2.7579162410623086,1.0112359550561798,1.1031664964249237,0.5515832482124617,2.574055158324821,1.1031664964249237,3.033707865168539,1.2870275791624106,1.195097037793667,0.7354443309499489,0.3677221654749744,0.0,0.6435137895812053,37.03703703703704,43.75,9.375,0.6654000000000001,38.53211009174312,36.25925925925926,0.3677221654749745,36.66666666666666,42.85714285714285,42.42424242424242,71.2121212121212,37.57575757575757,44.84848484848485,55.445544554455445,44.884488448844884,45.94059405940594,21.237623762376238,65.0,49.6969696969697,,51.63546354635463,10.0,1.7821782178217822,63.41764176417641,49.584473497440825,2.0509900489138033,1.0254950244569017,0.36202317393019,53.02298174474172
73222,D. Štiglec,Gorica,Defender,35,Croatia,17.0,967.0,0.0,3.0,6.0,2.0,324.0,72.22,9.0,10.0,59.0,28.0,3.0,0.0,6.81,8.0,4.0,6.0,3.0,37.0,8.0,53.0,14.0,9.0,12.0,28.0,0.0,0.0,17.0,4.0,0.0,0.0,0.2792140641158221,0.5584281282316442,0.186142709410548,30.15511892450879,0.8376421923474664,0.9307135470527405,0.2792140641158221,0.7445708376421923,0.3722854188210961,0.5584281282316442,0.2792140641158221,3.44364012409514,0.7445708376421923,4.932781799379525,1.3029989658738366,0.8376421923474664,1.1168562564632885,2.605997931747673,0.0,1.5822130299896588,23.529411764705884,33.333333333333336,0.0,0.7222,47.45762711864407,56.88235294117647,0.2792140641158221,50.0,21.62162162162162,26.41509433962264,42.59259259259259,44.90740740740741,16.666666666666664,30.693069306930695,38.613861386138616,50.198019801980195,41.18811881188119,65.97222222222223,23.958333333333332,,34.31930693069307,0.0,1.7425742574257428,36.06188118811881,44.70718855697045,-10.387881626277384,0.0,2.8006656441653774,37.119972574858444
37596447,Filip Cuic,Lokomotiva Zagreb,Attacker,23,Bosnia and Herzegovina,16.0,962.0,1.0,1.0,15.0,6.0,234.0,59.83,9.0,5.0,187.0,74.0,3.0,0.0,6.78,11.0,6.0,4.0,15.0,6.0,1.0,18.0,9.0,9.0,45.0,7.0,0.0,0.0,11.0,7.0,0.0,0.0935550935550935,0.0935550935550935,1.4033264033264032,0.5613305613305614,21.89189189189189,0.841995841995842,0.4677754677754678,0.2806652806652807,1.029106029106029,0.5613305613305614,0.3742203742203742,1.4033264033264032,0.5613305613305614,0.0935550935550935,1.683991683991684,0.841995841995842,0.841995841995842,4.20997920997921,0.6548856548856549,0.0,1.029106029106029,43.75,40.0,6.666666666666667,0.5982999999999999,39.57219251336898,60.125,0.1871101871101871,54.54545454545455,16.666666666666668,50.0,21.21212121212121,30.90909090909091,36.96969696969697,30.19801980198021,67.65676567656766,25.049504950495045,31.75742574257426,44.09090909090909,36.21212121212121,,29.747074707470748,0.0,1.702970297029703,31.450045004500453,47.31337146692811,-17.566296759457362,0.0,1.4975741891865475,31.244648896657296
13239047,Mario Mladenovski,Varaždin,Defender,25,Macedonia,13.0,937.0,0.0,0.0,7.0,1.0,565.0,80.18,11.0,16.0,68.0,41.0,3.0,0.0,7.13,6.0,5.0,3.0,1.0,2.0,1.0,136.0,57.0,2.0,24.0,59.0,0.0,0.0,5.0,6.0,0.0,0.0,0.0,0.6723585912486659,0.096051227321238,54.26894343649947,1.056563500533618,1.536819637139808,0.288153681963714,0.576307363927428,0.48025613660619,0.288153681963714,0.096051227321238,0.192102454642476,0.096051227321238,13.062966915688367,5.474919957310566,0.192102454642476,2.305229455709712,5.667022411953042,0.0,0.48025613660619,46.15384615384615,14.285714285714286,0.0,0.8018000000000001,60.294117647058826,72.07692307692308,0.0,83.33333333333333,50.0,41.91176470588236,32.40740740740741,56.01851851851851,59.25925925925926,29.702970297029708,49.009900990099005,60.89108910891089,72.52475247524752,52.77777777777778,62.094907407407405,,47.27585258525853,0.0,1.6633663366336635,48.93921892189219,48.29913047958605,-1.0232778943275207,0.0,1.0046946828575791,48.28054726811611
73558,Slavko Bralic,Gorica,Defender,33,Croatia,14.0,924.0,0.0,0.0,4.0,2.0,474.0,77.22,16.0,19.0,124.0,71.0,4.0,0.0,7.13,6.0,6.0,9.0,14.0,3.0,1.0,94.0,35.0,5.0,37.0,81.0,0.0,0.0,12.0,6.0,0.0,0.0,0.0,0.3896103896103896,0.1948051948051948,46.16883116883117,1.5584415584415583,1.8506493506493509,0.3896103896103896,0.5844155844155844,0.5844155844155844,0.8766233766233766,1.3636363636363635,0.2922077922077922,0.0974025974025974,9.155844155844155,3.409090909090909,0.487012987012987,3.603896103896104,7.889610389610389,0.0,1.1688311688311688,42.85714285714285,50.0,0.0,0.7722,57.25806451612903,66.0,0.0,100.0,33.333333333333336,37.234042553191486,44.44444444444445,40.27777777777778,68.05555555555556,11.881188118811878,74.66996699669967,56.73267326732673,79.85148514851487,62.15277777777778,63.020833333333336,,47.021452145214525,0.0,1.6237623762376239,48.64521452145215,44.70718855697045,2.3142635882440743,1.1571317941220371,2.8006656441653774,50.97924958350194
24838180,Stipe Biuk,Hajduk Split,Attacker,23,Croatia,17.0,904.0,2.0,1.0,22.0,4.0,274.0,69.34,10.0,4.0,128.0,63.0,3.0,0.0,6.98,44.0,24.0,4.0,13.0,20.0,5.0,15.0,6.0,13.0,14.0,3.0,0.0,0.0,9.0,7.0,0.0,0.1991150442477876,0.0995575221238938,2.190265486725664,0.3982300884955752,27.278761061946906,0.995575221238938,0.3982300884955752,0.2986725663716814,4.380530973451328,2.3893805309734515,0.3982300884955752,1.2942477876106195,1.991150442477876,0.497787610619469,1.4933628318584071,0.5973451327433629,1.2942477876106195,1.393805309734513,0.2986725663716814,0.0,0.8960176991150443,41.1764705882353,18.181818181818183,9.090909090909092,0.6934,49.21875,53.1764705882353,0.2986725663716814,54.54545454545455,25.0,40.0,39.090909090909086,53.93939393939394,57.27272727272727,27.227722772277232,79.86798679867987,43.26732673267327,26.509900990099013,68.18181818181819,56.36363636363636,,47.81368136813681,0.0,1.5841584158415842,49.3978397839784,49.584473497440825,-1.770792129304013,0.0,0.36202317393019,48.175704542067
37619959,Luka Kapulica,Gorica,Midfielder,21,Croatia,16.0,891.0,1.0,0.0,11.0,2.0,353.0,82.44,12.0,15.0,126.0,52.0,2.0,0.0,6.8,40.0,18.0,17.0,14.0,8.0,1.0,25.0,17.0,7.0,8.0,13.0,0.0,0.0,13.0,2.0,0.0,0.101010101010101,0.0,1.1111111111111112,0.202020202020202,35.656565656565654,1.2121212121212122,1.5151515151515151,0.202020202020202,4.040404040404041,1.818181818181818,1.7171717171717171,1.414141414141414,0.8080808080808081,0.101010101010101,2.525252525252525,1.7171717171717171,0.7070707070707071,0.8080808080808081,1.3131313131313131,0.0,1.3131313131313131,12.5,18.181818181818183,9.090909090909092,0.8244,41.26984126984127,55.6875,0.101010101010101,45.0,12.5,68.0,48.90710382513661,43.98907103825136,39.34426229508196,49.504950495049506,71.86468646864687,52.07920792079208,40.64356435643565,44.467213114754095,43.44262295081967,,44.622626197045925,4.0,1.5445544554455446,50.16718065249147,44.70718855697045,-0.08456235992452577,0.0,2.8006656441653774,47.4232918412113
37709571,Lovre Kulusic,Šibenik,Midfielder,19,Croatia,29.0,890.0,4.0,1.0,25.0,11.0,160.0,61.88,14.0,7.0,120.0,55.0,1.0,0.0,6.85,6.0,1.0,3.0,9.0,8.0,2.0,7.0,1.0,8.0,31.0,9.0,0.0,0.0,18.0,3.0,0.0,0.4044943820224719,0.1011235955056179,2.5280898876404496,1.1123595505617978,16.179775280898877,1.4157303370786516,0.7078651685393258,0.1011235955056179,0.6067415730337079,0.1011235955056179,0.3033707865168539,0.9101123595505618,0.8089887640449438,0.2022471910112359,0.7078651685393258,0.1011235955056179,0.8089887640449438,3.134831460674157,0.9101123595505618,0.0,1.820224719101124,10.344827586206897,44.0,16.0,0.6188,45.833333333333336,30.689655172413797,0.5056179775280899,16.666666666666668,25.0,14.285714285714286,93.98907103825137,22.950819672131146,32.240437158469945,78.21782178217822,23.43234323432343,21.881188118811885,47.32673267326732,27.459016393442624,21.653005464480874,,52.575880538873555,8.0,1.504950495049505,62.08083103392306,45.37125340014588,7.204627138727673,3.6023135693638366,2.4686332225776617,58.64682733081506
5270357,Marko Vranjkovic,Lokomotiva Zagreb,Defender,27,Croatia,18.0,889.0,1.0,0.0,17.0,6.0,254.0,67.32,19.0,5.0,124.0,49.0,3.0,0.0,6.9,8.0,4.0,3.0,5.0,31.0,8.0,27.0,10.0,12.0,21.0,17.0,0.0,0.0,16.0,2.0,0.0,0.1012373453318335,0.0,1.7210348706411698,0.6074240719910011,25.714285714285715,1.923509561304837,0.5061867266591676,0.3037120359955005,0.8098987626546682,0.4049493813273341,0.3037120359955005,0.5061867266591676,3.138357705286839,0.8098987626546682,2.7334083239595053,1.0123734533183353,1.2148481439820022,2.125984251968504,1.7210348706411698,0.0,1.6197975253093364,11.11111111111111,35.294117647058826,5.882352941176471,0.6731999999999999,39.516129032258064,49.388888888888886,0.1012373453318335,50.0,25.806451612903224,37.03703703703704,82.87037037037037,10.185185185185185,25.462962962962962,26.237623762376245,42.73927392739274,45.24752475247526,45.618811881188115,46.18055555555556,26.27314814814815,,38.17931793179317,0.0,1.4653465346534653,39.644664466446635,47.31337146692811,-9.134053535134939,0.0,1.4975741891865475,39.676892120979716
37560492,Ivan Cvijanovic,Osijek,Defender,22,Croatia,18.0,888.0,1.0,1.0,5.0,3.0,348.0,70.4,29.0,11.0,100.0,56.0,2.0,0.0,6.85,11.0,5.0,5.0,8.0,29.0,6.0,60.0,20.0,2.0,15.0,40.0,0.0,0.0,17.0,4.0,0.0,0.1013513513513513,0.1013513513513513,0.5067567567567568,0.304054054054054,35.270270270270274,2.939189189189189,1.114864864864865,0.2027027027027027,1.114864864864865,0.5067567567567568,0.5067567567567568,0.8108108108108109,2.939189189189189,0.6081081081081081,6.081081081081081,2.027027027027027,0.2027027027027027,1.5202702702702702,4.054054054054054,0.0,1.722972972972973,22.22222222222222,60.0,20.0,0.7040000000000001,56.0,49.333333333333336,0.2027027027027027,45.45454545454545,20.689655172413797,33.333333333333336,92.3611111111111,44.44444444444445,64.81481481481482,49.00990099009901,48.43234323432343,45.54455445544555,73.39108910891089,57.638888888888886,44.56018518518519,,65.38710121012102,2.0,1.4257425742574257,68.81284378437844,52.198656341043936,13.188444869077081,6.5942224345385405,0.0,71.98132364465955
74068,Josip Elez,Hajduk Split,Defender,32,Croatia,16.0,871.0,0.0,0.0,5.0,1.0,551.0,88.75,9.0,8.0,53.0,29.0,0.0,0.0,6.99,1.0,1.0,7.0,4.0,3.0,0.0,81.0,47.0,3.0,15.0,44.0,1.0,0.0,8.0,7.0,0.0,0.0,0.0,0.5166475315729047,0.1033295063145809,56.9345579793341,0.9299655568312284,0.8266360505166476,0.0,0.1033295063145809,0.1033295063145809,0.7233065442020666,0.4133180252583238,0.3099885189437428,0.0,8.369690011481056,4.856486796785304,0.3099885189437428,1.5499425947187142,4.546498277841561,0.1033295063145809,0.8266360505166476,43.75,20.0,0.0,0.8875,54.71698113207548,54.4375,0.0,100.0,0.0,58.02469135802469,34.25925925925926,69.9074074074074,23.14814814814815,96.2871287128713,42.82178217821782,63.66336633663366,57.537128712871294,40.625,50.983796296296305,,47.82315731573157,0.0,1.386138613861386,49.209295929592955,49.584473497440825,-1.7613161817092546,0.0,0.36202317393019,48.18518048966176
37656051,Vito Caic,Gorica,Midfielder,21,Croatia,22.0,870.0,0.0,0.0,7.0,0.0,256.0,69.92,28.0,3.0,135.0,68.0,4.0,0.0,6.66,11.0,4.0,9.0,14.0,5.0,0.0,40.0,15.0,3.0,23.0,16.0,0.0,0.0,10.0,8.0,0.0,0.0,0.0,0.7241379310344828,0.0,26.48275862068965,2.896551724137931,0.3103448275862069,0.4137931034482758,1.137931034482759,0.4137931034482758,0.9310344827586208,1.4482758620689655,0.5172413793103449,0.0,4.137931034482759,1.5517241379310345,0.3103448275862069,2.3793103448275863,1.6551724137931034,0.0,1.0344827586206895,36.36363636363637,0.0,0.0,0.6992,50.37037037037037,39.54545454545455,0.0,36.36363636363637,0.0,37.5,12.021857923497265,15.573770491803279,50.81967213114754,9.900990099009903,49.17491749174917,25.14851485148515,55.495049504950494,30.12295081967213,34.42622950819673,,24.514689173835414,4.0,1.3465346534653466,29.861223827300762,44.70718855697045,-20.192499383135036,0.0,2.8006656441653774,27.31535481800079
131838,Bruno Petkovic,Dinamo Zagreb,Attacker,31,Croatia,20.0,865.0,4.0,3.0,26.0,8.0,310.0,69.68,8.0,1.0,168.0,82.0,1.0,0.0,7.17,20.0,10.0,5.0,28.0,12.0,3.0,17.0,13.0,22.0,37.0,22.0,0.0,0.0,14.0,8.0,0.0,0.4161849710982659,0.3121387283236994,2.7052023121387285,0.8323699421965318,32.25433526011561,0.8323699421965318,0.1040462427745664,0.1040462427745664,2.0809248554913293,1.0404624277456649,0.5202312138728323,2.913294797687861,1.2485549132947975,0.3121387283236994,1.76878612716763,1.3526011560693645,2.2890173410404624,3.84971098265896,2.2890173410404624,0.0,1.4566473988439306,40.0,30.76923076923077,15.384615384615383,0.6968000000000001,48.80952380952381,43.25,0.7283236994219653,50.0,25.0,76.47058823529412,76.36363636363636,77.27272727272727,36.96969696969697,77.72277227722772,82.50825082508251,52.42574257425743,45.123762376237615,82.27272727272727,57.916666666666664,,64.95409540954094,0.0,1.3069306930693072,66.26102610261024,63.406236779025285,1.5478586305156554,0.7739293152578277,0.0,65.72802472479877
22897215,Ivan Ćalušić,Istra 1961,Midfielder,26,Croatia,21.0,862.0,0.0,1.0,5.0,0.0,409.0,81.17,12.0,8.0,65.0,37.0,1.0,0.0,6.75,13.0,8.0,3.0,7.0,6.0,1.0,29.0,17.0,12.0,12.0,11.0,0.0,0.0,15.0,9.0,0.0,0.0,0.1044083526682134,0.5220417633410673,0.0,42.7030162412993,1.2529002320185614,0.8352668213457076,0.1044083526682134,1.357308584686775,0.8352668213457076,0.3132250580046403,0.7308584686774942,0.6264501160092807,0.1044083526682134,3.02784222737819,1.7749419953596288,1.2529002320185614,1.2529002320185614,1.148491879350348,0.0,1.566125290023202,42.85714285714285,0.0,0.0,0.8117,56.92307692307692,41.04761904761905,0.1044083526682134,61.53846153846154,16.666666666666668,58.62068965517241,12.021857923497265,66.12021857923497,51.91256830601092,76.98019801980197,64.1914191419142,60.79207920792079,50.33415841584158,59.42622950819671,56.693989071038246,,46.714413244603136,0.0,1.2673267326732673,47.981739977276405,49.340686507175306,-2.6262732625721696,0.0,0.4839166690629497,47.198329913666086
72614,Arijan Ademi,Dinamo Zagreb,Midfielder,35,Macedonia,18.0,837.0,3.0,1.0,18.0,6.0,339.0,85.84,26.0,7.0,110.0,68.0,3.0,0.0,7.13,15.0,7.0,2.0,20.0,6.0,2.0,9.0,5.0,12.0,15.0,9.0,0.0,0.0,13.0,5.0,0.0,0.3225806451612903,0.1075268817204301,1.935483870967742,0.6451612903225806,36.45161290322581,2.795698924731183,0.7526881720430108,0.3225806451612903,1.6129032258064515,0.7526881720430108,0.2150537634408602,2.150537634408602,0.6451612903225806,0.2150537634408602,0.967741935483871,0.5376344086021505,1.2903225806451613,1.6129032258064515,0.967741935483871,0.0,1.3978494623655917,27.77777777777778,33.333333333333336,16.666666666666668,0.8584,61.81818181818182,46.5,0.4301075268817204,46.66666666666666,33.333333333333336,55.55555555555556,88.25136612021856,68.85245901639344,77.04918032786885,22.27722772277228,72.1947194719472,57.92079207920792,61.75742574257425,51.22950819672131,65.3688524590164,,72.47362441162149,0.0,1.2277227722772277,73.70134718389872,63.406236779025285,9.067387632596201,4.533693816298101,0.0,77.00731822791958
37538546,Pedro Lima Barros,Osijek,Midfielder,23,Brazil,26.0,834.0,2.0,0.0,29.0,10.0,249.0,66.27,23.0,4.0,126.0,57.0,2.0,0.0,6.82,19.0,5.0,6.0,15.0,13.0,0.0,26.0,10.0,11.0,14.0,12.0,0.0,0.0,16.0,6.0,0.0,0.2158273381294964,0.0,3.129496402877698,1.079136690647482,26.8705035971223,2.4820143884892087,0.4316546762589928,0.2158273381294964,2.050359712230216,0.539568345323741,0.6474820143884892,1.618705035971223,1.4028776978417266,0.0,2.805755395683453,1.079136690647482,1.1870503597122302,1.5107913669064748,1.2949640287769784,0.0,1.7266187050359711,23.07692307692308,34.48275862068966,6.896551724137931,0.6627,45.23809523809524,32.07692307692308,0.2158273381294964,26.31578947368421,0.0,38.46153846153846,75.68306010928961,13.934426229508198,40.98360655737705,44.8019801980198,49.834983498349835,30.643564356435643,46.64603960396039,40.57377049180328,33.91393442622951,,43.66052588865444,0.0,1.188118811881188,44.84864470053563,52.198656341043936,-8.538130452389495,0.0,0.0,43.66052588865444
102012,Wilfried Kanga,Dinamo Zagreb,Attacker,28,France,15.0,827.0,3.0,0.0,27.0,9.0,122.0,74.59,1.0,1.0,70.0,35.0,1.0,0.0,6.86,8.0,5.0,0.0,12.0,1.0,0.0,2.0,2.0,3.0,18.0,5.0,0.0,0.0,7.0,6.0,0.0,0.3264812575574365,0.0,2.9383313180169286,0.9794437726723096,13.276904474002418,0.1088270858524788,0.1088270858524788,0.1088270858524788,0.8706166868198307,0.5441354292623942,0.0,1.305925030229746,0.1088270858524788,0.0,0.2176541717049576,0.2176541717049576,0.3264812575574365,1.958887545344619,0.5441354292623942,0.0,0.7617896009673518,40.0,33.333333333333336,11.11111111111111,0.7459,50.0,55.13333333333333,0.3264812575574365,62.5,0.0,100.0,70.60606060606061,27.27272727272727,30.3030303030303,74.75247524752476,68.56435643564356,16.435643564356432,28.490099009900987,12.272727272727272,25.833333333333332,,45.92979297929793,0.0,1.1485148514851484,47.078307830783075,63.406236779025285,-17.476443799727356,0.0,0.0,45.92979297929793
73451,Danijel Zagorac,Dinamo Zagreb,Goalkeeper,39,Croatia,9.0,810.0,0.0,0.0,0.0,0.0,246.0,68.29,0.0,0.0,7.0,7.0,1.0,0.0,6.73,0.0,0.0,0.0,3.0,0.0,0.0,118.0,41.0,0.0,4.0,5.0,17.0,13.0,9.0,3.0,0.0,0.0,0.0,0.0,0.0,27.33333333333333,0.0,0.0,0.1111111111111111,0.0,0.0,0.0,0.3333333333333333,0.0,0.0,13.11111111111111,4.555555555555555,0.0,0.4444444444444444,0.5555555555555556,1.8888888888888888,1.0,33.333333333333336,0.0,0.0,0.6829000000000001,100.0,90.0,0.0,0.0,0.0,34.74576271186441,53.57142857142858,58.333333333333336,60.7142857142857,73.76237623762376,7.1782178217821775,31.03960396039604,25.47029702970297,42.85714285714286,53.124999999999986,56.42857142857142,59.161951909476656,0.0,1.108910891089109,60.270862800565766,63.406236779025285,-4.244284869548629,0.0,0.0,59.161951909476656
37596446,Mate Antunovic,Hajduk Split,Attacker,22,Croatia,17.0,791.0,1.0,0.0,14.0,7.0,117.0,58.12,2.0,3.0,75.0,25.0,2.0,0.0,6.73,8.0,4.0,1.0,4.0,3.0,0.0,6.0,2.0,5.0,15.0,4.0,0.0,0.0,5.0,7.0,0.0,0.11378002528445,0.0,1.592920353982301,0.7964601769911505,13.312262958280655,0.2275600505689001,0.3413400758533502,0.2275600505689001,0.9102402022756004,0.4551201011378002,0.11378002528445,0.4551201011378002,0.3413400758533502,0.0,0.6826801517067004,0.2275600505689001,0.5689001264222503,1.706700379266751,0.4551201011378002,0.0,0.5689001264222503,41.1764705882353,50.0,7.142857142857143,0.5811999999999999,33.333333333333336,46.52941176470589,0.11378002528445,50.0,0.0,33.333333333333336,33.333333333333336,7.2727272727272725,16.363636363636363,42.079207920792086,43.72937293729373,11.88118811881188,18.78712871287129,14.09090909090909,12.727272727272727,,21.2988298829883,2.0,1.0693069306930694,24.36813681368137,49.584473497440825,-28.285643614452525,0.0,0.36202317393019,21.66085305691849
31625999,Josip Gačić,Šibenik,Defender,28,Croatia,13.0,744.0,0.0,1.0,12.0,0.0,251.0,68.13,21.0,11.0,98.0,48.0,3.0,0.0,6.69,0.0,0.0,1.0,10.0,0.0,8.0,59.0,26.0,0.0,9.0,17.0,0.0,0.0,10.0,3.0,0.0,0.0,0.1209677419354838,1.4516129032258065,0.0,30.36290322580645,2.540322580645161,1.3306451612903225,0.3629032258064516,0.0,0.0,0.1209677419354838,1.2096774193548387,0.0,0.967741935483871,7.137096774193548,3.1451612903225805,0.0,1.0887096774193548,2.056451612903226,0.0,1.2096774193548387,23.07692307692308,0.0,0.0,0.6812999999999999,48.97959183673469,57.23076923076923,0.1209677419354838,0.0,0.0,44.067796610169495,21.527777777777782,39.351851851851855,59.72222222222223,13.366336633663366,23.1023102310231,45.693069306930695,58.242574257425744,40.27777777777778,41.579861111111114,,37.51718921892189,0.0,1.0297029702970297,38.54689218921892,45.37125340014588,-7.85406418122399,0.0,2.4686332225776617,39.98582244149955
432894,Maxime Bernauer,Dinamo Zagreb,Defender,28,France,9.0,735.0,0.0,0.0,3.0,0.0,560.0,86.96,8.0,9.0,55.0,33.0,1.0,0.0,6.98,4.0,1.0,5.0,9.0,3.0,2.0,96.0,50.0,3.0,15.0,27.0,0.0,0.0,13.0,2.0,0.0,0.0,0.0,0.3673469387755102,0.0,68.57142857142857,0.979591836734694,1.1020408163265305,0.1224489795918367,0.4897959183673469,0.1224489795918367,0.6122448979591837,1.1020408163265305,0.3673469387755102,0.2448979591836734,11.755102040816327,6.122448979591836,0.3673469387755102,1.836734693877551,3.306122448979592,0.0,1.5918367346938775,22.22222222222222,0.0,0.0,0.8695999999999999,60.0,81.66666666666667,0.0,25.0,66.66666666666667,52.083333333333336,21.527777777777782,71.75925925925925,45.370370370370374,70.29702970297029,28.877887788778878,73.56435643564357,63.069306930693074,48.26388888888889,64.87268518518519,,48.62692519251925,0.0,0.9900990099009901,49.61702420242024,63.406236779025285,-14.779311586506033,0.0,0.0,48.62692519251925
37569839,Lukas Kacavenda,Dinamo Zagreb,Midfielder,23,Croatia,24.0,733.0,2.0,3.0,7.0,4.0,297.0,79.46,17.0,8.0,114.0,62.0,1.0,0.0,7.01,22.0,11.0,7.0,24.0,12.0,4.0,9.0,6.0,15.0,7.0,4.0,0.0,0.0,7.0,10.0,0.0,0.2455661664392905,0.3683492496589359,0.859481582537517,0.4911323328785811,36.46657571623465,2.08731241473397,0.9822646657571624,0.1227830832196452,2.7012278308321966,1.3506139154160983,0.859481582537517,2.946793997271487,1.4733969986357436,0.4911323328785811,1.1050477489768076,0.7366984993178718,1.8417462482946796,0.859481582537517,0.4911323328785811,0.0,0.859481582537517,41.66666666666666,57.142857142857146,28.571428571428573,0.7946,54.3859649122807,30.541666666666668,0.6139154160982265,50.0,33.333333333333336,66.66666666666667,86.88524590163934,65.02732240437159,64.48087431693989,69.8019801980198,85.47854785478548,60.4950495049505,47.004950495049506,70.08196721311475,56.4207650273224,,71.89823080668721,0.0,0.9504950495049505,72.84872585619216,63.406236779025285,8.491994027661924,4.245997013830962,0.0,76.14422782051817
69675,Luka Menalo,Rijeka,Attacker,29,Bosnia and Herzegovina,17.0,727.0,1.0,0.0,9.0,3.0,226.0,70.8,17.0,7.0,105.0,54.0,2.0,0.0,6.81,19.0,6.0,6.0,16.0,17.0,3.0,27.0,10.0,7.0,16.0,13.0,0.0,0.0,7.0,8.0,0.0,0.123796423658872,0.0,1.114167812929849,0.3713892709766162,27.97799174690509,2.1045392022008254,0.8665749656121046,0.2475928473177441,2.3521320495185694,0.7427785419532325,0.7427785419532325,1.980742778541953,2.1045392022008254,0.3713892709766162,3.3425034387895463,1.237964236588721,0.8665749656121046,1.980742778541953,1.609353507565337,0.0,0.8665749656121046,47.05882352941177,33.333333333333336,11.11111111111111,0.708,51.42857142857143,42.76470588235294,0.123796423658872,31.57894736842105,17.647058823529413,37.03703703703704,33.03030303030303,46.06060606060606,89.09090909090908,37.12871287128713,59.24092409240924,43.56435643564357,59.03465346534654,48.18181818181818,75.22727272727272,,54.16741674167417,0.0,0.910891089108911,55.078307830783075,51.55523601085063,2.612180730823539,1.3060903654117695,0.0,55.473507107085936
73159,Ante Erceg,Gorica,Attacker,36,Croatia,12.0,717.0,1.0,1.0,13.0,4.0,214.0,77.1,9.0,2.0,126.0,43.0,5.0,0.0,6.7,17.0,5.0,5.0,13.0,3.0,1.0,12.0,7.0,5.0,16.0,3.0,0.0,0.0,12.0,5.0,0.0,0.1255230125523012,0.1255230125523012,1.6317991631799162,0.502092050209205,26.86192468619247,1.1297071129707112,0.2510460251046025,0.6276150627615062,2.133891213389121,0.6276150627615062,0.6276150627615062,1.6317991631799162,0.3765690376569037,0.1255230125523012,1.506276150627615,0.8786610878661087,0.6276150627615062,2.00836820083682,0.3765690376569037,0.0,1.506276150627615,41.66666666666666,30.76923076923077,7.6923076923076925,0.7709999999999999,34.12698412698413,59.75,0.2510460251046025,29.41176470588235,33.333333333333336,58.333333333333336,26.666666666666668,72.12121212121212,29.6969696969697,1.4851485148514882,52.97029702970298,37.524752475247524,22.301980198019802,40.90909090909091,44.3939393939394,,38.69396939693969,0.0,0.8712871287128714,39.565256525652565,44.70718855697045,-6.013219160030758,0.0,2.8006656441653774,41.49463504110507
37529443,Enes Alic,Varaždin,Defender,26,Bosnia and Herzegovina,18.0,713.0,0.0,0.0,11.0,3.0,328.0,78.35,17.0,3.0,86.0,39.0,4.0,0.0,6.85,12.0,4.0,2.0,11.0,35.0,8.0,48.0,18.0,4.0,8.0,20.0,0.0,0.0,5.0,7.0,0.0,0.0,0.0,1.3884992987377278,0.3786816269284712,41.40252454417952,2.14586255259467,0.3786816269284712,0.5049088359046283,1.514726507713885,0.5049088359046283,0.2524544179523141,1.3884992987377278,4.417952314165498,1.0098176718092566,6.05890603085554,2.2720897615708275,0.5049088359046283,1.0098176718092566,2.524544179523142,0.0,0.6311360448807855,38.888888888888886,27.272727272727277,0.0,0.7835,45.34883720930232,39.61111111111112,0.0,33.333333333333336,22.857142857142858,37.5,50.925925925925924,36.111111111111114,29.62962962962963,3.960396039603964,48.26732673267327,63.46534653465346,42.524752475247524,50.0,38.0787037037037,,35.396039603960396,0.0,0.8316831683168318,36.227722772277225,48.29913047958605,-12.90309087562565,0.0,1.0046946828575791,36.40073428681798
37545139,Stephane Keller,Istra 1961,Defender,24,Cameroon,15.0,694.0,0.0,0.0,5.0,2.0,384.0,82.81,19.0,10.0,71.0,45.0,6.0,0.0,6.8,7.0,5.0,3.0,4.0,8.0,2.0,56.0,27.0,2.0,18.0,22.0,0.0,0.0,12.0,5.0,0.0,0.0,0.0,0.6484149855907781,0.2593659942363112,49.79827089337176,2.4639769452449567,1.2968299711815563,0.7780979827089337,0.9077809798270894,0.6484149855907781,0.3890489913544668,0.5187319884726225,1.037463976945245,0.2593659942363112,7.262247838616715,3.5014409221902016,0.2593659942363112,2.334293948126801,2.8530259365994235,0.0,1.5561959654178674,33.333333333333336,40.0,0.0,0.8281000000000001,63.38028169014085,46.266666666666666,0.0,71.42857142857143,25.0,48.21428571428572,47.68518518518518,55.55555555555555,81.94444444444444,0.4950495049505008,58.333333333333336,63.16831683168316,78.0940594059406,51.73611111111111,72.56944444444444,,55.605060506050606,0.0,0.7920792079207921,56.3971397139714,49.340686507175306,6.2643739988753,3.13218699943765,0.4839166690629497,59.221164174551205
537305,Nazariy Rusyn,Hajduk Split,Attacker,27,Ukraine,16.0,692.0,0.0,1.0,11.0,2.0,158.0,76.58,9.0,3.0,72.0,31.0,0.0,0.0,6.72,11.0,3.0,4.0,14.0,13.0,2.0,5.0,1.0,9.0,7.0,2.0,0.0,0.0,6.0,5.0,0.0,0.0,0.130057803468208,1.430635838150289,0.2601156069364161,20.54913294797688,1.170520231213873,0.3901734104046243,0.0,1.430635838150289,0.3901734104046243,0.5202312138728323,1.8208092485549128,1.6907514450867052,0.2601156069364161,0.6502890173410405,0.130057803468208,1.170520231213873,0.9104046242774566,0.2601156069364161,0.0,0.7803468208092486,31.25,18.181818181818183,0.0,0.7658,43.05555555555556,43.25,0.130057803468208,27.272727272727277,15.384615384615383,20.0,6.06060606060606,58.18181818181819,46.666666666666664,96.2871287128713,47.35973597359736,38.11881188118812,22.982673267326735,38.18181818181818,45.83333333333333,,42.9014401440144,0.0,0.7524752475247525,43.65391539153915,49.584473497440825,-6.683033353426424,0.0,0.36202317393019,43.26346331794459
75098,Dario Spikic,Dinamo Zagreb,Attacker,27,Croatia,14.0,624.0,1.0,0.0,18.0,7.0,228.0,78.07,11.0,11.0,86.0,44.0,0.0,0.0,6.92,16.0,9.0,1.0,8.0,19.0,2.0,6.0,1.0,5.0,14.0,6.0,0.0,0.0,8.0,4.0,0.0,0.1442307692307692,0.0,2.5961538461538463,1.0096153846153846,32.88461538461539,1.5865384615384617,1.5865384615384617,0.0,2.3076923076923075,1.2980769230769231,0.1442307692307692,1.1538461538461535,2.7403846153846154,0.2884615384615384,0.8653846153846154,0.1442307692307692,0.7211538461538461,2.019230769230769,0.8653846153846154,0.0,1.1538461538461535,28.571428571428573,38.888888888888886,5.555555555555555,0.7807,51.16279069767442,44.57142857142857,0.1442307692307692,56.25,10.526315789473683,16.666666666666668,40.303030303030305,66.66666666666667,86.66666666666667,96.2871287128713,75.74257425742574,42.475247524752476,61.150990099009896,32.72727272727273,70.15151515151516,,67.71962196219623,0.0,0.7128712871287128,68.43249324932493,63.406236779025285,4.3133851831709435,2.1566925915854718,0.0,69.8763145537817
37571660,Simun Mikolcic,Osijek,Midfielder,22,Croatia,19.0,622.0,0.0,0.0,12.0,3.0,339.0,80.24,17.0,11.0,81.0,50.0,2.0,0.0,6.87,9.0,5.0,4.0,11.0,34.0,11.0,48.0,24.0,9.0,17.0,5.0,0.0,0.0,8.0,5.0,0.0,0.0,0.0,1.7363344051446945,0.4340836012861736,49.05144694533762,2.459807073954984,1.5916398713826367,0.2893890675241157,1.302250803858521,0.7234726688102894,0.5787781350482315,1.5916398713826367,4.919614147909968,1.5916398713826367,6.945337620578778,3.472668810289389,1.302250803858521,2.459807073954984,0.7234726688102894,0.0,1.157556270096463,26.31578947368421,25.0,0.0,0.8024,61.72839506172839,32.73684210526316,0.0,55.55555555555556,32.35294117647059,50.0,34.42622950819672,52.185792349726775,90.7103825136612,28.960396039603964,75.08250825082509,82.97029702970296,71.59653465346534,60.040983606557376,82.65027322404372,,56.092760915435804,2.0,0.6732673267326733,58.766028242168474,52.198656341043936,3.894104574391868,1.947052287195934,0.0,58.039813202631734
73858,Marko Rog,Dinamo Zagreb,Midfielder,30,Croatia,22.0,616.0,1.0,2.0,17.0,2.0,340.0,87.35,15.0,5.0,98.0,46.0,1.0,2.0,6.9,14.0,6.0,8.0,13.0,25.0,11.0,25.0,13.0,13.0,13.0,2.0,0.0,0.0,5.0,7.0,0.0,0.1461038961038961,0.2922077922077922,2.4837662337662336,0.2922077922077922,49.675324675324674,2.191558441558441,0.7305194805194806,0.4383116883116883,2.0454545454545454,0.8766233766233766,1.1688311688311688,1.8993506493506491,3.6525974025974026,1.6071428571428572,3.6525974025974026,1.8993506493506491,1.8993506493506491,1.8993506493506491,0.2922077922077922,0.0,0.7305194805194806,31.818181818181817,11.764705882352942,5.882352941176471,0.8734999999999999,46.93877551020408,28.0,0.4383116883116883,42.85714285714285,44.0,52.0,50.273224043715835,91.80327868852459,49.18032786885246,7.425742574257427,68.48184818481847,84.85148514851485,42.8960396039604,76.22950819672131,64.95901639344262,,58.11962343775361,0.0,0.6336633663366337,58.753286804090244,63.406236779025285,-5.286613341271675,0.0,0.0,58.11962343775361
5270348,Jon Mersinaj,Lokomotiva Zagreb,Defender,27,Albania,8.0,606.0,1.0,0.0,1.0,1.0,225.0,90.67,7.0,6.0,55.0,27.0,4.0,0.0,7.0,2.0,0.0,1.0,11.0,0.0,0.0,19.0,9.0,1.0,10.0,51.0,0.0,0.0,8.0,3.0,0.0,0.1485148514851485,0.0,0.1485148514851485,0.1485148514851485,33.415841584158414,1.0396039603960396,0.8910891089108911,0.594059405940594,0.297029702970297,0.0,0.1485148514851485,1.6336633663366336,0.0,0.0,2.8217821782178216,1.3366336633663367,0.1485148514851485,1.4851485148514851,7.574257425742574,0.0,1.188118811881188,37.5,100.0,100.0,0.9067,49.09090909090909,75.75,0.1485148514851485,0.0,0.0,47.36842105263158,86.11111111111113,48.61111111111111,18.98148148148148,1.9801980198019749,29.207920792079207,42.178217821782184,50.54455445544554,11.631944444444445,28.06712962962963,,46.30913091309131,0.0,0.594059405940594,46.9031903190319,47.31337146692811,-1.0042405538368016,0.0,1.4975741891865475,47.80670510227786
37656551,Jakov Gurlica,Gorica,Defender,22,Croatia,15.0,598.0,0.0,1.0,1.0,0.0,175.0,67.43,7.0,11.0,54.0,26.0,2.0,0.0,6.72,3.0,3.0,4.0,0.0,3.0,0.0,39.0,17.0,1.0,16.0,27.0,0.0,0.0,6.0,8.0,0.0,0.0,0.1505016722408027,0.1505016722408027,0.0,26.337792642140467,1.0535117056856187,1.6555183946488294,0.3010033444816054,0.451505016722408,0.451505016722408,0.6020066889632107,0.0,0.451505016722408,0.0,5.869565217391305,2.5585284280936453,0.1505016722408027,2.408026755852843,4.063545150501672,0.0,0.903010033444816,53.333333333333336,0.0,0.0,0.6743000000000001,48.14814814814815,39.86666666666667,0.1505016722408027,100.0,0.0,43.58974358974359,21.527777777777782,35.18518518518519,39.351851851851855,26.73267326732673,48.51485148514851,25.346534653465348,62.574257425742566,53.47222222222223,28.703703703703702,,31.492711771177124,2.0,0.5544554455445545,34.04716721672168,44.70718855697045,-13.214476785793327,0.0,2.8006656441653774,34.293377415342505
37604564,Matej Sakota,Slaven Koprivnica,Attacker,21,Bosnia and Herzegovina,22.0,592.0,2.0,0.0,12.0,8.0,187.0,70.05,10.0,4.0,96.0,33.0,3.0,0.0,6.66,27.0,7.0,4.0,8.0,27.0,6.0,19.0,8.0,5.0,8.0,7.0,0.0,0.0,14.0,7.0,0.0,0.304054054054054,0.0,1.8243243243243243,1.2162162162162162,28.429054054054053,1.5202702702702702,0.6081081081081081,0.4560810810810811,4.10472972972973,1.0641891891891893,0.6081081081081081,1.2162162162162162,4.10472972972973,0.9121621621621622,2.8885135135135136,1.2162162162162162,0.7601351351351351,1.2162162162162162,1.0641891891891893,0.0,2.1283783783783785,31.818181818181817,66.66666666666667,16.666666666666668,0.7005,34.375,26.90909090909091,0.304054054054054,25.925925925925927,22.22222222222222,42.10526315789474,83.33333333333333,46.06060606060606,49.696969696969695,6.435643564356425,53.46534653465346,46.68316831683169,31.361386138613856,47.27272727272727,53.598484848484844,,54.37083708370836,4.0,0.5148514851485149,58.88568856885687,51.30896541384557,3.0618716698627892,1.5309358349313946,0.0,55.90177291863975
37607123,Juan Córdoba,Dinamo Zagreb,Attacker,22,Colombia,11.0,551.0,1.0,2.0,15.0,7.0,214.0,82.24,6.0,5.0,67.0,27.0,3.0,0.0,6.99,13.0,4.0,3.0,15.0,13.0,3.0,9.0,5.0,5.0,3.0,0.0,0.0,0.0,4.0,5.0,0.0,0.1633393829401088,0.3266787658802177,2.450090744101633,1.1433756805807622,34.954627949183305,0.9800362976406534,0.8166969147005445,0.4900181488203267,2.123411978221416,0.6533575317604355,0.4900181488203267,2.450090744101633,2.123411978221416,0.4900181488203267,1.47005444646098,0.8166969147005445,0.8166969147005445,0.4900181488203267,0.0,0.0,0.6533575317604355,45.45454545454545,46.66666666666666,6.666666666666667,0.8223999999999999,40.298507462686565,50.09090909090909,0.4900181488203267,30.76923076923077,23.07692307692308,55.55555555555556,47.878787878787875,98.7878787878788,50.303030303030305,4.455445544554465,59.48844884488449,54.950495049504944,14.628712871287131,55.45454545454545,60.83333333333333,,59.53645364536454,2.0,0.4554455445544555,61.991899189918996,63.406236779025285,-3.8697831336607464,0.0,0.0,59.53645364536454
67094,B. Radošević,Gorica,Goalkeeper,37,Croatia,7.0,551.0,0.0,0.0,0.0,0.0,178.0,65.17,0.0,0.0,3.0,2.0,0.0,0.0,7.27,0.0,0.0,1.0,1.0,0.0,0.0,90.0,30.0,0.0,1.0,13.0,23.0,15.0,9.0,1.0,0.0,0.0,0.0,0.0,0.0,29.074410163339383,0.0,0.0,0.0,0.0,0.0,0.1633393829401088,0.1633393829401088,0.0,0.0,14.7005444646098,4.900181488203267,0.0,0.1633393829401088,2.123411978221416,3.756805807622504,1.47005444646098,14.285714285714286,0.0,0.0,0.6517000000000001,66.66666666666667,78.71428571428571,0.0,0.0,0.0,33.333333333333336,53.57142857142858,51.1904761904762,36.9047619047619,96.2871287128713,5.115511551155115,30.544554455445546,33.13118811881189,51.78571428571429,40.32738095238095,40.0,52.12871287128713,0.0,0.4554455445544555,52.584158415841586,44.70718855697045,7.421524314316677,3.7107621571583387,2.8006656441653774,58.64014067261084
1485781,Zvonimir Sarlija,Hajduk Split,Defender,29,Croatia,7.0,537.0,0.0,0.0,4.0,1.0,345.0,86.09,2.0,6.0,56.0,39.0,5.0,0.0,6.99,1.0,1.0,1.0,10.0,0.0,0.0,19.0,6.0,2.0,26.0,17.0,0.0,0.0,6.0,1.0,0.0,0.0,0.0,0.6703910614525139,0.1675977653631284,57.82122905027933,0.3351955307262569,1.005586592178771,0.8379888268156425,0.1675977653631284,0.1675977653631284,0.1675977653631284,1.675977653631285,0.0,0.0,3.184357541899441,1.005586592178771,0.3351955307262569,4.35754189944134,2.8491620111731844,0.0,1.005586592178771,14.285714285714286,25.0,0.0,0.8609,69.64285714285714,76.71428571428571,0.0,100.0,0.0,31.57894736842105,39.81481481481481,67.5925925925926,47.22222222222223,0.0,66.41914191419143,49.60396039603961,62.82178217821783,26.38888888888889,51.736111111111114,,46.388888888888886,0.0,0.39603960396039606,46.78492849284928,49.584473497440825,-3.1955846085519397,0.0,0.36202317393019,46.750912062819076
37571435,Ante Suto,Slaven Koprivnica,Attacker,26,Australia,20.0,518.0,4.0,1.0,15.0,8.0,145.0,67.59,12.0,1.0,105.0,55.0,4.0,0.0,6.93,18.0,9.0,3.0,14.0,11.0,3.0,2.0,1.0,7.0,21.0,6.0,0.0,0.0,7.0,4.0,0.0,0.694980694980695,0.1737451737451737,2.606177606177606,1.38996138996139,25.193050193050198,2.0849420849420848,0.1737451737451737,0.694980694980695,3.1274131274131274,1.5637065637065637,0.5212355212355212,2.4324324324324325,1.9111969111969112,0.5212355212355212,0.3474903474903475,0.1737451737451737,1.2162162162162162,3.6486486486486487,1.0424710424710424,0.0,1.2162162162162162,20.0,53.333333333333336,26.666666666666668,0.6759000000000001,52.38095238095238,25.9,0.8687258687258688,50.0,27.272727272727277,50.0,97.57575757575758,53.93939393939394,69.09090909090908,0.9900990099009874,84.65346534653465,37.72277227722772,51.48514851485149,58.63636363636364,54.99999999999999,,66.28082808280827,0.0,0.33663366336633666,66.61746174617461,51.30896541384557,14.9718626689627,7.48593133448135,0.0,73.76675941728962
74885,Karlo Butic,Slaven Koprivnica,Attacker,27,Croatia,11.0,518.0,1.0,0.0,15.0,4.0,114.0,71.05,3.0,0.0,68.0,32.0,1.0,0.0,6.86,8.0,3.0,0.0,15.0,1.0,0.0,10.0,7.0,6.0,11.0,3.0,0.0,0.0,9.0,1.0,0.0,0.1737451737451737,0.0,2.606177606177606,0.694980694980695,19.80694980694981,0.5212355212355212,0.0,0.1737451737451737,1.38996138996139,0.5212355212355212,0.0,2.606177606177606,0.1737451737451737,0.0,1.7374517374517375,1.2162162162162162,1.0424710424710424,1.9111969111969112,0.5212355212355212,0.0,1.5637065637065637,9.090909090909092,26.666666666666668,6.666666666666667,0.7105,47.05882352941177,47.09090909090909,0.1737451737451737,37.5,0.0,70.0,35.15151515151515,29.09090909090909,26.96969696969697,58.910891089108915,61.551155115511555,29.75247524752475,24.52970297029703,39.54545454545454,39.053030303030305,,33.25472547254726,0.0,0.33663366336633666,33.59135913591359,51.30896541384557,-18.054239941298313,0.0,0.0,33.25472547254726
31640157,Kristian Fucak,Istra 1961,Attacker,27,Croatia,16.0,498.0,1.0,0.0,13.0,5.0,86.0,68.6,8.0,0.0,68.0,20.0,2.0,0.0,6.67,10.0,2.0,1.0,4.0,3.0,0.0,2.0,1.0,1.0,6.0,8.0,0.0,0.0,4.0,9.0,0.0,0.180722891566265,0.0,2.3493975903614457,0.9036144578313252,15.542168674698797,1.4457831325301205,0.0,0.3614457831325301,1.8072289156626504,0.3614457831325301,0.180722891566265,0.7228915662650602,0.5421686746987951,0.0,0.3614457831325301,0.180722891566265,0.180722891566265,1.0843373493975903,1.4457831325301205,0.0,0.7228915662650602,56.25,38.46153846153846,7.6923076923076925,0.6859999999999999,29.41176470588235,31.125,0.180722891566265,20.0,0.0,50.0,50.303030303030305,19.393939393939394,23.939393939393938,14.356435643564353,28.21782178217822,10.297029702970297,24.777227722772274,7.272727272727272,19.015151515151516,,29.526552655265522,0.0,0.27722772277227725,29.8037803780378,49.340686507175306,-19.814133851909784,0.0,0.4839166690629497,30.010469324328472
22136685,Nathanaël Mbuku,Dinamo Zagreb,Attacker,24,DR Congo,16.0,496.0,2.0,1.0,13.0,6.0,166.0,81.33,9.0,4.0,84.0,42.0,0.0,0.0,6.98,14.0,4.0,3.0,24.0,25.0,8.0,8.0,6.0,8.0,5.0,3.0,0.0,0.0,7.0,7.0,0.0,0.3629032258064516,0.1814516129032258,2.3588709677419355,1.0887096774193548,30.120967741935484,1.6330645161290325,0.7258064516129032,0.0,2.540322580645161,0.7258064516129032,0.5443548387096774,4.354838709677419,4.536290322580645,1.4516129032258065,1.4516129032258065,1.0887096774193548,1.4516129032258065,0.907258064516129,0.5443548387096774,0.0,1.2701612903225807,43.75,46.15384615384615,15.384615384615383,0.8133,50.0,31.0,0.5443548387096775,28.571428571428573,32.0,75.0,82.42424242424242,87.27272727272727,78.7878787878788,96.2871287128713,61.7986798679868,64.95049504950495,39.17079207920793,63.18181818181819,80.75757575757575,,84.17416741674168,0.0,0.2376237623762376,84.41179117911791,63.406236779025285,20.767930637716397,10.383965318858198,0.0,94.55813273559988
85690,Luka Bogdan,Istra 1961,Defender,30,Croatia,7.0,494.0,0.0,0.0,2.0,1.0,195.0,73.85,6.0,17.0,54.0,35.0,3.0,0.0,6.86,1.0,1.0,3.0,5.0,0.0,0.0,40.0,13.0,0.0,23.0,28.0,0.0,0.0,9.0,0.0,0.0,0.0,0.0,0.3643724696356275,0.1821862348178137,35.526315789473685,1.0931174089068827,3.097165991902834,0.5465587044534413,0.1821862348178137,0.1821862348178137,0.5465587044534413,0.9109311740890688,0.0,0.0,7.287449392712551,2.3684210526315788,0.0,4.190283400809717,5.101214574898785,0.0,1.639676113360324,0.0,50.0,0.0,0.7384999999999999,64.81481481481481,70.57142857142857,0.0,100.0,0.0,32.5,42.129629629629626,26.38888888888889,71.06481481481482,3.465346534653463,55.85808580858086,34.702970297029694,77.6980198019802,31.423611111111107,47.945601851851855,,42.22153465346535,0.0,0.19801980198019803,42.41955445544554,49.340686507175306,-7.119151853709958,0.0,0.4839166690629497,42.7054513225283
72813,Domagoj Antolic,Lokomotiva Zagreb,Midfielder,36,Croatia,13.0,480.0,0.0,0.0,2.0,0.0,334.0,88.92,11.0,9.0,35.0,15.0,1.0,0.0,6.79,4.0,0.0,3.0,1.0,8.0,4.0,24.0,12.0,3.0,2.0,5.0,0.0,0.0,10.0,4.0,0.0,0.0,0.0,0.375,0.0,62.625,2.0625,1.6875,0.1875,0.75,0.0,0.5625,0.1875,1.5,0.75,4.5,2.25,0.5625,0.375,0.9375,0.0,1.875,30.76923076923077,0.0,0.0,0.8892,42.85714285714285,36.92307692307692,0.0,0.0,50.0,50.0,12.021857923497265,72.95081967213115,58.469945355191264,54.45544554455445,5.528052805280527,75.84158415841586,44.257425742574256,27.663934426229506,65.09562841530055,,48.47833143970134,0.0,0.15841584158415842,48.6367472812855,47.31337146692811,1.1649599727732323,0.5824799863866161,1.4975741891865475,50.5583856152745
37530358,Ante Orec,Rijeka,Defender,24,Croatia,7.0,464.0,0.0,0.0,3.0,1.0,141.0,69.5,18.0,2.0,54.0,38.0,3.0,0.0,7.04,8.0,4.0,1.0,10.0,14.0,3.0,21.0,3.0,7.0,6.0,15.0,0.0,0.0,5.0,4.0,0.0,0.0,0.0,0.5818965517241379,0.1939655172413793,27.349137931034484,3.4913793103448274,0.3879310344827586,0.5818965517241379,1.5517241379310345,0.7758620689655172,0.1939655172413793,1.9396551724137927,2.7155172413793105,0.5818965517241379,4.073275862068965,0.5818965517241379,1.3577586206896552,1.1637931034482758,2.909482758620689,0.0,0.9698275862068966,57.142857142857146,33.333333333333336,0.0,0.695,70.37037037037037,66.28571428571429,0.0,50.0,21.428571428571427,14.285714285714286,43.981481481481474,13.888888888888888,67.5925925925926,2.4752475247524757,74.33993399339933,45.049504950495056,62.648514851485146,56.59722222222222,48.55324074074074,,37.886413641364136,0.0,0.1188118811881188,38.00522552255225,51.55523601085063,-13.668822369486492,0.0,0.0,37.886413641364136
37708547,Mirko Susak,Lokomotiva Zagreb,Attacker,22,Croatia,21.0,452.0,2.0,0.0,13.0,5.0,115.0,70.43,6.0,2.0,50.0,18.0,1.0,0.0,6.76,5.0,1.0,2.0,3.0,4.0,0.0,12.0,7.0,1.0,9.0,3.0,0.0,0.0,8.0,2.0,0.0,0.3982300884955752,0.0,2.588495575221239,0.995575221238938,22.898230088495577,1.1946902654867255,0.3982300884955752,0.1991150442477876,0.995575221238938,0.1991150442477876,0.3982300884955752,0.5973451327433629,0.7964601769911505,0.0,2.3893805309734515,1.393805309734513,0.1991150442477876,1.7920353982300885,0.5973451327433629,0.0,1.592920353982301,9.523809523809524,38.46153846153846,15.384615384615383,0.7043,36.0,21.52380952380953,0.3982300884955752,20.0,0.0,58.333333333333336,80.60606060606061,33.333333333333336,40.303030303030305,50.0,21.452145214521455,20.99009900990099,28.14356435643564,22.727272727272727,42.196969696969695,,51.27272727272728,2.0,0.07920792079207921,53.35193519351936,47.31337146692811,3.95935580579917,1.979677902899585,1.4975741891865475,54.74997936481341
132583,Marijan Ćorić,Istra 1961,Goalkeeper,31,Croatia,5.0,450.0,0.0,0.0,0.0,0.0,135.0,30.37,0.0,0.0,4.0,3.0,0.0,0.0,6.53,0.0,0.0,1.0,0.0,0.0,0.0,119.0,26.0,0.0,3.0,4.0,9.0,4.0,8.0,1.0,0.0,0.0,0.0,0.0,0.0,27.0,0.0,0.0,0.0,0.0,0.0,0.2,0.0,0.0,0.0,23.8,5.2,0.0,0.6,0.8,1.8,1.6,20.0,0.0,0.0,0.3037,75.0,90.0,0.0,0.0,0.0,21.84873949579832,53.57142857142858,32.14285714285714,39.285714285714285,96.2871287128713,3.3828382838283826,27.77227722772277,29.467821782178216,58.92857142857143,37.94642857142857,20.71428571428571,47.12871287128713,0.0,0.039603960396039604,47.168316831683164,49.340686507175306,-2.211973635888178,0.0,0.4839166690629497,47.61262954035008
37596437,Roko Brajkovic,Hajduk Split,Attacker,21,Croatia,12.0,448.0,0.0,2.0,8.0,2.0,111.0,70.27,10.0,3.0,72.0,27.0,2.0,0.0,6.71,9.0,4.0,5.0,6.0,15.0,3.0,6.0,2.0,8.0,7.0,2.0,0.0,0.0,2.0,3.0,0.0,0.0,0.4017857142857143,1.6071428571428572,0.4017857142857143,22.299107142857142,2.008928571428572,0.6026785714285714,0.4017857142857143,1.8080357142857144,0.8035714285714286,1.0044642857142858,1.2053571428571428,3.013392857142857,0.6026785714285714,1.2053571428571428,0.4017857142857143,1.6071428571428572,1.40625,0.4017857142857143,0.0,0.4017857142857143,25.0,25.0,0.0,0.7027,37.5,37.333333333333336,0.4017857142857143,44.44444444444444,20.0,33.333333333333336,,,,,,,,,,,,4.0,,,49.584473497440825,,,0.36202317393019,
37690641,Filip Kruselj,Slaven Koprivnica,Defender,21,Croatia,6.0,441.0,0.0,0.0,0.0,0.0,144.0,71.53,17.0,7.0,49.0,28.0,1.0,0.0,6.9,4.0,3.0,9.0,6.0,16.0,4.0,18.0,5.0,1.0,2.0,21.0,0.0,0.0,8.0,0.0,0.0,0.0,0.0,0.0,0.0,29.387755102040817,3.4693877551020407,1.4285714285714286,0.2040816326530612,0.8163265306122449,0.6122448979591837,1.836734693877551,1.2244897959183674,3.26530612244898,0.8163265306122449,3.673469387755102,1.020408163265306,0.2040816326530612,0.4081632653061224,4.285714285714286,0.0,1.6326530612244898,0.0,0.0,0.0,0.7153,57.142857142857146,73.5,0.0,75.0,25.0,27.77777777777778,,,,,,,,,,,,4.0,,,51.30896541384557,,,0.0,
537380,Mesaque Dju,Gorica,Attacker,27,Portugal,10.0,424.0,0.0,0.0,11.0,3.0,94.0,67.02,3.0,1.0,55.0,22.0,0.0,0.0,6.77,13.0,3.0,1.0,9.0,7.0,0.0,10.0,6.0,3.0,6.0,6.0,0.0,0.0,7.0,2.0,0.0,0.0,0.0,2.3349056603773586,0.6367924528301887,19.952830188679247,0.6367924528301887,0.2122641509433962,0.0,2.759433962264151,0.6367924528301887,0.2122641509433962,1.910377358490566,1.4858490566037736,0.0,2.1226415094339623,1.2735849056603774,0.6367924528301887,1.2735849056603774,1.2735849056603774,0.0,1.4858490566037736,20.0,27.272727272727277,0.0,0.6701999999999999,40.0,42.4,0.0,23.07692307692308,0.0,60.0,,,,,,,,,,,,0.0,,,44.70718855697045,,,2.8006656441653774,
61320,Aleksandar Trajkovski,Hajduk Split,Attacker,33,Macedonia,16.0,418.0,3.0,0.0,11.0,8.0,99.0,72.73,4.0,0.0,51.0,25.0,0.0,0.0,6.87,5.0,0.0,0.0,15.0,1.0,0.0,3.0,1.0,4.0,6.0,3.0,0.0,0.0,5.0,3.0,0.0,0.645933014354067,0.0,2.3684210526315788,1.722488038277512,21.31578947368421,0.861244019138756,0.0,0.0,1.076555023923445,0.0,0.0,3.229665071770335,0.215311004784689,0.0,0.645933014354067,0.215311004784689,0.861244019138756,1.291866028708134,0.645933014354067,0.0,1.076555023923445,18.75,72.72727272727273,27.272727272727277,0.7273000000000001,49.01960784313726,26.125,0.645933014354067,0.0,0.0,33.333333333333336,,,,,,,,,,,,0.0,,,49.584473497440825,,,0.36202317393019,
37590876,Mody Boune,Lokomotiva Zagreb,Defender,24,France,7.0,411.0,0.0,1.0,1.0,0.0,126.0,65.87,11.0,4.0,48.0,25.0,0.0,0.0,6.73,8.0,3.0,2.0,8.0,14.0,2.0,22.0,6.0,2.0,3.0,7.0,0.0,0.0,8.0,1.0,0.0,0.0,0.218978102189781,0.218978102189781,0.0,27.59124087591241,2.408759124087591,0.8759124087591241,0.0,1.7518248175182485,0.656934306569343,0.437956204379562,1.7518248175182485,3.065693430656934,0.437956204379562,4.817518248175182,1.313868613138686,0.437956204379562,0.656934306569343,1.532846715328467,0.0,1.7518248175182485,14.285714285714286,0.0,0.0,0.6587000000000001,52.083333333333336,58.71428571428572,0.218978102189781,37.5,14.285714285714286,27.272727272727277,,,,,,,,,,,,0.0,,,47.31337146692811,,,1.4975741891865475,
32819228,Silvio Ilinkovic,Rijeka,Midfielder,23,Bosnia and Herzegovina,14.0,407.0,0.0,1.0,1.0,0.0,130.0,73.85,9.0,6.0,59.0,29.0,0.0,0.0,6.79,8.0,6.0,4.0,11.0,7.0,1.0,19.0,16.0,4.0,5.0,3.0,0.0,0.0,3.0,7.0,0.0,0.0,0.2211302211302211,0.2211302211302211,0.0,28.74692874692875,1.99017199017199,1.3267813267813269,0.0,1.769041769041769,1.3267813267813269,0.8845208845208845,2.4324324324324325,1.547911547911548,0.2211302211302211,4.201474201474201,3.538083538083538,0.8845208845208845,1.1056511056511056,0.6633906633906634,0.0,0.6633906633906634,50.0,0.0,0.0,0.7384999999999999,49.15254237288136,29.071428571428573,0.2211302211302211,75.0,14.285714285714286,84.21052631578948,,,,,,,,,,,,0.0,,,51.55523601085063,,,0.0,
537274,Oleksandr Petrusenko,Istra 1961,Midfielder,28,Ukraine,5.0,389.0,1.0,0.0,4.0,2.0,150.0,86.0,9.0,3.0,32.0,17.0,1.0,0.0,6.94,2.0,1.0,4.0,4.0,6.0,4.0,9.0,4.0,5.0,3.0,4.0,0.0,0.0,11.0,1.0,0.0,0.2313624678663239,0.0,0.9254498714652956,0.4627249357326478,34.70437017994858,2.082262210796915,0.6940874035989717,0.2313624678663239,0.4627249357326478,0.2313624678663239,0.9254498714652956,0.9254498714652956,1.3881748071979434,0.9254498714652956,2.082262210796915,0.9254498714652956,1.1568123393316196,0.6940874035989717,0.9254498714652956,0.0,2.544987146529563,20.0,50.0,25.0,0.86,53.125,77.8,0.2313624678663239,50.0,66.66666666666667,44.44444444444444,,,,,,,,,,,,0.0,,,49.340686507175306,,,0.4839166690629497,
36460828,Toni Silić,Hajduk Split,Goalkeeper,27,Croatia,5.0,382.0,0.0,0.0,0.0,0.0,134.0,67.16,0.0,0.0,2.0,0.0,0.0,0.0,6.73,0.0,0.0,0.0,0.0,0.0,0.0,72.0,30.0,0.0,0.0,3.0,12.0,7.0,3.0,1.0,0.0,0.0,0.0,0.0,0.0,31.57068062827225,0.0,0.0,0.0,0.0,0.0,0.0,0.0,0.0,0.0,16.963350785340314,7.0680628272251305,0.0,0.0,0.7068062827225131,2.8272251308900525,0.7068062827225131,20.0,0.0,0.0,0.6716,0.0,76.4,0.0,0.0,0.0,41.66666666666666,,,,,,,,,,,,0.0,,,49.584473497440825,,,0.36202317393019,
26918,R. Murić,Slaven Koprivnica,Attacker,30,Croatia,9.0,377.0,0.0,1.0,8.0,2.0,123.0,66.67,3.0,0.0,27.0,14.0,0.0,0.0,6.86,5.0,3.0,1.0,5.0,40.0,6.0,44.0,22.0,6.0,1.0,1.0,0.0,0.0,6.0,0.0,0.0,0.0,0.2387267904509283,1.909814323607427,0.4774535809018567,29.363395225464192,0.7161803713527851,0.0,0.0,1.193633952254642,0.7161803713527851,0.2387267904509283,1.193633952254642,9.549071618037136,1.4323607427055702,10.503978779840848,5.251989389920424,1.4323607427055702,0.2387267904509283,0.2387267904509283,0.0,1.4323607427055702,0.0,25.0,0.0,0.6667000000000001,51.851851851851855,41.888888888888886,0.2387267904509283,60.0,15.0,50.0,,,,,,,,,,,,0.0,,,51.30896541384557,,,0.0,
44931,Dominik Martinovic,Slaven Koprivnica,Attacker,29,Croatia,10.0,375.0,1.0,1.0,8.0,2.0,115.0,66.96,5.0,0.0,52.0,18.0,0.0,0.0,6.79,8.0,3.0,3.0,5.0,4.0,2.0,3.0,2.0,7.0,6.0,0.0,0.0,0.0,7.0,1.0,0.0,0.24,0.24,1.92,0.48,27.6,1.2,0.0,0.0,1.92,0.72,0.72,1.2,0.96,0.48,0.72,0.48,1.68,1.44,0.0,0.0,1.68,10.0,25.0,12.5,0.6696,34.61538461538461,37.5,0.48,37.5,50.0,66.66666666666667,,,,,,,,,,,,0.0,,,51.30896541384557,,,0.0,
75251,Bruno Goda,Rijeka,Defender,28,Croatia,6.0,372.0,0.0,0.0,0.0,0.0,175.0,67.43,10.0,6.0,47.0,30.0,1.0,0.0,7.0,7.0,5.0,1.0,5.0,10.0,5.0,31.0,10.0,2.0,10.0,10.0,0.0,0.0,3.0,4.0,0.0,0.0,0.0,0.0,0.0,42.33870967741935,2.419354838709677,1.4516129032258065,0.2419354838709677,1.6935483870967742,1.2096774193548387,0.2419354838709677,1.2096774193548387,2.419354838709677,1.2096774193548387,7.5,2.419354838709677,0.4838709677419355,2.419354838709677,2.419354838709677,0.0,0.7258064516129032,66.66666666666667,0.0,0.0,0.6743000000000001,63.82978723404256,62.0,0.0,71.42857142857143,50.0,32.25806451612903,,,,,,,,,,,,0.0,,,51.55523601085063,,,0.0,
12392836,Leon Dajaku,Hajduk Split,Attacker,25,Germany,10.0,364.0,0.0,1.0,4.0,1.0,108.0,74.07,3.0,2.0,36.0,10.0,0.0,0.0,6.69,13.0,1.0,1.0,2.0,20.0,2.0,5.0,3.0,5.0,3.0,1.0,0.0,0.0,2.0,4.0,0.0,0.0,0.2472527472527472,0.989010989010989,0.2472527472527472,26.703296703296704,0.7417582417582418,0.4945054945054945,0.0,3.2142857142857144,0.2472527472527472,0.2472527472527472,0.4945054945054945,4.945054945054945,0.4945054945054945,1.2362637362637363,0.7417582417582418,1.2362637362637363,0.7417582417582418,0.2472527472527472,0.0,0.4945054945054945,40.0,25.0,0.0,0.7406999999999999,27.77777777777778,36.4,0.2472527472527472,7.6923076923076925,10.0,60.0,,,,,,,,,,,,0.0,,,49.584473497440825,,,0.36202317393019,
37667185,Filip Zivkovic,Osijek,Attacker,19,Croatia,18.0,362.0,1.0,0.0,8.0,1.0,101.0,64.36,6.0,3.0,74.0,35.0,1.0,0.0,6.81,14.0,6.0,5.0,12.0,10.0,2.0,8.0,2.0,4.0,12.0,8.0,0.0,0.0,6.0,3.0,0.0,0.2486187845303867,0.0,1.988950276243094,0.2486187845303867,25.11049723756906,1.4917127071823204,0.7458563535911602,0.2486187845303867,3.4806629834254146,1.4917127071823204,1.2430939226519335,2.983425414364641,2.4861878453038675,0.4972375690607735,1.988950276243094,0.4972375690607735,0.994475138121547,2.983425414364641,1.988950276243094,0.0,1.4917127071823204,16.666666666666668,12.5,12.5,0.6436,47.2972972972973,20.11111111111111,0.2486187845303867,42.85714285714285,20.0,25.0,,,,,,,,,,,,8.0,,,52.198656341043936,,,0.0,
37336880,Nikola Cavlina ,Osijek,Goalkeeper,24,Croatia,4.0,360.0,0.0,0.0,0.0,0.0,90.0,77.78,0.0,0.0,3.0,2.0,0.0,0.0,6.63,0.0,0.0,0.0,2.0,0.0,0.0,37.0,18.0,0.0,1.0,4.0,10.0,9.0,8.0,1.0,0.0,0.0,0.0,0.0,0.0,22.5,0.0,0.0,0.0,0.0,0.0,0.0,0.5,0.0,0.0,9.25,4.5,0.0,0.25,1.0,2.5,2.0,25.0,0.0,0.0,0.7778,66.66666666666667,90.0,0.0,0.0,0.0,48.648648648648646,,,,,,,,,,,,0.0,,,52.198656341043936,,,0.0,
5666584,Josip Silic,Varaždin,Goalkeeper,26,Croatia,4.0,360.0,0.0,0.0,0.0,0.0,128.0,53.91,0.0,0.0,0.0,0.0,0.0,0.0,6.83,0.0,0.0,0.0,0.0,0.0,0.0,90.0,33.0,0.0,0.0,5.0,10.0,9.0,5.0,0.0,0.0,0.0,0.0,0.0,0.0,32.0,0.0,0.0,0.0,0.0,0.0,0.0,0.0,0.0,0.0,22.5,8.25,0.0,0.0,1.25,2.5,1.25,0.0,0.0,0.0,0.5390999999999999,0.0,90.0,0.0,0.0,0.0,36.66666666666666,,,,,,,,,,,,0.0,,,48.29913047958605,,,1.0046946828575791,
37541292,Karlo Lusavec,Varaždin,Midfielder,22,Croatia,4.0,360.0,0.0,0.0,1.0,0.0,87.0,82.76,3.0,0.0,15.0,7.0,1.0,0.0,6.83,0.0,0.0,1.0,1.0,1.0,0.0,14.0,7.0,0.0,3.0,0.0,0.0,0.0,2.0,3.0,0.0,0.0,0.0,0.25,0.0,21.75,0.75,0.0,0.25,0.0,0.0,0.25,0.25,0.25,0.0,3.5,1.75,0.0,0.75,0.0,0.0,0.5,75.0,0.0,0.0,0.8276,46.66666666666666,90.0,0.0,0.0,0.0,50.0,,,,,,,,,,,,2.0,,,48.29913047958605,,,1.0046946828575791,
3568417,Darko Nejasmic,Osijek,Midfielder,27,Croatia,4.0,360.0,0.0,0.0,2.0,1.0,191.0,80.63,7.0,9.0,45.0,25.0,0.0,0.0,6.99,8.0,6.0,7.0,7.0,1.0,0.0,29.0,13.0,1.0,5.0,5.0,0.0,0.0,7.0,0.0,0.0,0.0,0.0,0.5,0.25,47.75,1.75,2.25,0.0,2.0,1.5,1.75,1.75,0.25,0.0,7.25,3.25,0.25,1.25,1.25,0.0,1.75,0.0,50.0,0.0,0.8062999999999999,55.55555555555556,90.0,0.0,75.0,0.0,44.82758620689656,,,,,,,,,,,,0.0,,,52.198656341043936,,,0.0,
73443,Mateusz Stolarski,Slaven Koprivnica,Goalkeeper,35,Croatia,4.0,360.0,0.0,0.0,0.0,0.0,82.0,67.07,1.0,0.0,4.0,3.0,2.0,0.0,7.01,0.0,0.0,0.0,1.0,0.0,0.0,44.0,17.0,0.0,1.0,3.0,14.0,12.0,8.0,0.0,0.0,0.0,0.0,0.0,0.0,20.5,0.25,0.0,0.5,0.0,0.0,0.0,0.25,0.0,0.0,11.0,4.25,0.0,0.25,0.75,3.5,2.0,0.0,0.0,0.0,0.6707,75.0,90.0,0.0,0.0,0.0,38.63636363636363,,,,,,,,,,,,0.0,,,51.30896541384557,,,0.0,
62931,Lovre Kalinić,Hajduk Split,Goalkeeper,36,Croatia,4.0,360.0,0.0,0.0,0.0,0.0,68.0,75.0,0.0,0.0,0.0,0.0,2.0,0.0,7.14,0.0,0.0,0.0,0.0,0.0,0.0,25.0,8.0,0.0,0.0,0.0,13.0,5.0,4.0,0.0,0.0,0.0,0.0,0.0,0.0,17.0,0.0,0.0,0.5,0.0,0.0,0.0,0.0,0.0,0.0,6.25,2.0,0.0,0.0,0.0,3.25,1.0,0.0,0.0,0.0,0.75,0.0,90.0,0.0,0.0,0.0,32.0,,,,,,,,,,,,0.0,,,49.584473497440825,,,0.36202317393019,
37590848,Elias Filet,Istra 1961,Attacker,24,France,10.0,359.0,1.0,1.0,5.0,1.0,102.0,71.57,1.0,0.0,61.0,29.0,0.0,0.0,6.83,9.0,5.0,1.0,11.0,2.0,0.0,8.0,6.0,6.0,13.0,2.0,0.0,0.0,6.0,1.0,0.0,0.2506963788300835,0.2506963788300835,1.2534818941504178,0.2506963788300835,25.571030640668525,0.2506963788300835,0.0,0.0,2.256267409470752,1.2534818941504178,0.2506963788300835,2.7576601671309198,0.5013927576601671,0.0,2.0055710306406684,1.504178272980501,1.504178272980501,3.2590529247910864,0.5013927576601671,0.0,1.504178272980501,10.0,20.0,20.0,0.7156999999999999,47.540983606557376,35.9,0.5013927576601671,55.55555555555556,0.0,75.0,,,,,,,,,,,,0.0,,,49.340686507175306,,,0.4839166690629497,
10959305,Takuya Ogiwara,Dinamo Zagreb,Defender,26,Japan,6.0,345.0,0.0,0.0,1.0,0.0,140.0,78.57,7.0,5.0,32.0,15.0,1.0,0.0,6.99,3.0,2.0,4.0,4.0,16.0,4.0,26.0,13.0,4.0,2.0,8.0,0.0,0.0,4.0,4.0,0.0,0.0,0.0,0.2608695652173913,0.0,36.52173913043478,1.826086956521739,1.3043478260869563,0.2608695652173913,0.782608695652174,0.5217391304347826,1.0434782608695652,1.0434782608695652,4.173913043478261,1.0434782608695652,6.782608695652174,3.391304347826087,1.0434782608695652,0.5217391304347826,2.0869565217391304,0.0,1.0434782608695652,66.66666666666667,0.0,0.0,0.7857,46.875,57.5,0.0,66.66666666666667,25.0,50.0,,,,,,,,,,,,0.0,,,63.406236779025285,,,0.0,
63595,Zoran Nizic,Šibenik,Defender,36,Croatia,4.0,338.0,0.0,0.0,3.0,0.0,118.0,82.2,2.0,0.0,34.0,18.0,1.0,0.0,6.92,0.0,0.0,0.0,2.0,1.0,1.0,22.0,14.0,1.0,14.0,20.0,0.0,0.0,7.0,0.0,0.0,0.0,0.0,0.7988165680473372,0.0,31.420118343195263,0.5325443786982249,0.0,0.2662721893491124,0.0,0.0,0.0,0.5325443786982249,0.2662721893491124,0.2662721893491124,5.8579881656804735,3.727810650887574,0.2662721893491124,3.727810650887574,5.325443786982248,0.0,1.863905325443787,0.0,0.0,0.0,0.8220000000000001,52.94117647058823,84.5,0.0,0.0,100.0,63.63636363636363,,,,,,,,,,,,0.0,,,45.37125340014588,,,2.4686332225776617,
37600577,Fabijan Krivak,Lokomotiva Zagreb,Midfielder,21,Croatia,7.0,323.0,0.0,1.0,4.0,3.0,112.0,77.68,6.0,3.0,35.0,18.0,0.0,0.0,6.81,9.0,3.0,4.0,8.0,4.0,1.0,4.0,2.0,5.0,1.0,2.0,0.0,0.0,3.0,2.0,0.0,0.0,0.2786377708978328,1.1145510835913313,0.8359133126934984,31.20743034055728,1.671826625386997,0.8359133126934984,0.0,2.5077399380804954,0.8359133126934984,1.1145510835913313,2.2291021671826625,1.1145510835913313,0.2786377708978328,1.1145510835913313,0.5572755417956656,1.3931888544891642,0.2786377708978328,0.5572755417956656,0.0,0.8359133126934984,28.571428571428573,75.0,0.0,0.7768,51.42857142857143,46.142857142857146,0.2786377708978328,33.333333333333336,25.0,50.0,,,,,,,,,,,,4.0,,,47.31337146692811,,,1.4975741891865475,
37371082,Franjo Ivanović,Rijeka,Attacker,22,Croatia,4.0,321.0,3.0,1.0,15.0,6.0,54.0,74.07,2.0,2.0,59.0,23.0,0.0,0.0,7.67,16.0,7.0,2.0,9.0,0.0,0.0,2.0,2.0,3.0,5.0,1.0,0.0,0.0,0.0,4.0,0.0,0.8411214953271028,0.2803738317757009,4.205607476635514,1.6822429906542056,15.14018691588785,0.5607476635514018,0.5607476635514018,0.0,4.485981308411215,1.9626168224299063,0.5607476635514018,2.5233644859813085,0.0,0.0,0.5607476635514018,0.5607476635514018,0.8411214953271028,1.4018691588785046,0.2803738317757009,0.0,0.0,100.0,40.0,20.0,0.7406999999999999,38.983050847457626,80.25,1.1214953271028036,43.75,0.0,100.0,,,,,,,,,,,,2.0,,,51.55523601085063,,,0.0,
37745418,Luka Vrzic,Gorica,Attacker,19,,18.0,321.0,0.0,0.0,5.0,0.0,100.0,68.0,10.0,2.0,51.0,19.0,0.0,0.0,6.57,12.0,4.0,4.0,2.0,12.0,3.0,10.0,5.0,2.0,2.0,3.0,0.0,0.0,7.0,3.0,0.0,0.0,0.0,1.4018691588785046,0.0,28.03738317757009,2.803738317757009,0.5607476635514018,0.0,3.364485981308411,1.1214953271028036,1.1214953271028036,0.5607476635514018,3.364485981308411,0.8411214953271028,2.803738317757009,1.4018691588785046,0.5607476635514018,0.5607476635514018,0.8411214953271028,0.0,1.9626168224299063,16.666666666666668,0.0,0.0,0.68,37.25490196078432,17.833333333333332,0.0,33.333333333333336,25.0,50.0,,,,,,,,,,,,8.0,,,44.70718855697045,,,2.8006656441653774,
37694126,Jovan Ivanisevic,Istra 1961,Defender,21,United States,7.0,318.0,0.0,0.0,0.0,0.0,105.0,75.24,7.0,2.0,28.0,14.0,1.0,0.0,6.91,1.0,0.0,2.0,2.0,0.0,0.0,32.0,14.0,0.0,5.0,13.0,0.0,0.0,3.0,2.0,0.0,0.0,0.0,0.0,0.0,29.71698113207547,1.981132075471698,0.5660377358490566,0.2830188679245283,0.2830188679245283,0.0,0.5660377358490566,0.5660377358490566,0.0,0.0,9.056603773584904,3.962264150943396,0.0,1.4150943396226414,3.679245283018868,0.0,0.8490566037735849,28.571428571428573,0.0,0.0,0.7524,50.0,45.42857142857143,0.0,0.0,0.0,43.75,,,,,,,,,,,,4.0,,,49.340686507175306,,,0.4839166690629497,
37596440,Antonio Jakir,Slaven Koprivnica,Defender,23,Croatia,5.0,316.0,0.0,1.0,1.0,0.0,154.0,79.22,6.0,4.0,36.0,17.0,0.0,0.0,6.9,5.0,1.0,1.0,5.0,8.0,1.0,24.0,7.0,4.0,5.0,11.0,0.0,0.0,3.0,2.0,0.0,0.0,0.2848101265822785,0.2848101265822785,0.0,43.86075949367088,1.7088607594936709,1.139240506329114,0.0,1.4240506329113924,0.2848101265822785,0.2848101265822785,1.4240506329113924,2.278481012658228,0.2848101265822785,6.835443037974684,1.9936708860759491,1.139240506329114,1.4240506329113924,3.132911392405063,0.0,0.8544303797468354,40.0,0.0,0.0,0.7922,47.22222222222222,63.2,0.2848101265822785,20.0,12.5,29.166666666666668,,,,,,,,,,,,0.0,,,51.30896541384557,,,0.0,
37594816,Hamza Jaganjac,Istra 1961,Attacker,22,Bosnia and Herzegovina,10.0,315.0,0.0,0.0,8.0,0.0,71.0,66.2,2.0,2.0,47.0,10.0,2.0,0.0,6.67,4.0,0.0,4.0,5.0,0.0,0.0,4.0,1.0,4.0,5.0,4.0,0.0,0.0,5.0,4.0,0.0,0.0,0.0,2.2857142857142856,0.0,20.285714285714285,0.5714285714285714,0.5714285714285714,0.5714285714285714,1.1428571428571428,0.0,1.1428571428571428,1.4285714285714286,0.0,0.0,1.1428571428571428,0.2857142857142857,1.1428571428571428,1.4285714285714286,1.1428571428571428,0.0,1.4285714285714286,40.0,0.0,0.0,0.662,21.27659574468085,31.5,0.0,0.0,0.0,25.0,,,,,,,,,,,,2.0,,,49.340686507175306,,,0.4839166690629497,
95932,André Poko,Istra 1961,Midfielder,33,Gabon,7.0,309.0,0.0,0.0,3.0,0.0,104.0,75.0,12.0,7.0,42.0,19.0,1.0,0.0,6.79,5.0,1.0,4.0,3.0,1.0,0.0,13.0,6.0,1.0,3.0,6.0,0.0,0.0,6.0,1.0,0.0,0.0,0.0,0.8737864077669902,0.0,30.29126213592233,3.495145631067961,2.0388349514563107,0.2912621359223301,1.4563106796116505,0.2912621359223301,1.1650485436893203,0.8737864077669902,0.2912621359223301,0.0,3.7864077669902914,1.7475728155339805,0.2912621359223301,0.8737864077669902,1.7475728155339805,0.0,1.7475728155339805,14.285714285714286,0.0,0.0,0.75,45.23809523809524,44.142857142857146,0.0,20.0,0.0,46.15384615384615,,,,,,,,,,,,0.0,,,49.340686507175306,,,0.4839166690629497,
297524,Sadegh Moharrami,Dinamo Zagreb,Defender,30,Iran,8.0,307.0,0.0,0.0,1.0,0.0,168.0,75.6,12.0,1.0,50.0,32.0,2.0,0.0,7.04,18.0,12.0,0.0,8.0,26.0,7.0,19.0,5.0,7.0,1.0,2.0,0.0,0.0,1.0,3.0,0.0,0.0,0.0,0.2931596091205212,0.0,49.25081433224756,3.517915309446254,0.2931596091205212,0.5863192182410424,5.276872964169381,3.517915309446254,0.0,2.345276872964169,7.62214983713355,2.052117263843648,5.570032573289902,1.4657980456026058,2.052117263843648,0.2931596091205212,0.5863192182410424,0.0,0.2931596091205212,37.5,0.0,0.0,0.7559999999999999,64.0,38.375,0.0,66.66666666666667,26.923076923076923,26.31578947368421,,,,,,,,,,,,0.0,,,63.406236779025285,,,0.0,
24838196,Veldin Hodza,Rijeka,Midfielder,23,Croatia,5.0,297.0,2.0,0.0,8.0,2.0,85.0,84.71,5.0,4.0,34.0,17.0,0.0,0.0,7.3,4.0,1.0,1.0,6.0,3.0,0.0,10.0,8.0,2.0,4.0,6.0,0.0,0.0,1.0,4.0,0.0,0.6060606060606061,0.0,2.4242424242424243,0.6060606060606061,25.75757575757576,1.5151515151515151,1.2121212121212122,0.0,1.2121212121212122,0.303030303030303,0.303030303030303,1.818181818181818,0.9090909090909092,0.0,3.0303030303030303,2.4242424242424243,0.6060606060606061,1.2121212121212122,1.818181818181818,0.0,0.303030303030303,80.0,25.0,25.0,0.8471,50.0,59.4,0.6060606060606061,25.0,0.0,80.0,,,,,,,,,,,,0.0,,,51.55523601085063,,,0.0,
2148023,Ivan Borna Jelic Balta,Slaven Koprivnica,Midfielder,33,Croatia,9.0,293.0,0.0,0.0,6.0,1.0,101.0,64.36,4.0,6.0,33.0,20.0,1.0,0.0,6.87,2.0,0.0,1.0,1.0,0.0,0.0,16.0,10.0,1.0,13.0,7.0,0.0,0.0,5.0,2.0,0.0,0.0,0.0,1.8430034129692836,0.3071672354948805,31.02389078498293,1.2286689419795225,1.8430034129692836,0.3071672354948805,0.6143344709897611,0.0,0.3071672354948805,0.3071672354948805,0.0,0.0,4.914675767918089,3.0716723549488054,0.3071672354948805,3.993174061433447,2.150170648464164,0.0,1.5358361774744027,22.22222222222222,16.666666666666668,0.0,0.6436,60.60606060606061,32.55555555555556,0.0,0.0,0.0,62.5,,,,,,,,,,,,0.0,,,51.30896541384557,,,0.0,
37696422,Branko Pavic,Dinamo Zagreb,Midfielder,19,Croatia,7.0,289.0,0.0,0.0,4.0,1.0,131.0,85.5,7.0,7.0,21.0,13.0,0.0,0.0,6.88,2.0,0.0,2.0,1.0,1.0,1.0,14.0,8.0,2.0,5.0,11.0,0.0,0.0,5.0,2.0,0.0,0.0,0.0,1.245674740484429,0.3114186851211072,40.79584775086505,2.179930795847751,2.179930795847751,0.0,0.6228373702422145,0.0,0.6228373702422145,0.3114186851211072,0.3114186851211072,0.3114186851211072,4.359861591695502,2.491349480968858,0.6228373702422145,1.5570934256055364,3.42560553633218,0.0,1.5570934256055364,28.571428571428573,25.0,0.0,0.855,61.90476190476191,41.285714285714285,0.0,0.0,100.0,57.142857142857146,,,,,,,,,,,,8.0,,,63.406236779025285,,,0.0,
37332667,Bruno Zdunić,Šibenik,Attacker,25,Croatia,13.0,266.0,0.0,0.0,3.0,2.0,44.0,70.45,6.0,4.0,44.0,19.0,2.0,0.0,6.66,5.0,1.0,1.0,6.0,1.0,1.0,3.0,0.0,1.0,6.0,8.0,0.0,0.0,6.0,2.0,0.0,0.0,0.0,1.0150375939849623,0.6766917293233082,14.887218045112782,2.030075187969925,1.3533834586466165,0.6766917293233082,1.6917293233082706,0.3383458646616541,0.3383458646616541,2.030075187969925,0.3383458646616541,0.3383458646616541,1.0150375939849623,0.0,0.3383458646616541,2.030075187969925,2.706766917293233,0.0,2.030075187969925,15.384615384615383,66.66666666666667,0.0,0.7045,43.18181818181818,20.46153846153846,0.0,20.0,100.0,0.0,,,,,,,,,,,,0.0,,,45.37125340014588,,,2.4686332225776617,
102089,Fahd Moufi,Hajduk Split,Defender,30,Morocco,5.0,260.0,0.0,0.0,1.0,1.0,70.0,70.0,6.0,1.0,23.0,11.0,0.0,0.0,6.66,4.0,2.0,0.0,2.0,3.0,0.0,7.0,1.0,0.0,1.0,4.0,0.0,0.0,3.0,1.0,0.0,0.0,0.0,0.3461538461538461,0.3461538461538461,24.23076923076923,2.076923076923077,0.3461538461538461,0.0,1.3846153846153846,0.6923076923076923,0.0,0.6923076923076923,1.0384615384615383,0.0,2.423076923076923,0.3461538461538461,0.0,0.3461538461538461,1.3846153846153846,0.0,1.0384615384615383,20.0,100.0,0.0,0.7,47.82608695652174,52.0,0.0,50.0,0.0,14.285714285714286,,,,,,,,,,,,0.0,,,49.584473497440825,,,0.36202317393019,
37373601,Jovan Manev,Rijeka,Defender,25,Macedonia,7.0,259.0,0.0,0.0,1.0,0.0,157.0,91.08,3.0,5.0,25.0,15.0,2.0,0.0,6.87,1.0,0.0,0.0,3.0,1.0,0.0,12.0,7.0,0.0,9.0,17.0,0.0,0.0,5.0,4.0,0.0,0.0,0.0,0.3474903474903475,0.0,54.55598455598456,1.0424710424710424,1.7374517374517375,0.694980694980695,0.3474903474903475,0.0,0.0,1.0424710424710424,0.3474903474903475,0.0,4.1698841698841695,2.4324324324324325,0.0,3.1274131274131274,5.907335907335908,0.0,1.7374517374517375,57.142857142857146,0.0,0.0,0.9108,60.0,37.0,0.0,0.0,0.0,58.333333333333336,,,,,,,,,,,,0.0,,,51.55523601085063,,,0.0,
133994,Jan Mlakar,Hajduk Split,Attacker,27,Slovenia,6.0,255.0,1.0,0.0,1.0,1.0,76.0,61.84,3.0,1.0,29.0,10.0,1.0,0.0,6.77,5.0,1.0,3.0,3.0,4.0,1.0,3.0,1.0,2.0,3.0,3.0,0.0,0.0,2.0,1.0,0.0,0.3529411764705882,0.0,0.3529411764705882,0.3529411764705882,26.823529411764707,1.0588235294117647,0.3529411764705882,0.3529411764705882,1.7647058823529411,0.3529411764705882,1.0588235294117647,1.0588235294117647,1.411764705882353,0.3529411764705882,1.0588235294117647,0.3529411764705882,0.7058823529411765,1.0588235294117647,1.0588235294117647,0.0,0.7058823529411765,16.666666666666668,100.0,100.0,0.6184000000000001,34.48275862068966,42.5,0.3529411764705882,20.0,25.0,33.333333333333336,,,,,,,,,,,,0.0,,,49.584473497440825,,,0.36202317393019,
37572334,Carlos Torres,Šibenik,Attacker,23,Colombia,6.0,250.0,0.0,0.0,3.0,2.0,30.0,73.33,5.0,3.0,49.0,25.0,0.0,0.0,6.7,14.0,7.0,4.0,11.0,3.0,0.0,3.0,1.0,2.0,2.0,0.0,0.0,0.0,7.0,2.0,0.0,0.0,0.0,1.08,0.72,10.8,1.8,1.08,0.0,5.04,2.52,1.44,3.96,1.08,0.0,1.08,0.36,0.72,0.72,0.0,0.0,2.52,33.333333333333336,66.66666666666667,0.0,0.7333,51.02040816326531,41.66666666666666,0.0,50.0,0.0,33.333333333333336,,,,,,,,,,,,0.0,,,45.37125340014588,,,2.4686332225776617,
37667194,Antonio Baždarić,Lokomotiva Zagreb,Midfielder,20,Croatia,8.0,247.0,0.0,0.0,6.0,1.0,101.0,78.22,4.0,2.0,25.0,12.0,0.0,0.0,6.78,0.0,0.0,1.0,4.0,0.0,0.0,13.0,8.0,4.0,5.0,1.0,0.0,0.0,7.0,0.0,0.0,0.0,0.0,2.1862348178137654,0.3643724696356275,36.80161943319838,1.45748987854251,0.728744939271255,0.0,0.0,0.0,0.3643724696356275,1.45748987854251,0.0,0.0,4.7368421052631575,2.91497975708502,1.45748987854251,1.8218623481781375,0.3643724696356275,0.0,2.5506072874493926,0.0,16.666666666666668,0.0,0.7822,48.0,30.875,0.0,0.0,0.0,61.53846153846154,,,,,,,,,,,,6.0,,,47.31337146692811,,,1.4975741891865475,
3181374,Jaime Sierra,Varaždin,Midfielder,28,Spain,6.0,245.0,0.0,0.0,3.0,0.0,95.0,95.79,6.0,4.0,20.0,12.0,2.0,0.0,6.84,2.0,2.0,4.0,4.0,1.0,1.0,8.0,7.0,1.0,1.0,3.0,0.0,0.0,1.0,4.0,0.0,0.0,0.0,1.1020408163265305,0.0,34.89795918367347,2.204081632653061,1.469387755102041,0.7346938775510204,0.7346938775510204,0.7346938775510204,1.469387755102041,1.469387755102041,0.3673469387755102,0.3673469387755102,2.938775510204082,2.571428571428572,0.3673469387755102,0.3673469387755102,1.1020408163265305,0.0,0.3673469387755102,66.66666666666667,0.0,0.0,0.9579,60.0,40.833333333333336,0.0,100.0,100.0,87.5,,,,,,,,,,,,0.0,,,48.29913047958605,,,1.0046946828575791,
37664352,Medin Gashi,Gorica,Attacker,20,Kosovo,10.0,243.0,1.0,0.0,6.0,2.0,50.0,74.0,3.0,1.0,46.0,16.0,0.0,0.0,6.73,7.0,4.0,1.0,5.0,2.0,0.0,2.0,1.0,2.0,4.0,4.0,0.0,0.0,4.0,1.0,0.0,0.3703703703703703,0.0,2.2222222222222223,0.7407407407407407,18.51851851851852,1.1111111111111112,0.3703703703703703,0.0,2.592592592592593,1.4814814814814814,0.3703703703703703,1.851851851851852,0.7407407407407407,0.0,0.7407407407407407,0.3703703703703703,0.7407407407407407,1.4814814814814814,1.4814814814814814,0.0,1.4814814814814814,10.0,33.333333333333336,16.666666666666668,0.74,34.78260869565217,24.3,0.3703703703703703,57.142857142857146,0.0,50.0,,,,,,,,,,,,6.0,,,44.70718855697045,,,2.8006656441653774,
47588,Kemal Ademi,Osijek,Attacker,30,Switzerland,11.0,240.0,0.0,0.0,5.0,1.0,50.0,68.0,0.0,1.0,32.0,17.0,0.0,0.0,6.75,10.0,5.0,1.0,2.0,1.0,0.0,0.0,0.0,5.0,10.0,0.0,0.0,0.0,4.0,0.0,0.0,0.0,0.0,1.875,0.375,18.75,0.0,0.375,0.0,3.75,1.875,0.375,0.75,0.375,0.0,0.0,0.0,1.875,3.75,0.0,0.0,1.5,0.0,20.0,0.0,0.68,53.125,21.818181818181817,0.0,50.0,0.0,0.0,,,,,,,,,,,,0.0,,,52.198656341043936,,,0.0,
24838178,Jakov-Anton Vasilj,Lokomotiva Zagreb,Midfielder,24,Croatia,8.0,240.0,1.0,1.0,3.0,1.0,78.0,69.23,5.0,3.0,32.0,16.0,1.0,0.0,6.76,8.0,5.0,1.0,3.0,3.0,4.0,4.0,1.0,5.0,6.0,5.0,0.0,0.0,4.0,3.0,0.0,0.375,0.375,1.125,0.375,29.25,1.875,1.125,0.375,3.0,1.875,0.375,1.125,1.125,1.5,1.5,0.375,1.875,2.25,1.875,0.0,1.5,37.5,33.333333333333336,33.333333333333336,0.6923,50.0,30.0,0.75,62.5,133.33333333333334,25.0,,,,,,,,,,,,0.0,,,47.31337146692811,,,1.4975741891865475,
72681,Mile Skoric,Rijeka,Defender,35,Croatia,3.0,232.0,0.0,0.0,0.0,0.0,131.0,77.86,0.0,4.0,17.0,10.0,0.0,0.0,6.89,0.0,0.0,1.0,1.0,0.0,0.0,21.0,7.0,0.0,9.0,8.0,0.0,0.0,3.0,0.0,0.0,0.0,0.0,0.0,0.0,50.81896551724138,0.0,1.5517241379310345,0.0,0.0,0.0,0.3879310344827586,0.3879310344827586,0.0,0.0,8.14655172413793,2.7155172413793105,0.0,3.4913793103448274,3.103448275862069,0.0,1.1637931034482758,0.0,0.0,0.0,0.7786,58.8235294117647,77.33333333333333,0.0,0.0,0.0,33.333333333333336,,,,,,,,,,,,0.0,,,51.55523601085063,,,0.0,
37748224,Simun Butic,Rijeka,Attacker,20,,14.0,231.0,1.0,0.0,5.0,2.0,43.0,48.84,6.0,1.0,35.0,15.0,2.0,0.0,6.66,1.0,0.0,3.0,6.0,5.0,0.0,7.0,2.0,1.0,3.0,2.0,0.0,0.0,4.0,7.0,0.0,0.3896103896103896,0.0,1.948051948051948,0.7792207792207793,16.753246753246753,2.3376623376623376,0.3896103896103896,0.7792207792207793,0.3896103896103896,0.0,1.1688311688311688,2.3376623376623376,1.948051948051948,0.0,2.727272727272727,0.7792207792207793,0.3896103896103896,1.1688311688311688,0.7792207792207793,0.0,1.5584415584415583,50.0,40.0,20.0,0.4884,42.85714285714285,16.5,0.3896103896103896,0.0,0.0,28.571428571428573,,,,,,,,,,,,6.0,,,51.55523601085063,,,0.0,
74125,Mateo Barac,Varaždin,Defender,31,Croatia,8.0,227.0,0.0,0.0,0.0,0.0,153.0,79.74,6.0,1.0,25.0,18.0,0.0,0.0,6.92,2.0,1.0,1.0,1.0,0.0,0.0,40.0,17.0,2.0,10.0,20.0,0.0,0.0,1.0,2.0,0.0,0.0,0.0,0.0,0.0,60.66079295154185,2.3788546255506606,0.3964757709251101,0.0,0.7929515418502202,0.3964757709251101,0.3964757709251101,0.3964757709251101,0.0,0.0,15.859030837004406,6.740088105726873,0.7929515418502202,3.9647577092511015,7.929515418502203,0.0,0.3964757709251101,25.0,0.0,0.0,0.7974,72.0,28.375,0.0,50.0,0.0,42.5,,,,,,,,,,,,0.0,,,48.29913047958605,,,1.0046946828575791,
32040509,Mario Cuic,Varaždin,Midfielder,25,Croatia,10.0,225.0,1.0,0.0,8.0,3.0,113.0,77.88,4.0,1.0,34.0,17.0,1.0,0.0,6.8,2.0,1.0,0.0,8.0,1.0,1.0,4.0,3.0,3.0,3.0,5.0,0.0,0.0,2.0,4.0,0.0,0.4,0.0,3.2,1.2,45.2,1.6,0.4,0.4,0.8,0.4,0.0,3.2,0.4,0.4,1.6,1.2,1.2,1.2,2.0,0.0,0.8,40.0,37.5,12.5,0.7787999999999999,50.0,22.5,0.4,50.0,100.0,75.0,,,,,,,,,,,,0.0,,,48.29913047958605,,,1.0046946828575791,
37328039,Blaz Boskovic,Lokomotiva Zagreb,Midfielder,24,Bosnia and Herzegovina,10.0,223.0,0.0,0.0,4.0,1.0,91.0,64.84,8.0,6.0,53.0,30.0,1.0,0.0,6.81,5.0,2.0,6.0,5.0,0.0,0.0,13.0,6.0,0.0,14.0,3.0,0.0,0.0,5.0,2.0,0.0,0.0,0.0,1.6143497757847534,0.4035874439461883,36.72645739910314,3.2286995515695067,2.42152466367713,0.4035874439461883,2.0179372197309418,0.8071748878923767,2.42152466367713,2.0179372197309418,0.0,0.0,5.246636771300448,2.42152466367713,0.0,5.650224215246637,1.210762331838565,0.0,2.0179372197309418,20.0,25.0,0.0,0.6484000000000001,56.60377358490566,22.3,0.0,40.0,0.0,46.15384615384615,,,,,,,,,,,,0.0,,,47.31337146692811,,,1.4975741891865475,
338208,Emir Sahiti,Hajduk Split,Attacker,27,Kosovo,4.0,221.0,0.0,0.0,4.0,1.0,60.0,68.33,2.0,2.0,19.0,12.0,0.0,0.0,7.14,6.0,4.0,1.0,6.0,1.0,0.0,7.0,2.0,2.0,0.0,2.0,0.0,0.0,3.0,0.0,0.0,0.0,0.0,1.6289592760180995,0.4072398190045249,24.43438914027149,0.8144796380090498,0.8144796380090498,0.0,2.443438914027149,1.6289592760180995,0.4072398190045249,2.443438914027149,0.4072398190045249,0.0,2.8506787330316743,0.8144796380090498,0.8144796380090498,0.0,0.8144796380090498,0.0,1.2217194570135748,0.0,25.0,0.0,0.6833,63.1578947368421,55.25,0.0,66.66666666666667,0.0,28.571428571428573,,,,,,,,,,,,0.0,,,49.584473497440825,,,0.36202317393019,
23301847,Denis Busnja,Lokomotiva Zagreb,Attacker,26,Croatia,9.0,208.0,0.0,1.0,3.0,1.0,64.0,70.31,1.0,3.0,24.0,9.0,0.0,0.0,6.71,5.0,2.0,1.0,2.0,5.0,1.0,5.0,3.0,2.0,4.0,1.0,0.0,0.0,3.0,2.0,0.0,0.0,0.4326923076923077,1.2980769230769231,0.4326923076923077,27.692307692307693,0.4326923076923077,1.2980769230769231,0.0,2.1634615384615383,0.8653846153846154,0.4326923076923077,0.8653846153846154,2.1634615384615383,0.4326923076923077,2.1634615384615383,1.2980769230769231,0.8653846153846154,1.7307692307692308,0.4326923076923077,0.0,1.2980769230769231,22.22222222222222,33.333333333333336,0.0,0.7031000000000001,37.5,23.11111111111111,0.4326923076923077,40.0,20.0,60.0,,,,,,,,,,,,0.0,,,47.31337146692811,,,1.4975741891865475,
22878484,Dominik Dogan,Rijeka,Attacker,27,Croatia,14.0,194.0,0.0,0.0,4.0,0.0,47.0,68.09,2.0,1.0,45.0,24.0,0.0,0.0,6.8,4.0,4.0,1.0,5.0,0.0,0.0,0.0,0.0,5.0,14.0,4.0,0.0,0.0,1.0,5.0,0.0,0.0,0.0,1.855670103092784,0.0,21.804123711340207,0.9278350515463918,0.4639175257731959,0.0,1.855670103092784,1.855670103092784,0.4639175257731959,2.31958762886598,0.0,0.0,0.0,0.0,2.31958762886598,6.494845360824742,1.855670103092784,0.0,0.4639175257731959,35.714285714285715,0.0,0.0,0.6809000000000001,53.333333333333336,13.857142857142858,0.0,100.0,0.0,0.0,,,,,,,,,,,,0.0,,,51.55523601085063,,,0.0,
37570776,Duje Dujmovic,Šibenik,Defender,22,Croatia,4.0,184.0,0.0,0.0,0.0,0.0,136.0,83.82,2.0,3.0,9.0,6.0,0.0,0.0,6.83,0.0,0.0,0.0,0.0,0.0,0.0,26.0,12.0,0.0,4.0,6.0,0.0,0.0,4.0,2.0,0.0,0.0,0.0,0.0,0.0,66.52173913043478,0.9782608695652174,1.4673913043478262,0.0,0.0,0.0,0.0,0.0,0.0,0.0,12.717391304347826,5.869565217391305,0.0,1.9565217391304348,2.9347826086956523,0.0,1.9565217391304348,50.0,0.0,0.0,0.8382,66.66666666666667,46.0,0.0,0.0,0.0,46.15384615384615,,,,,,,,,,,,2.0,,,45.37125340014588,,,2.4686332225776617,
37526236,Damjan Pavlovic,Gorica,Midfielder,24,Serbia,10.0,182.0,1.0,0.0,3.0,1.0,74.0,81.08,9.0,2.0,43.0,14.0,3.0,0.0,6.65,7.0,1.0,2.0,1.0,0.0,0.0,13.0,8.0,2.0,4.0,4.0,0.0,0.0,3.0,2.0,0.0,0.4945054945054945,0.0,1.4835164835164836,0.4945054945054945,36.59340659340659,4.450549450549451,0.989010989010989,1.4835164835164836,3.4615384615384617,0.4945054945054945,0.989010989010989,0.4945054945054945,0.0,0.0,6.428571428571429,3.956043956043956,0.989010989010989,1.978021978021978,1.978021978021978,0.0,1.4835164835164836,20.0,33.333333333333336,33.333333333333336,0.8108,32.55813953488372,18.2,0.4945054945054945,14.285714285714286,0.0,61.53846153846154,,,,,,,,,,,,0.0,,,44.70718855697045,,,2.8006656441653774,
37627635,Vinko Skrbin,Gorica,Midfielder,23,Croatia,3.0,181.0,0.0,0.0,2.0,1.0,57.0,71.93,4.0,3.0,28.0,12.0,0.0,0.0,6.79,2.0,0.0,3.0,3.0,3.0,0.0,4.0,2.0,1.0,5.0,3.0,0.0,0.0,0.0,1.0,0.0,0.0,0.0,0.994475138121547,0.4972375690607735,28.34254143646409,1.988950276243094,1.4917127071823204,0.0,0.994475138121547,0.0,1.4917127071823204,1.4917127071823204,1.4917127071823204,0.0,1.988950276243094,0.994475138121547,0.4972375690607735,2.4861878453038675,1.4917127071823204,0.0,0.0,33.333333333333336,50.0,0.0,0.7193,42.85714285714285,60.333333333333336,0.0,0.0,0.0,50.0,,,,,,,,,,,,0.0,,,44.70718855697045,,,2.8006656441653774,
37651323,Luka Savatovic,Lokomotiva Zagreb,Goalkeeper,22,Croatia,2.0,180.0,0.0,0.0,0.0,0.0,56.0,62.5,0.0,0.0,1.0,1.0,0.0,0.0,7.13,0.0,0.0,0.0,0.0,0.0,0.0,33.0,13.0,0.0,1.0,3.0,10.0,6.0,4.0,0.0,0.0,0.0,0.0,0.0,0.0,28.0,0.0,0.0,0.0,0.0,0.0,0.0,0.0,0.0,0.0,16.5,6.5,0.0,0.5,1.5,5.0,2.0,0.0,0.0,0.0,0.625,100.0,90.0,0.0,0.0,0.0,39.39393939393939,,,,,,,,,,,,2.0,,,47.31337146692811,,,1.4975741891865475,
73914,Ivan Fiolic,Gorica,Midfielder,30,Croatia,4.0,180.0,0.0,0.0,1.0,0.0,69.0,69.57,8.0,4.0,26.0,13.0,1.0,0.0,6.82,4.0,1.0,2.0,4.0,5.0,2.0,12.0,4.0,4.0,0.0,0.0,0.0,0.0,2.0,2.0,0.0,0.0,0.0,0.5,0.0,34.5,4.0,2.0,0.5,2.0,0.5,1.0,2.0,2.5,1.0,6.0,2.0,2.0,0.0,0.0,0.0,1.0,50.0,0.0,0.0,0.6957,50.0,45.0,0.0,25.0,40.0,33.333333333333336,,,,,,,,,,,,0.0,,,44.70718855697045,,,2.8006656441653774,
37633274,Ivan Canjuga,Lokomotiva Zagreb,Attacker,20,Croatia,6.0,178.0,0.0,0.0,1.0,1.0,37.0,78.38,0.0,2.0,13.0,7.0,0.0,0.0,6.85,3.0,2.0,1.0,2.0,4.0,2.0,1.0,0.0,2.0,3.0,1.0,0.0,0.0,2.0,2.0,0.0,0.0,0.0,0.5056179775280899,0.5056179775280899,18.707865168539325,0.0,1.0112359550561798,0.0,1.5168539325842696,1.0112359550561798,0.5056179775280899,1.0112359550561798,2.02247191011236,1.0112359550561798,0.5056179775280899,0.0,1.0112359550561798,1.5168539325842696,0.5056179775280899,0.0,1.0112359550561798,33.333333333333336,100.0,0.0,0.7837999999999999,53.84615384615385,29.666666666666668,0.0,66.66666666666667,50.0,0.0,,,,,,,,,,,,6.0,,,47.31337146692811,,,1.4975741891865475,
25434,Stipe Perica,Rijeka,Attacker,30,Croatia,6.0,171.0,0.0,0.0,5.0,2.0,37.0,70.27,1.0,0.0,37.0,15.0,0.0,0.0,6.87,3.0,1.0,0.0,2.0,0.0,0.0,1.0,1.0,3.0,11.0,1.0,0.0,0.0,1.0,4.0,0.0,0.0,0.0,2.631578947368421,1.0526315789473684,19.473684210526315,0.5263157894736842,0.0,0.0,1.5789473684210529,0.5263157894736842,0.0,1.0526315789473684,0.0,0.0,0.5263157894736842,0.5263157894736842,1.5789473684210529,5.789473684210527,0.5263157894736842,0.0,0.5263157894736842,66.66666666666667,40.0,0.0,0.7027,40.54054054054054,28.5,0.0,33.333333333333336,0.0,100.0,,,,,,,,,,,,0.0,,,51.55523601085063,,,0.0,
37287473,Logi Hrafn Róbertsson,Istra 1961,Midfielder,21,Iceland,6.0,171.0,0.0,0.0,1.0,0.0,78.0,79.49,4.0,2.0,18.0,10.0,0.0,0.0,6.76,3.0,1.0,2.0,4.0,0.0,0.0,6.0,2.0,0.0,1.0,4.0,0.0,0.0,0.0,4.0,0.0,0.0,0.0,0.5263157894736842,0.0,41.05263157894737,2.1052631578947367,1.0526315789473684,0.0,1.5789473684210529,0.5263157894736842,1.0526315789473684,2.1052631578947367,0.0,0.0,3.1578947368421053,1.0526315789473684,0.0,0.5263157894736842,2.1052631578947367,0.0,0.0,66.66666666666667,0.0,0.0,0.7948999999999999,55.55555555555556,28.5,0.0,33.333333333333336,0.0,33.333333333333336,,,,,,,,,,,,4.0,,,49.340686507175306,,,0.4839166690629497,
14726287,Karlo Ziger,Gorica,Goalkeeper,25,Croatia,2.0,169.0,0.0,0.0,0.0,0.0,53.0,56.6,0.0,0.0,2.0,2.0,0.0,0.0,6.32,0.0,0.0,0.0,0.0,0.0,0.0,25.0,3.0,0.0,2.0,3.0,6.0,5.0,6.0,0.0,0.0,0.0,0.0,0.0,0.0,28.22485207100592,0.0,0.0,0.0,0.0,0.0,0.0,0.0,0.0,0.0,13.31360946745562,1.5976331360946745,0.0,1.0650887573964498,1.5976331360946745,3.195266272189349,3.195266272189349,0.0,0.0,0.0,0.5660000000000001,100.0,84.5,0.0,0.0,0.0,12.0,,,,,,,,,,,,0.0,,,44.70718855697045,,,2.8006656441653774,
3568422,Ivan Delić,Šibenik,Attacker,27,Croatia,8.0,163.0,0.0,0.0,0.0,0.0,56.0,73.21,2.0,0.0,14.0,7.0,0.0,0.0,6.67,3.0,1.0,0.0,3.0,0.0,0.0,4.0,2.0,1.0,1.0,1.0,0.0,0.0,5.0,2.0,0.0,0.0,0.0,0.0,0.0,30.920245398773005,1.1042944785276074,0.0,0.0,1.656441717791411,0.5521472392638037,0.0,1.656441717791411,0.0,0.0,2.208588957055215,1.1042944785276074,0.5521472392638037,0.5521472392638037,0.5521472392638037,0.0,2.7607361963190185,25.0,0.0,0.0,0.7321,50.0,20.375,0.0,33.333333333333336,0.0,50.0,,,,,,,,,,,,0.0,,,45.37125340014588,,,2.4686332225776617,
9636175,Vane Jovanov,Varaždin,Defender,27,Macedonia,11.0,157.0,0.0,0.0,3.0,1.0,40.0,57.5,3.0,4.0,20.0,7.0,1.0,0.0,6.71,1.0,0.0,1.0,3.0,9.0,0.0,10.0,3.0,0.0,3.0,5.0,0.0,0.0,1.0,5.0,0.0,0.0,0.0,1.7197452229299364,0.5732484076433121,22.929936305732483,1.7197452229299364,2.2929936305732483,0.5732484076433121,0.5732484076433121,0.0,0.5732484076433121,1.7197452229299364,5.159235668789809,0.0,5.732484076433121,1.7197452229299364,0.0,1.7197452229299364,2.8662420382165603,0.0,0.5732484076433121,45.45454545454545,33.333333333333336,0.0,0.575,35.0,14.272727272727272,0.0,0.0,0.0,30.0,,,,,,,,,,,,0.0,,,48.29913047958605,,,1.0046946828575791,
37656054,Zvonimir Katalinic,Slaven Koprivnica,Defender,22,Croatia,4.0,147.0,0.0,0.0,0.0,0.0,64.0,85.94,3.0,1.0,16.0,5.0,1.0,0.0,6.56,0.0,0.0,1.0,0.0,0.0,0.0,8.0,4.0,0.0,2.0,5.0,0.0,0.0,4.0,0.0,0.0,0.0,0.0,0.0,0.0,39.18367346938776,1.836734693877551,0.6122448979591837,0.6122448979591837,0.0,0.0,0.6122448979591837,0.0,0.0,0.0,4.8979591836734695,2.4489795918367347,0.0,1.2244897959183674,3.061224489795918,0.0,2.4489795918367347,0.0,0.0,0.0,0.8593999999999999,31.25,36.75,0.0,0.0,0.0,50.0,,,,,,,,,,,,2.0,,,51.30896541384557,,,0.0,
132681,Anton Kresic,Gorica,Defender,30,Croatia,4.0,143.0,0.0,0.0,1.0,1.0,51.0,94.12,1.0,1.0,14.0,8.0,0.0,0.0,6.89,0.0,0.0,0.0,3.0,0.0,0.0,3.0,1.0,0.0,4.0,10.0,0.0,0.0,1.0,3.0,0.0,0.0,0.0,0.6293706293706294,0.6293706293706294,32.0979020979021,0.6293706293706294,0.6293706293706294,0.0,0.0,0.0,0.0,1.888111888111888,0.0,0.0,1.888111888111888,0.6293706293706294,0.0,2.517482517482517,6.293706293706293,0.0,0.6293706293706294,75.0,100.0,0.0,0.9412,57.142857142857146,35.75,0.0,0.0,0.0,33.333333333333336,,,,,,,,,,,,0.0,,,44.70718855697045,,,2.8006656441653774,
37581528,Ivan Baković,Šibenik,Attacker,23,Croatia,8.0,139.0,0.0,0.0,3.0,0.0,20.0,80.0,2.0,0.0,15.0,4.0,1.0,0.0,6.64,1.0,0.0,1.0,0.0,0.0,0.0,1.0,0.0,2.0,2.0,1.0,0.0,0.0,5.0,2.0,0.0,0.0,0.0,1.9424460431654675,0.0,12.949640287769784,1.2949640287769784,0.0,0.6474820143884892,0.6474820143884892,0.0,0.6474820143884892,0.0,0.0,0.0,0.6474820143884892,0.0,1.2949640287769784,1.2949640287769784,0.6474820143884892,0.0,3.237410071942446,25.0,0.0,0.0,0.8,26.666666666666668,17.375,0.0,0.0,0.0,0.0,,,,,,,,,,,,0.0,,,45.37125340014588,,,2.4686332225776617,
24065264,Danijel Djuric,Istra 1961,Midfielder,23,Iceland,7.0,136.0,0.0,0.0,2.0,0.0,68.0,76.47,2.0,1.0,17.0,7.0,0.0,0.0,6.69,3.0,0.0,0.0,4.0,4.0,1.0,3.0,0.0,2.0,1.0,0.0,0.0,0.0,1.0,3.0,0.0,0.0,0.0,1.3235294117647058,0.0,45.0,1.3235294117647058,0.6617647058823529,0.0,1.9852941176470589,0.0,0.0,2.647058823529412,2.647058823529412,0.6617647058823529,1.9852941176470589,0.0,1.3235294117647058,0.6617647058823529,0.0,0.0,0.6617647058823529,42.85714285714285,0.0,0.0,0.7646999999999999,41.1764705882353,19.428571428571427,0.0,0.0,25.0,0.0,,,,,,,,,,,,0.0,,,49.340686507175306,,,0.4839166690629497,
3533990,Yassine Benrahou,Hajduk Split,Midfielder,27,Morocco,7.0,131.0,1.0,0.0,2.0,1.0,90.0,84.44,5.0,0.0,21.0,9.0,0.0,0.0,7.0,3.0,1.0,0.0,2.0,7.0,3.0,3.0,2.0,2.0,0.0,0.0,0.0,0.0,0.0,1.0,0.0,0.6870229007633588,0.0,1.3740458015267176,0.6870229007633588,61.83206106870229,3.435114503816794,0.0,0.0,2.0610687022900764,0.6870229007633588,0.0,1.3740458015267176,4.809160305343512,2.0610687022900764,2.0610687022900764,1.3740458015267176,1.3740458015267176,0.0,0.0,0.0,0.0,14.285714285714286,50.0,50.0,0.8443999999999999,42.85714285714285,18.714285714285715,0.6870229007633588,33.333333333333336,42.85714285714285,66.66666666666667,,,,,,,,,,,,0.0,,,49.584473497440825,,,0.36202317393019,
75072,Marijan Cabraja,Rijeka,Defender,29,Croatia,2.0,127.0,0.0,0.0,1.0,1.0,56.0,83.93,4.0,1.0,17.0,9.0,0.0,0.0,6.89,0.0,0.0,0.0,1.0,5.0,4.0,5.0,2.0,3.0,4.0,1.0,0.0,0.0,1.0,1.0,0.0,0.0,0.0,0.7086614173228346,0.7086614173228346,39.68503937007874,2.8346456692913384,0.7086614173228346,0.0,0.0,0.0,0.0,0.7086614173228346,3.543307086614173,2.8346456692913384,3.543307086614173,1.4173228346456692,2.125984251968504,2.8346456692913384,0.7086614173228346,0.0,0.7086614173228346,50.0,100.0,0.0,0.8393,52.94117647058823,63.5,0.0,0.0,80.0,40.0,,,,,,,,,,,,0.0,,,51.55523601085063,,,0.0,
37631427,Irfan Ramic,Istra 1961,Defender,22,Bosnia and Herzegovina,5.0,116.0,0.0,0.0,2.0,1.0,23.0,73.91,6.0,2.0,13.0,7.0,0.0,0.0,6.76,1.0,0.0,1.0,0.0,2.0,0.0,3.0,1.0,1.0,1.0,1.0,0.0,0.0,5.0,2.0,0.0,0.0,0.0,1.5517241379310345,0.7758620689655172,17.844827586206897,4.655172413793103,1.5517241379310345,0.0,0.7758620689655172,0.0,0.7758620689655172,0.0,1.5517241379310345,0.0,2.327586206896552,0.7758620689655172,0.7758620689655172,0.7758620689655172,0.7758620689655172,0.0,3.8793103448275854,40.0,50.0,0.0,0.7391,53.84615384615385,23.2,0.0,0.0,0.0,33.333333333333336,,,,,,,,,,,,2.0,,,49.340686507175306,,,0.4839166690629497,
37328002,Justice Ohajunwa,Osijek,Attacker,25,Nigeria,6.0,115.0,0.0,0.0,1.0,0.0,16.0,37.5,1.0,0.0,17.0,4.0,1.0,0.0,6.52,2.0,0.0,1.0,0.0,2.0,0.0,0.0,0.0,0.0,3.0,0.0,0.0,0.0,3.0,1.0,0.0,0.0,0.0,0.782608695652174,0.0,12.521739130434783,0.782608695652174,0.0,0.782608695652174,1.565217391304348,0.0,0.782608695652174,0.0,1.565217391304348,0.0,0.0,0.0,0.0,2.347826086956522,0.0,0.0,2.347826086956522,16.666666666666668,0.0,0.0,0.375,23.529411764705884,19.166666666666668,0.0,0.0,0.0,0.0,,,,,,,,,,,,0.0,,,52.198656341043936,,,0.0,
73124,Marko Leskovic,Slaven Koprivnica,Defender,35,Croatia,3.0,108.0,0.0,0.0,0.0,0.0,62.0,91.94,0.0,2.0,8.0,4.0,0.0,0.0,6.58,0.0,0.0,0.0,0.0,0.0,0.0,8.0,5.0,0.0,4.0,6.0,0.0,0.0,4.0,1.0,0.0,0.0,0.0,0.0,0.0,51.66666666666666,0.0,1.6666666666666667,0.0,0.0,0.0,0.0,0.0,0.0,0.0,6.666666666666667,4.166666666666667,0.0,3.333333333333333,5.0,0.0,3.333333333333333,33.333333333333336,0.0,0.0,0.9194,50.0,36.0,0.0,0.0,0.0,62.5,,,,,,,,,,,,0.0,,,51.30896541384557,,,0.0,
37701794,Leon Bošnjak,Slaven Koprivnica,Midfielder,20,Croatia,6.0,106.0,0.0,0.0,0.0,0.0,34.0,73.53,0.0,0.0,3.0,1.0,0.0,0.0,7.01,2.0,1.0,0.0,0.0,2.0,1.0,12.0,4.0,3.0,0.0,0.0,1.0,0.0,0.0,2.0,0.0,0.0,0.0,0.0,0.0,28.867924528301888,0.0,0.0,0.0,1.69811320754717,0.8490566037735849,0.0,0.0,1.69811320754717,0.8490566037735849,10.18867924528302,3.39622641509434,2.547169811320755,0.0,0.0,0.8490566037735849,0.0,33.333333333333336,0.0,0.0,0.7353000000000001,33.333333333333336,17.666666666666668,0.0,50.0,50.0,33.333333333333336,,,,,,,,,,,,6.0,,,51.30896541384557,,,0.0,
37656562,Toni Majic,Gorica,Attacker,20,Croatia,7.0,104.0,0.0,0.0,2.0,1.0,29.0,75.86,3.0,0.0,23.0,9.0,1.0,0.0,6.67,7.0,3.0,0.0,1.0,0.0,0.0,2.0,1.0,0.0,2.0,1.0,0.0,0.0,2.0,1.0,0.0,0.0,0.0,1.7307692307692308,0.8653846153846154,25.096153846153847,2.5961538461538463,0.0,0.8653846153846154,6.057692307692308,2.5961538461538463,0.0,0.8653846153846154,0.0,0.0,1.7307692307692308,0.8653846153846154,0.0,1.7307692307692308,0.8653846153846154,0.0,1.7307692307692308,14.285714285714286,50.0,0.0,0.7585999999999999,39.130434782608695,14.857142857142858,0.0,42.85714285714285,0.0,50.0,,,,,,,,,,,,6.0,,,44.70718855697045,,,2.8006656441653774,
37604683,Fran Zilinski,Lokomotiva Zagreb,Defender,23,Croatia,2.0,102.0,0.0,0.0,0.0,0.0,50.0,74.0,1.0,2.0,7.0,2.0,1.0,0.0,6.78,2.0,1.0,0.0,0.0,5.0,1.0,4.0,1.0,1.0,0.0,2.0,0.0,0.0,3.0,0.0,0.0,0.0,0.0,0.0,0.0,44.11764705882353,0.8823529411764706,1.7647058823529411,0.8823529411764706,1.7647058823529411,0.8823529411764706,0.0,0.0,4.411764705882353,0.8823529411764706,3.5294117647058822,0.8823529411764706,0.8823529411764706,0.0,1.7647058823529411,0.0,2.647058823529412,0.0,0.0,0.0,0.74,28.571428571428573,51.0,0.0,50.0,20.0,25.0,,,,,,,,,,,,0.0,,,47.31337146692811,,,1.4975741891865475,
37287259,Mateo Basic,Gorica,Defender,27,Croatia,3.0,101.0,0.0,0.0,0.0,0.0,39.0,66.67,6.0,1.0,14.0,8.0,0.0,0.0,6.59,3.0,1.0,1.0,1.0,1.0,0.0,3.0,2.0,0.0,1.0,5.0,0.0,0.0,4.0,1.0,0.0,0.0,0.0,0.0,0.0,34.75247524752475,5.346534653465347,0.8910891089108911,0.0,2.6732673267326734,0.8910891089108911,0.8910891089108911,0.8910891089108911,0.8910891089108911,0.0,2.6732673267326734,1.7821782178217822,0.0,0.8910891089108911,4.455445544554456,0.0,3.5643564356435644,33.333333333333336,0.0,0.0,0.6667000000000001,57.142857142857146,33.666666666666664,0.0,33.333333333333336,0.0,66.66666666666667,,,,,,,,,,,,0.0,,,44.70718855697045,,,2.8006656441653774,
37539576,Aidan Liu,Šibenik,Defender,26,United States,2.0,92.0,0.0,0.0,0.0,0.0,32.0,65.62,3.0,2.0,14.0,10.0,0.0,0.0,7.1,0.0,0.0,0.0,1.0,0.0,0.0,5.0,2.0,0.0,6.0,7.0,0.0,0.0,1.0,0.0,0.0,0.0,0.0,0.0,0.0,31.30434782608696,2.9347826086956523,1.9565217391304348,0.0,0.0,0.0,0.0,0.9782608695652174,0.0,0.0,4.891304347826087,1.9565217391304348,0.0,5.869565217391305,6.8478260869565215,0.0,0.9782608695652174,0.0,0.0,0.0,0.6562,71.42857142857143,46.0,0.0,0.0,0.0,40.0,,,,,,,,,,,,0.0,,,45.37125340014588,,,2.4686332225776617,
37530338,Atdhe Mazari,Varaždin,Attacker,25,Albania,5.0,91.0,0.0,0.0,0.0,0.0,27.0,66.67,0.0,1.0,14.0,6.0,1.0,0.0,6.65,4.0,1.0,1.0,4.0,5.0,1.0,1.0,0.0,0.0,1.0,2.0,0.0,0.0,1.0,2.0,0.0,0.0,0.0,0.0,0.0,26.703296703296704,0.0,0.989010989010989,0.989010989010989,3.956043956043956,0.989010989010989,0.989010989010989,3.956043956043956,4.945054945054945,0.989010989010989,0.989010989010989,0.0,0.0,0.989010989010989,1.978021978021978,0.0,0.989010989010989,40.0,0.0,0.0,0.6667000000000001,42.85714285714285,18.2,0.0,25.0,20.0,0.0,,,,,,,,,,,,0.0,,,48.29913047958605,,,1.0046946828575791,
333957,Ramón Miérez,Osijek,Attacker,29,Argentina,1.0,90.0,0.0,0.0,6.0,2.0,25.0,68.0,0.0,0.0,10.0,5.0,0.0,0.0,7.55,1.0,0.0,0.0,1.0,0.0,0.0,2.0,1.0,2.0,4.0,0.0,0.0,0.0,2.0,0.0,0.0,0.0,0.0,6.0,2.0,25.0,0.0,0.0,0.0,1.0,0.0,0.0,1.0,0.0,0.0,2.0,1.0,2.0,4.0,0.0,0.0,2.0,0.0,33.333333333333336,0.0,0.68,50.0,90.0,0.0,0.0,0.0,50.0,,,,,,,,,,,,0.0,,,52.198656341043936,,,0.0,
1479701,André Duarte,Osijek,Defender,28,Portugal,1.0,90.0,0.0,0.0,0.0,0.0,91.0,92.31,1.0,0.0,8.0,5.0,0.0,0.0,7.14,0.0,0.0,2.0,0.0,0.0,0.0,6.0,5.0,0.0,4.0,3.0,0.0,0.0,2.0,0.0,0.0,0.0,0.0,0.0,0.0,91.0,1.0,0.0,0.0,0.0,0.0,2.0,0.0,0.0,0.0,6.0,5.0,0.0,4.0,3.0,0.0,2.0,0.0,0.0,0.0,0.9231,62.5,90.0,0.0,0.0,0.0,83.33333333333333,,,,,,,,,,,,0.0,,,52.198656341043936,,,0.0,
37555802,Toni Silic,Lokomotiva Zagreb,Goalkeeper,22,Croatia,1.0,90.0,0.0,0.0,0.0,0.0,28.0,64.29,0.0,0.0,1.0,0.0,0.0,0.0,6.63,0.0,0.0,0.0,0.0,0.0,0.0,16.0,6.0,0.0,0.0,0.0,3.0,3.0,3.0,0.0,0.0,0.0,0.0,0.0,0.0,28.0,0.0,0.0,0.0,0.0,0.0,0.0,0.0,0.0,0.0,16.0,6.0,0.0,0.0,0.0,3.0,3.0,0.0,0.0,0.0,0.6429,0.0,90.0,0.0,0.0,0.0,37.5,,,,,,,,,,,,2.0,,,47.31337146692811,,,1.4975741891865475,
37910996,Niko Vucetic,Rijeka,Goalkeeper,20,,1.0,90.0,0.0,0.0,0.0,0.0,18.0,61.11,0.0,0.0,0.0,0.0,0.0,0.0,7.0,0.0,0.0,0.0,0.0,0.0,0.0,12.0,5.0,0.0,0.0,1.0,1.0,1.0,0.0,1.0,0.0,0.0,0.0,0.0,0.0,18.0,0.0,0.0,0.0,0.0,0.0,0.0,0.0,0.0,0.0,12.0,5.0,0.0,0.0,1.0,1.0,0.0,100.0,0.0,0.0,0.6111,0.0,90.0,0.0,0.0,0.0,41.66666666666666,,,,,,,,,,,,6.0,,,51.55523601085063,,,0.0,
4592290,Patrik Mohorović,Šibenik,Goalkeeper,27,Croatia,1.0,90.0,0.0,0.0,0.0,0.0,38.0,78.95,0.0,0.0,0.0,0.0,0.0,0.0,6.32,0.0,0.0,0.0,0.0,0.0,0.0,18.0,10.0,0.0,0.0,1.0,1.0,1.0,3.0,0.0,0.0,0.0,0.0,0.0,0.0,38.0,0.0,0.0,0.0,0.0,0.0,0.0,0.0,0.0,0.0,18.0,10.0,0.0,0.0,1.0,1.0,3.0,0.0,0.0,0.0,0.7895,0.0,90.0,0.0,0.0,0.0,55.55555555555556,,,,,,,,,,,,0.0,,,45.37125340014588,,,2.4686332225776617,
73926,Josip Posavec,Rijeka,Goalkeeper,30,Croatia,1.0,90.0,0.0,0.0,0.0,0.0,36.0,75.0,0.0,0.0,0.0,0.0,0.0,0.0,7.55,0.0,0.0,0.0,0.0,0.0,0.0,17.0,9.0,0.0,0.0,3.0,3.0,1.0,0.0,1.0,0.0,0.0,0.0,0.0,0.0,36.0,0.0,0.0,0.0,0.0,0.0,0.0,0.0,0.0,0.0,17.0,9.0,0.0,0.0,3.0,3.0,0.0,100.0,0.0,0.0,0.75,0.0,90.0,0.0,0.0,0.0,52.94117647058823,,,,,,,,,,,,0.0,,,51.55523601085063,,,0.0,
73600,Darijan Zarkov,Gorica,Goalkeeper,33,Croatia,1.0,90.0,0.0,0.0,0.0,0.0,40.0,65.0,0.0,0.0,1.0,1.0,0.0,0.0,6.8,0.0,0.0,0.0,0.0,0.0,0.0,19.0,6.0,0.0,1.0,2.0,5.0,4.0,4.0,0.0,0.0,0.0,0.0,0.0,0.0,40.0,0.0,0.0,0.0,0.0,0.0,0.0,0.0,0.0,0.0,19.0,6.0,0.0,1.0,2.0,5.0,4.0,0.0,0.0,0.0,0.65,100.0,90.0,0.0,0.0,0.0,31.57894736842105,,,,,,,,,,,,0.0,,,44.70718855697045,,,2.8006656441653774,
37546051,Nikola Jojic,Gorica,Attacker,22,Serbia,3.0,88.0,0.0,0.0,0.0,0.0,18.0,77.78,1.0,0.0,12.0,4.0,1.0,0.0,6.54,3.0,1.0,0.0,2.0,1.0,1.0,1.0,1.0,1.0,0.0,1.0,0.0,0.0,2.0,0.0,0.0,0.0,0.0,0.0,0.0,18.40909090909091,1.0227272727272727,0.0,1.0227272727272727,3.0681818181818183,1.0227272727272727,0.0,2.0454545454545454,1.0227272727272727,1.0227272727272727,1.0227272727272727,1.0227272727272727,1.0227272727272727,0.0,1.0227272727272727,0.0,2.0454545454545454,0.0,0.0,0.0,0.7778,33.333333333333336,29.33333333333333,0.0,33.333333333333336,100.0,100.0,,,,,,,,,,,,2.0,,,44.70718855697045,,,2.8006656441653774,
37679271,Mario Matkovic,Gorica,Defender,23,Croatia,3.0,82.0,0.0,0.0,0.0,0.0,28.0,71.43,2.0,2.0,9.0,6.0,0.0,0.0,6.56,1.0,0.0,0.0,1.0,0.0,0.0,6.0,3.0,0.0,3.0,3.0,0.0,0.0,4.0,1.0,0.0,0.0,0.0,0.0,0.0,30.73170731707317,2.1951219512195124,2.1951219512195124,0.0,1.0975609756097562,0.0,0.0,1.0975609756097562,0.0,0.0,6.585365853658536,3.292682926829268,0.0,3.292682926829268,3.292682926829268,0.0,4.390243902439025,33.333333333333336,0.0,0.0,0.7143,66.66666666666667,27.33333333333333,0.0,0.0,0.0,50.0,,,,,,,,,,,,0.0,,,44.70718855697045,,,2.8006656441653774,
37688867,Marino Skelin,Hajduk Split,Defender,19,Croatia,2.0,75.0,0.0,0.0,1.0,0.0,33.0,93.94,2.0,1.0,6.0,5.0,0.0,0.0,6.64,0.0,0.0,1.0,0.0,0.0,0.0,3.0,1.0,0.0,3.0,2.0,0.0,0.0,1.0,0.0,0.0,0.0,0.0,1.2,0.0,39.6,2.4,1.2,0.0,0.0,0.0,1.2,0.0,0.0,0.0,3.6,1.2,0.0,3.6,2.4,0.0,1.2,0.0,0.0,0.0,0.9394,83.33333333333333,37.5,0.0,0.0,0.0,33.333333333333336,,,,,,,,,,,,8.0,,,49.584473497440825,,,0.36202317393019,
37533153,Bruno Brajković,Šibenik,Defender,25,Croatia,3.0,75.0,0.0,0.0,1.0,0.0,29.0,68.97,0.0,0.0,3.0,1.0,0.0,0.0,6.38,1.0,1.0,0.0,0.0,15.0,3.0,4.0,0.0,1.0,0.0,1.0,0.0,0.0,3.0,0.0,0.0,0.0,0.0,1.2,0.0,34.8,0.0,0.0,0.0,1.2,1.2,0.0,0.0,18.0,3.6,4.8,0.0,1.2,0.0,1.2,0.0,3.6,0.0,0.0,0.0,0.6897,33.333333333333336,25.0,0.0,100.0,20.0,0.0,,,,,,,,,,,,0.0,,,45.37125340014588,,,2.4686332225776617,
37356504,Bujar Pllana,Slaven Koprivnica,Defender,24,Kosovo,1.0,74.0,0.0,0.0,1.0,0.0,19.0,89.47,1.0,0.0,7.0,4.0,0.0,0.0,6.94,2.0,1.0,0.0,2.0,0.0,0.0,4.0,4.0,0.0,0.0,5.0,0.0,0.0,2.0,0.0,0.0,0.0,0.0,1.2162162162162162,0.0,23.10810810810811,1.2162162162162162,0.0,0.0,2.4324324324324325,1.2162162162162162,0.0,2.4324324324324325,0.0,0.0,4.864864864864865,4.864864864864865,0.0,0.0,6.081081081081081,0.0,2.4324324324324325,0.0,0.0,0.0,0.8946999999999999,57.142857142857146,74.0,0.0,50.0,0.0,100.0,,,,,,,,,,,,0.0,,,51.30896541384557,,,0.0,
31002,Ivan Perišić,Hajduk Split,Attacker,37,Croatia,1.0,68.0,0.0,0.0,1.0,0.0,16.0,75.0,0.0,0.0,2.0,2.0,0.0,0.0,7.14,0.0,0.0,0.0,1.0,0.0,0.0,2.0,1.0,2.0,1.0,2.0,0.0,0.0,1.0,0.0,0.0,0.0,0.0,1.3235294117647058,0.0,21.176470588235293,0.0,0.0,0.0,0.0,0.0,0.0,1.3235294117647058,0.0,0.0,2.647058823529412,1.3235294117647058,2.647058823529412,1.3235294117647058,2.647058823529412,0.0,1.3235294117647058,0.0,0.0,0.0,0.75,100.0,68.0,0.0,0.0,0.0,50.0,,,,,,,,,,,,0.0,,,49.584473497440825,,,0.36202317393019,
24818261,Thierry Nevers,Varaždin,Attacker,24,England,2.0,67.0,0.0,0.0,1.0,1.0,18.0,83.33,1.0,0.0,10.0,6.0,0.0,0.0,6.89,5.0,2.0,0.0,3.0,2.0,0.0,1.0,0.0,1.0,0.0,1.0,0.0,0.0,0.0,1.0,0.0,0.0,0.0,1.3432835820895523,1.3432835820895523,24.17910447761194,1.3432835820895523,0.0,0.0,6.7164179104477615,2.6865671641791047,0.0,4.029850746268656,2.6865671641791047,0.0,1.3432835820895523,0.0,1.3432835820895523,0.0,1.3432835820895523,0.0,0.0,50.0,100.0,0.0,0.8332999999999999,60.0,33.5,0.0,40.0,0.0,0.0,,,,,,,,,,,,0.0,,,48.29913047958605,,,1.0046946828575791,
37764893,Niko Farkas,Osijek,Midfielder,19,,3.0,61.0,0.0,0.0,1.0,1.0,17.0,58.82,0.0,0.0,5.0,1.0,1.0,0.0,6.53,3.0,1.0,0.0,0.0,1.0,0.0,0.0,0.0,2.0,0.0,0.0,0.0,0.0,0.0,0.0,0.0,0.0,0.0,1.475409836065574,1.475409836065574,25.081967213114755,0.0,0.0,1.475409836065574,4.426229508196721,1.475409836065574,0.0,0.0,1.475409836065574,0.0,0.0,0.0,2.950819672131148,0.0,0.0,0.0,0.0,0.0,100.0,0.0,0.5882000000000001,20.0,20.33333333333333,0.0,33.333333333333336,0.0,0.0,,,,,,,,,,,,8.0,,,52.198656341043936,,,0.0,
37515615,Balsa Toskovic,Lokomotiva Zagreb,Attacker,23,Montenegro,2.0,54.0,0.0,0.0,1.0,0.0,16.0,56.25,0.0,0.0,4.0,1.0,0.0,0.0,6.58,1.0,0.0,0.0,0.0,1.0,0.0,4.0,1.0,1.0,1.0,0.0,0.0,0.0,2.0,0.0,0.0,0.0,0.0,1.6666666666666667,0.0,26.666666666666668,0.0,0.0,0.0,1.6666666666666667,0.0,0.0,0.0,1.6666666666666667,0.0,6.666666666666667,1.6666666666666667,1.6666666666666667,1.6666666666666667,0.0,0.0,3.333333333333333,0.0,0.0,0.0,0.5625,25.0,27.0,0.0,0.0,0.0,25.0,,,,,,,,,,,,0.0,,,47.31337146692811,,,1.4975741891865475,
37717672,Ivan Katic ,Lokomotiva Zagreb,Midfielder,20,Croatia,6.0,53.0,0.0,0.0,0.0,0.0,36.0,75.0,6.0,2.0,19.0,10.0,2.0,0.0,6.68,2.0,1.0,1.0,1.0,0.0,0.0,6.0,3.0,0.0,2.0,2.0,0.0,0.0,1.0,2.0,0.0,0.0,0.0,0.0,0.0,61.13207547169812,10.18867924528302,3.39622641509434,3.39622641509434,3.39622641509434,1.69811320754717,1.69811320754717,1.69811320754717,0.0,0.0,10.18867924528302,5.09433962264151,0.0,3.39622641509434,3.39622641509434,0.0,1.69811320754717,33.333333333333336,0.0,0.0,0.75,52.63157894736842,8.833333333333334,0.0,50.0,0.0,50.0,,,,,,,,,,,,6.0,,,47.31337146692811,,,1.4975741891865475,
37594505,Niko Domjanic,Varaždin,Attacker,23,Croatia,7.0,49.0,0.0,0.0,0.0,0.0,17.0,64.71,1.0,0.0,9.0,4.0,0.0,0.0,6.63,2.0,0.0,0.0,2.0,0.0,0.0,0.0,0.0,1.0,1.0,0.0,0.0,0.0,0.0,2.0,0.0,0.0,0.0,0.0,0.0,31.22448979591837,1.836734693877551,0.0,0.0,3.673469387755102,0.0,0.0,3.673469387755102,0.0,0.0,0.0,0.0,1.836734693877551,1.836734693877551,0.0,0.0,0.0,28.571428571428573,0.0,0.0,0.6470999999999999,44.44444444444444,7.0,0.0,0.0,0.0,0.0,,,,,,,,,,,,0.0,,,48.29913047958605,,,1.0046946828575791,
73884,Ante Ćorić,Varaždin,Midfielder,29,Croatia,2.0,47.0,0.0,0.0,0.0,0.0,15.0,86.67,1.0,0.0,3.0,1.0,0.0,0.0,6.58,0.0,0.0,0.0,0.0,2.0,0.0,1.0,0.0,0.0,0.0,0.0,0.0,0.0,0.0,0.0,0.0,0.0,0.0,0.0,0.0,28.72340425531915,1.9148936170212767,0.0,0.0,0.0,0.0,0.0,0.0,3.8297872340425534,0.0,1.9148936170212767,0.0,0.0,0.0,0.0,0.0,0.0,0.0,0.0,0.0,0.8667,33.333333333333336,23.5,0.0,0.0,0.0,0.0,,,,,,,,,,,,0.0,,,48.29913047958605,,,1.0046946828575791,
12371944,Andres Ferro,Istra 1961,Defender,24,Venezuela,1.0,45.0,0.0,0.0,0.0,0.0,22.0,81.82,1.0,0.0,8.0,2.0,0.0,0.0,6.32,0.0,0.0,2.0,0.0,0.0,0.0,1.0,1.0,0.0,1.0,1.0,0.0,0.0,1.0,1.0,0.0,0.0,0.0,0.0,0.0,44.0,2.0,0.0,0.0,0.0,0.0,4.0,0.0,0.0,0.0,2.0,2.0,0.0,2.0,2.0,0.0,2.0,100.0,0.0,0.0,0.8181999999999999,25.0,45.0,0.0,0.0,0.0,100.0,,,,,,,,,,,,0.0,,,49.340686507175306,,,0.4839166690629497,
37594485,Ante Matej Juric,Gorica,Attacker,23,Croatia,1.0,44.0,0.0,0.0,0.0,0.0,18.0,61.11,1.0,0.0,6.0,2.0,0.0,0.0,6.73,0.0,0.0,1.0,0.0,0.0,0.0,3.0,1.0,0.0,1.0,2.0,0.0,0.0,0.0,1.0,0.0,0.0,0.0,0.0,0.0,36.81818181818182,2.0454545454545454,0.0,0.0,0.0,0.0,2.0454545454545454,0.0,0.0,0.0,6.136363636363637,2.0454545454545454,0.0,2.0454545454545454,4.090909090909091,0.0,0.0,100.0,0.0,0.0,0.6111,33.333333333333336,44.0,0.0,0.0,0.0,33.333333333333336,,,,,,,,,,,,0.0,,,44.70718855697045,,,2.8006656441653774,
73929,Petar Bockaj,Dinamo Zagreb,Defender,29,Croatia,1.0,44.0,0.0,0.0,1.0,0.0,22.0,77.27,1.0,2.0,6.0,5.0,0.0,0.0,7.85,1.0,1.0,0.0,2.0,14.0,4.0,7.0,4.0,3.0,1.0,2.0,0.0,0.0,0.0,0.0,0.0,0.0,0.0,2.0454545454545454,0.0,45.0,2.0454545454545454,4.090909090909091,0.0,2.0454545454545454,2.0454545454545454,0.0,4.090909090909091,28.63636363636364,8.181818181818182,14.318181818181818,8.181818181818182,6.136363636363637,2.0454545454545454,4.090909090909091,0.0,0.0,0.0,0.0,0.0,0.7726999999999999,83.33333333333333,44.0,0.0,100.0,28.571428571428573,57.142857142857146,,,,,,,,,,,,0.0,,,63.406236779025285,,,0.0,
37731865,Sekou Matar Sagna,Gorica,Midfielder,22,Senegal,1.0,44.0,0.0,0.0,0.0,0.0,6.0,50.0,2.0,0.0,8.0,3.0,1.0,0.0,7.04,0.0,0.0,2.0,0.0,0.0,0.0,0.0,0.0,0.0,1.0,0.0,0.0,0.0,1.0,0.0,0.0,0.0,0.0,0.0,0.0,12.272727272727272,4.090909090909091,0.0,2.0454545454545454,0.0,0.0,4.090909090909091,0.0,0.0,0.0,0.0,0.0,0.0,2.0454545454545454,0.0,0.0,2.0454545454545454,0.0,0.0,0.0,0.5,37.5,44.0,0.0,0.0,0.0,0.0,,,,,,,,,,,,2.0,,,44.70718855697045,,,2.8006656441653774,
37341949,Franko Kolic,Istra 1961,Goalkeeper,23,Croatia,1.0,39.0,0.0,0.0,0.0,0.0,9.0,100.0,0.0,0.0,0.0,0.0,0.0,0.0,6.74,0.0,0.0,0.0,0.0,0.0,0.0,3.0,3.0,0.0,0.0,1.0,1.0,1.0,0.0,0.0,0.0,0.0,0.0,0.0,0.0,20.76923076923077,0.0,0.0,0.0,0.0,0.0,0.0,0.0,0.0,0.0,6.923076923076923,6.923076923076923,0.0,0.0,2.3076923076923075,2.3076923076923075,0.0,0.0,0.0,0.0,1.0,0.0,39.0,0.0,0.0,0.0,100.0,,,,,,,,,,,,0.0,,,49.340686507175306,,,0.4839166690629497,
37440610,Ricuenio Kewal,Osijek,Attacker,24,Netherlands,2.0,38.0,0.0,0.0,1.0,0.0,8.0,62.5,1.0,1.0,4.0,2.0,0.0,0.0,6.79,0.0,0.0,1.0,1.0,2.0,1.0,1.0,0.0,0.0,0.0,0.0,0.0,0.0,1.0,0.0,0.0,0.0,0.0,2.3684210526315788,0.0,18.94736842105263,2.3684210526315788,2.3684210526315788,0.0,0.0,0.0,2.3684210526315788,2.3684210526315788,4.7368421052631575,2.3684210526315788,2.3684210526315788,0.0,0.0,0.0,0.0,0.0,2.3684210526315788,0.0,0.0,0.0,0.625,50.0,19.0,0.0,0.0,50.0,0.0,,,,,,,,,,,,0.0,,,52.198656341043936,,,0.0,
64751,Antonio Jakoliš,Šibenik,Attacker,34,Croatia,4.0,29.0,0.0,0.0,0.0,0.0,5.0,60.0,0.0,0.0,6.0,1.0,0.0,0.0,6.54,0.0,0.0,1.0,1.0,1.0,0.0,1.0,0.0,1.0,0.0,0.0,0.0,0.0,0.0,1.0,0.0,0.0,0.0,0.0,0.0,15.517241379310343,0.0,0.0,0.0,0.0,0.0,3.103448275862069,3.103448275862069,3.103448275862069,0.0,3.103448275862069,0.0,3.103448275862069,0.0,0.0,0.0,0.0,25.0,0.0,0.0,0.6,16.666666666666668,7.25,0.0,0.0,0.0,0.0,,,,,,,,,,,,0.0,,,45.37125340014588,,,2.4686332225776617,
37733235,Israel Isaac Ayuma,Istra 1961,Midfielder,20,,1.0,20.0,0.0,0.0,0.0,0.0,7.0,71.43,1.0,0.0,5.0,1.0,0.0,0.0,6.32,2.0,0.0,1.0,0.0,0.0,0.0,0.0,0.0,0.0,0.0,0.0,0.0,0.0,0.0,0.0,0.0,0.0,0.0,0.0,0.0,31.5,4.5,0.0,0.0,9.0,0.0,4.5,0.0,0.0,0.0,0.0,0.0,0.0,0.0,0.0,0.0,0.0,0.0,0.0,0.0,0.7143,20.0,20.0,0.0,0.0,0.0,0.0,,,,,,,,,,,,6.0,,,49.340686507175306,,,0.4839166690629497,
37667195,Ante Susak,Gorica,Defender,20,Croatia,4.0,20.0,0.0,0.0,0.0,0.0,19.0,78.95,1.0,2.0,6.0,2.0,0.0,0.0,6.58,0.0,0.0,1.0,0.0,3.0,0.0,1.0,1.0,1.0,1.0,0.0,0.0,0.0,1.0,0.0,0.0,0.0,0.0,0.0,0.0,85.5,4.5,9.0,0.0,0.0,0.0,4.5,0.0,13.5,0.0,4.5,4.5,4.5,4.5,0.0,0.0,4.5,0.0,0.0,0.0,0.7895,33.333333333333336,5.0,0.0,0.0,0.0,100.0,,,,,,,,,,,,6.0,,,44.70718855697045,,,2.8006656441653774,
1452164,Emmanuel Banda,Rijeka,Midfielder,28,Zambia,1.0,19.0,0.0,0.0,0.0,0.0,16.0,75.0,1.0,0.0,1.0,1.0,0.0,0.0,7.04,0.0,0.0,0.0,0.0,2.0,0.0,7.0,4.0,1.0,0.0,0.0,0.0,0.0,0.0,1.0,0.0,0.0,0.0,0.0,0.0,75.78947368421052,4.7368421052631575,0.0,0.0,0.0,0.0,0.0,0.0,9.473684210526317,0.0,33.1578947368421,18.94736842105263,4.7368421052631575,0.0,0.0,0.0,0.0,100.0,0.0,0.0,0.75,100.0,19.0,0.0,0.0,0.0,57.142857142857146,,,,,,,,,,,,0.0,,,51.55523601085063,,,0.0,
37732501,Leon Jakirovic,Dinamo Zagreb,Defender,18,,1.0,18.0,0.0,0.0,0.0,0.0,16.0,81.25,0.0,0.0,0.0,0.0,0.0,0.0,6.62,0.0,0.0,0.0,0.0,0.0,0.0,1.0,0.0,0.0,0.0,0.0,0.0,0.0,0.0,1.0,0.0,0.0,0.0,0.0,0.0,80.0,0.0,0.0,0.0,0.0,0.0,0.0,0.0,0.0,0.0,5.0,0.0,0.0,0.0,0.0,0.0,0.0,100.0,0.0,0.0,0.8125,0.0,18.0,0.0,0.0,0.0,0.0,,,,,,,,,,,,10.0,,,63.406236779025285,,,0.0,
37696419,Noa Mikić,Dinamo Zagreb,Defender,19,Croatia,2.0,18.0,0.0,0.0,0.0,0.0,5.0,60.0,2.0,1.0,4.0,2.0,0.0,0.0,6.62,0.0,0.0,1.0,0.0,0.0,0.0,3.0,1.0,0.0,0.0,3.0,0.0,0.0,1.0,1.0,0.0,0.0,0.0,0.0,0.0,25.0,10.0,5.0,0.0,0.0,0.0,5.0,0.0,0.0,0.0,15.0,5.0,0.0,0.0,15.0,0.0,5.0,50.0,0.0,0.0,0.6,50.0,9.0,0.0,0.0,0.0,33.333333333333336,,,,,,,,,,,,8.0,,,63.406236779025285,,,0.0,
37672279,J. Iyendjock,Šibenik,Midfielder,23,Cameroon,1.0,17.0,0.0,0.0,0.0,0.0,5.0,60.0,3.0,0.0,5.0,3.0,0.0,0.0,7.04,0.0,0.0,0.0,0.0,0.0,0.0,0.0,0.0,0.0,0.0,2.0,0.0,0.0,0.0,0.0,0.0,0.0,0.0,0.0,0.0,26.47058823529412,15.882352941176473,0.0,0.0,0.0,0.0,0.0,0.0,0.0,0.0,0.0,0.0,0.0,0.0,10.588235294117649,0.0,0.0,0.0,0.0,0.0,0.6,60.0,17.0,0.0,0.0,0.0,0.0,,,,,,,,,,,,0.0,,,45.37125340014588,,,2.4686332225776617,
37600586,Zlatan Koščević,Šibenik,Attacker,21,Croatia,2.0,15.0,0.0,0.0,0.0,0.0,5.0,100.0,0.0,0.0,0.0,0.0,0.0,0.0,6.5,0.0,0.0,0.0,0.0,2.0,0.0,0.0,0.0,0.0,0.0,0.0,0.0,0.0,0.0,0.0,0.0,0.0,0.0,0.0,0.0,30.0,0.0,0.0,0.0,0.0,0.0,0.0,0.0,12.0,0.0,0.0,0.0,0.0,0.0,0.0,0.0,0.0,0.0,0.0,0.0,1.0,0.0,7.5,0.0,0.0,0.0,0.0,,,,,,,,,,,,4.0,,,45.37125340014588,,,2.4686332225776617,
37600600,Filip Markanovic,Lokomotiva Zagreb,Defender,21,Croatia,1.0,14.0,0.0,0.0,0.0,0.0,9.0,55.56,1.0,0.0,1.0,1.0,0.0,0.0,6.94,0.0,0.0,0.0,0.0,0.0,0.0,5.0,2.0,1.0,0.0,0.0,0.0,0.0,0.0,0.0,0.0,0.0,0.0,0.0,0.0,57.85714285714285,6.428571428571429,0.0,0.0,0.0,0.0,0.0,0.0,0.0,0.0,32.142857142857146,12.857142857142858,6.428571428571429,0.0,0.0,0.0,0.0,0.0,0.0,0.0,0.5556,100.0,14.0,0.0,0.0,0.0,40.0,,,,,,,,,,,,4.0,,,47.31337146692811,,,1.4975741891865475,
10276256,Andrej Lazarov,Gorica,Midfielder,26,Macedonia,1.0,13.0,0.0,0.0,0.0,0.0,5.0,80.0,3.0,0.0,3.0,3.0,0.0,0.0,6.83,0.0,0.0,0.0,0.0,0.0,0.0,1.0,0.0,0.0,0.0,0.0,0.0,0.0,0.0,1.0,0.0,0.0,0.0,0.0,0.0,34.61538461538461,20.76923076923077,0.0,0.0,0.0,0.0,0.0,0.0,0.0,0.0,6.923076923076923,0.0,0.0,0.0,0.0,0.0,0.0,100.0,0.0,0.0,0.8,100.0,13.0,0.0,0.0,0.0,0.0,,,,,,,,,,,,0.0,,,44.70718855697045,,,2.8006656441653774,
37596438,Marko Capan,Hajduk Split,Midfielder,22,Croatia,1.0,13.0,0.0,0.0,0.0,0.0,0.0,0.0,0.0,0.0,0.0,0.0,0.0,0.0,,0.0,0.0,0.0,0.0,0.0,0.0,0.0,0.0,0.0,0.0,0.0,0.0,0.0,0.0,0.0,0.0,0.0,0.0,0.0,0.0,0.0,0.0,0.0,0.0,0.0,0.0,0.0,0.0,0.0,0.0,0.0,0.0,0.0,0.0,0.0,0.0,0.0,0.0,0.0,0.0,0.0,0.0,13.0,0.0,0.0,0.0,0.0,,,,,,,,,,,,2.0,,,49.584473497440825,,,0.36202317393019,
37719905,Matija Subotic,Lokomotiva Zagreb,Midfielder,18,Croatia,2.0,10.0,0.0,0.0,0.0,0.0,11.0,54.55,0.0,0.0,2.0,1.0,0.0,0.0,6.26,0.0,0.0,0.0,0.0,0.0,0.0,3.0,0.0,0.0,1.0,1.0,0.0,0.0,0.0,1.0,0.0,0.0,0.0,0.0,0.0,99.0,0.0,0.0,0.0,0.0,0.0,0.0,0.0,0.0,0.0,27.0,0.0,0.0,9.0,9.0,0.0,0.0,50.0,0.0,0.0,0.5455,50.0,5.0,0.0,0.0,0.0,0.0,,,,,,,,,,,,10.0,,,47.31337146692811,,,1.4975741891865475,
37697731,Ivan Kukavica,Lokomotiva Zagreb,Midfielder,22,Croatia,0.0,10.0,0.0,0.0,0.0,0.0,4.0,25.0,0.0,0.0,3.0,1.0,0.0,0.0,6.22,0.0,0.0,0.0,0.0,0.0,0.0,0.0,0.0,0.0,1.0,0.0,0.0,0.0,1.0,0.0,0.0,0.0,0.0,0.0,0.0,36.0,0.0,0.0,0.0,0.0,0.0,0.0,0.0,0.0,0.0,0.0,0.0,0.0,9.0,0.0,0.0,9.0,0.0,0.0,0.0,0.25,33.333333333333336,0.0,0.0,0.0,0.0,0.0,,,,,,,,,,,,2.0,,,47.31337146692811,,,1.4975741891865475,
37540938,Mauro Perkovic,Dinamo Zagreb,Defender,23,Croatia,1.0,8.0,0.0,0.0,0.0,0.0,7.0,100.0,0.0,0.0,0.0,0.0,0.0,0.0,6.73,0.0,0.0,0.0,0.0,0.0,0.0,0.0,0.0,0.0,0.0,1.0,0.0,0.0,0.0,0.0,0.0,0.0,0.0,0.0,0.0,78.75,0.0,0.0,0.0,0.0,0.0,0.0,0.0,0.0,0.0,0.0,0.0,0.0,0.0,11.25,0.0,0.0,0.0,0.0,0.0,1.0,0.0,8.0,0.0,0.0,0.0,0.0,,,,,,,,,,,,0.0,,,63.406236779025285,,,0.0,
37738316,Kresimir Vrbanac,Osijek,Defender,21,,1.0,7.0,0.0,0.0,0.0,0.0,0.0,0.0,0.0,0.0,0.0,0.0,0.0,0.0,6.43,0.0,0.0,0.0,0.0,0.0,0.0,0.0,0.0,0.0,0.0,2.0,0.0,0.0,1.0,0.0,0.0,0.0,0.0,0.0,0.0,0.0,0.0,0.0,0.0,0.0,0.0,0.0,0.0,0.0,0.0,0.0,0.0,0.0,0.0,25.714285714285715,0.0,12.857142857142858,0.0,0.0,0.0,0.0,0.0,7.0,0.0,0.0,0.0,0.0,,,,,,,,,,,,4.0,,,52.198656341043936,,,0.0,
37660078,Luka Jurak,Hajduk Split,Midfielder,20,Croatia,1.0,7.0,0.0,0.0,0.0,0.0,9.0,66.67,2.0,0.0,4.0,2.0,0.0,0.0,6.63,0.0,0.0,1.0,0.0,0.0,0.0,0.0,0.0,0.0,0.0,0.0,0.0,0.0,0.0,0.0,0.0,0.0,0.0,0.0,0.0,115.71428571428572,25.714285714285715,0.0,0.0,0.0,0.0,12.857142857142858,0.0,0.0,0.0,0.0,0.0,0.0,0.0,0.0,0.0,0.0,0.0,0.0,0.0,0.6667000000000001,50.0,7.0,0.0,0.0,0.0,0.0,,,,,,,,,,,,6.0,,,49.584473497440825,,,0.36202317393019,
37786118,Domagoj Ivan Maric,Rijeka,Goalkeeper,20,,1.0,6.0,0.0,0.0,0.0,0.0,8.0,12.5,0.0,0.0,0.0,0.0,0.0,0.0,6.73,0.0,0.0,0.0,0.0,0.0,0.0,8.0,1.0,0.0,0.0,0.0,0.0,0.0,0.0,0.0,0.0,0.0,0.0,0.0,0.0,120.0,0.0,0.0,0.0,0.0,0.0,0.0,0.0,0.0,0.0,120.0,15.0,0.0,0.0,0.0,0.0,0.0,0.0,0.0,0.0,0.125,0.0,6.0,0.0,0.0,0.0,12.5,,,,,,,,,,,,6.0,,,51.55523601085063,,,0.0,
74005,Dino Peric,Dinamo Zagreb,Defender,31,Croatia,1.0,4.0,0.0,0.0,0.0,0.0,0.0,0.0,0.0,0.0,3.0,0.0,0.0,0.0,6.53,0.0,0.0,0.0,0.0,0.0,0.0,0.0,0.0,0.0,0.0,0.0,0.0,0.0,0.0,0.0,0.0,0.0,0.0,0.0,0.0,0.0,0.0,0.0,0.0,0.0,0.0,0.0,0.0,0.0,0.0,0.0,0.0,0.0,0.0,0.0,0.0,0.0,0.0,0.0,0.0,0.0,0.0,4.0,0.0,0.0,0.0,0.0,,,,,,,,,,,,0.0,,,63.406236779025285,,,0.0,
37719909,Patrik Marić,Slaven Koprivnica,Attacker,18,Croatia,2.0,3.0,0.0,0.0,0.0,0.0,3.0,66.67,0.0,0.0,0.0,0.0,0.0,0.0,,0.0,0.0,0.0,0.0,0.0,0.0,1.0,0.0,0.0,0.0,0.0,0.0,0.0,0.0,1.0,0.0,0.0,0.0,0.0,0.0,90.0,0.0,0.0,0.0,0.0,0.0,0.0,0.0,0.0,0.0,30.0,0.0,0.0,0.0,0.0,0.0,0.0,50.0,0.0,0.0,0.6667000000000001,0.0,1.5,0.0,0.0,0.0,0.0,,,,,,,,,,,,10.0,,,51.30896541384557,,,0.0,
37751045,Vito Šegović,Varaždin,,19,,1.0,3.0,0.0,0.0,0.0,0.0,5.0,100.0,0.0,0.0,0.0,0.0,0.0,0.0,,0.0,0.0,0.0,0.0,0.0,0.0,1.0,1.0,0.0,0.0,0.0,0.0,0.0,0.0,0.0,0.0,0.0,0.0,0.0,0.0,150.0,0.0,0.0,0.0,0.0,0.0,0.0,0.0,0.0,0.0,30.0,30.0,0.0,0.0,0.0,0.0,0.0,0.0,0.0,0.0,1.0,0.0,3.0,0.0,0.0,0.0,100.0,,,,,,,,,,,,8.0,,,48.29913047958605,,,1.0046946828575791,
37904235,Marko Aščić,Slaven Koprivnica,Attacker,19,,3.0,3.0,0.0,0.0,0.0,0.0,5.0,80.0,0.0,0.0,4.0,3.0,0.0,0.0,,0.0,0.0,0.0,3.0,0.0,0.0,0.0,0.0,0.0,0.0,0.0,0.0,0.0,0.0,1.0,0.0,0.0,0.0,0.0,0.0,150.0,0.0,0.0,0.0,0.0,0.0,0.0,90.0,0.0,0.0,0.0,0.0,0.0,0.0,0.0,0.0,0.0,33.333333333333336,0.0,0.0,0.8,75.0,1.0,0.0,0.0,0.0,0.0,,,,,,,,,,,,8.0,,,51.30896541384557,,,0.0,
37719907,Mislav Ćutuk,Dinamo Zagreb,Attacker,19,Croatia,1.0,2.0,0.0,0.0,0.0,0.0,0.0,0.0,0.0,0.0,0.0,0.0,0.0,0.0,6.63,0.0,0.0,0.0,0.0,0.0,0.0,0.0,0.0,0.0,0.0,1.0,0.0,0.0,1.0,0.0,0.0,0.0,0.0,0.0,0.0,0.0,0.0,0.0,0.0,0.0,0.0,0.0,0.0,0.0,0.0,0.0,0.0,0.0,0.0,45.0,0.0,45.0,0.0,0.0,0.0,0.0,0.0,2.0,0.0,0.0,0.0,0.0,,,,,,,,,,,,8.0,,,63.406236779025285,,,0.0,
37259124,David Mistrafovic,Varaždin,Midfielder,25,Switzerland,1.0,1.0,0.0,0.0,0.0,0.0,0.0,0.0,0.0,0.0,0.0,0.0,0.0,0.0,,0.0,0.0,0.0,0.0,1.0,0.0,0.0,0.0,0.0,0.0,0.0,0.0,0.0,0.0,1.0,0.0,0.0,0.0,0.0,0.0,0.0,0.0,0.0,0.0,0.0,0.0,0.0,0.0,90.0,0.0,0.0,0.0,0.0,0.0,0.0,0.0,0.0,100.0,0.0,0.0,0.0,0.0,1.0,0.0,0.0,0.0,0.0,,,,,,,,,,,,0.0,,,48.29913047958605,,,1.0046946828575791,
37634148,Bruno Burcul,Rijeka,Midfielder,21,Croatia,1.0,1.0,0.0,0.0,0.0,0.0,0.0,0.0,0.0,0.0,0.0,0.0,0.0,0.0,,0.0,0.0,0.0,0.0,0.0,0.0,0.0,0.0,0.0,0.0,0.0,0.0,0.0,0.0,0.0,0.0,0.0,0.0,0.0,0.0,0.0,0.0,0.0,0.0,0.0,0.0,0.0,0.0,0.0,0.0,0.0,0.0,0.0,0.0,0.0,0.0,0.0,0.0,0.0,0.0,0.0,0.0,1.0,0.0,0.0,0.0,0.0,,,,,,,,,,,,4.0,,,51.55523601085063,,,0.0,
37728377,Ivan Barić,Osijek,Attacker,19,Croatia,1.0,1.0,0.0,0.0,0.0,0.0,1.0,100.0,0.0,0.0,1.0,1.0,0.0,0.0,,0.0,0.0,0.0,0.0,0.0,0.0,0.0,0.0,0.0,1.0,0.0,0.0,0.0,0.0,0.0,0.0,0.0,0.0,0.0,0.0,90.0,0.0,0.0,0.0,0.0,0.0,0.0,0.0,0.0,0.0,0.0,0.0,0.0,90.0,0.0,0.0,0.0,0.0,0.0,0.0,1.0,100.0,1.0,0.0,0.0,0.0,0.0,,,,,,,,,,,,8.0,,,52.198656341043936,,,0.0,
